
===== Java CloudSim Plus Genetic Algorithm =====
[[1;34mINFO[m] Scanning for projects...
[[1;34mINFO[m] 
[[1;34mINFO[m] [1m----------------------< [0;36mid.its:cloudsim-plus-ga[0;1m >-----------------------[m
[[1;34mINFO[m] [1mBuilding cloudsim-plus-ga 1.0-SNAPSHOT[m
[[1;34mINFO[m] [1m--------------------------------[ jar ]---------------------------------[m
[[1;34mINFO[m] 
[[1;34mINFO[m] [1m--- [0;32mmaven-resources-plugin:2.6:resources[m [1m(default-resources)[m @ [36mcloudsim-plus-ga[0;1m ---[m
[[1;34mINFO[m] Using 'UTF-8' encoding to copy filtered resources.
[[1;34mINFO[m] skip non existing resourceDirectory /home/shen/IT_ITS/GA_task_Scheduling_Simulator/cloudsim-plus-ga/src/main/resources
[[1;34mINFO[m] 
[[1;34mINFO[m] [1m--- [0;32mmaven-compiler-plugin:3.13.0:compile[m [1m(default-compile)[m @ [36mcloudsim-plus-ga[0;1m ---[m
[[1;34mINFO[m] Nothing to compile - all classes are up to date.
[[1;34mINFO[m] 
[[1;34mINFO[m] [1m--- [0;32mexec-maven-plugin:3.5.0:java[m [1m(default-cli)[m @ [36mcloudsim-plus-ga[0;1m ---[m

=================================================
 GENETIC ALGORITHM - CLOUDSIM PLUS
 Cloud Task Scheduling
=================================================

Dataset loaded: 100 tasks

Datacenter created.
Hosts: 4
VM1: 2 PE, 1000 MIPS, 4096 MB RAM
VM2: 2 PE, 1000 MIPS, 4096 MB RAM
VM3: 4 PE, 1500 MIPS, 8192 MB RAM
VM4: 4 PE, 1500 MIPS, 8192 MB RAM
VM5: 4 PE, 2000 MIPS, 8192 MB RAM
VM6: 4 PE, 2000 MIPS, 8192 MB RAM
VM7: 8 PE, 2500 MIPS, 16384 MB RAM
VM8: 8 PE, 2500 MIPS, 16384 MB RAM

Starting Genetic Algorithm...

Generation 01 | Best Fitness = 0.887997 | Makespan = 106.2500 | Energy = 105851.9986
Generation 02 | Best Fitness = 0.835807 | Makespan = 82.8125 | Energy = 116145.4389
Generation 03 | Best Fitness = 0.835807 | Makespan = 82.8125 | Energy = 116145.4389
Generation 04 | Best Fitness = 0.823991 | Makespan = 77.0833 | Energy = 118881.9285
Generation 05 | Best Fitness = 0.823991 | Makespan = 77.0833 | Energy = 118881.9285
Generation 06 | Best Fitness = 0.823991 | Makespan = 77.0833 | Energy = 118881.9285
Generation 07 | Best Fitness = 0.823991 | Makespan = 77.0833 | Energy = 118881.9285
Generation 08 | Best Fitness = 0.814333 | Makespan = 79.6875 | Energy = 114119.4104
Generation 09 | Best Fitness = 0.814333 | Makespan = 79.6875 | Energy = 114119.4104
Generation 10 | Best Fitness = 0.814333 | Makespan = 79.6875 | Energy = 114119.4104
Generation 11 | Best Fitness = 0.812660 | Makespan = 81.2500 | Energy = 112226.7535
Generation 12 | Best Fitness = 0.812660 | Makespan = 81.2500 | Energy = 112226.7535
Generation 13 | Best Fitness = 0.812660 | Makespan = 81.2500 | Energy = 112226.7535
Generation 14 | Best Fitness = 0.809639 | Makespan = 79.6875 | Energy = 113020.2546
Generation 15 | Best Fitness = 0.809639 | Makespan = 79.6875 | Energy = 113020.2546
Generation 16 | Best Fitness = 0.809639 | Makespan = 79.6875 | Energy = 113020.2546
Generation 17 | Best Fitness = 0.807143 | Makespan = 84.6875 | Energy = 107633.0745
Generation 18 | Best Fitness = 0.805516 | Makespan = 76.5625 | Energy = 115056.6142
Generation 19 | Best Fitness = 0.805516 | Makespan = 76.5625 | Energy = 115056.6142
Generation 20 | Best Fitness = 0.800501 | Makespan = 83.4375 | Energy = 107278.7219
Generation 21 | Best Fitness = 0.800501 | Makespan = 83.4375 | Energy = 107278.7219
Generation 22 | Best Fitness = 0.800501 | Makespan = 83.4375 | Energy = 107278.7219
Generation 23 | Best Fitness = 0.796907 | Makespan = 80.0000 | Energy = 109739.0310
Generation 24 | Best Fitness = 0.796096 | Makespan = 78.7500 | Energy = 110749.8496
Generation 25 | Best Fitness = 0.796096 | Makespan = 78.7500 | Energy = 110749.8496
Generation 26 | Best Fitness = 0.796096 | Makespan = 78.7500 | Energy = 110749.8496
Generation 27 | Best Fitness = 0.796096 | Makespan = 78.7500 | Energy = 110749.8496
Generation 28 | Best Fitness = 0.796096 | Makespan = 78.7500 | Energy = 110749.8496
Generation 29 | Best Fitness = 0.794970 | Makespan = 82.5000 | Energy = 106884.2777
Generation 30 | Best Fitness = 0.794970 | Makespan = 82.5000 | Energy = 106884.2777
Generation 31 | Best Fitness = 0.794970 | Makespan = 82.5000 | Energy = 106884.2777
Generation 32 | Best Fitness = 0.794970 | Makespan = 82.5000 | Energy = 106884.2777
Generation 33 | Best Fitness = 0.794970 | Makespan = 82.5000 | Energy = 106884.2777
Generation 34 | Best Fitness = 0.794970 | Makespan = 82.5000 | Energy = 106884.2777
Generation 35 | Best Fitness = 0.794970 | Makespan = 82.5000 | Energy = 106884.2777
Generation 36 | Best Fitness = 0.794970 | Makespan = 82.5000 | Energy = 106884.2777
Generation 37 | Best Fitness = 0.794970 | Makespan = 82.5000 | Energy = 106884.2777
Generation 38 | Best Fitness = 0.794970 | Makespan = 82.5000 | Energy = 106884.2777
Generation 39 | Best Fitness = 0.794970 | Makespan = 82.5000 | Energy = 106884.2777
Generation 40 | Best Fitness = 0.794970 | Makespan = 82.5000 | Energy = 106884.2777
Generation 41 | Best Fitness = 0.794970 | Makespan = 82.5000 | Energy = 106884.2777
Generation 42 | Best Fitness = 0.794970 | Makespan = 82.5000 | Energy = 106884.2777
Generation 43 | Best Fitness = 0.794776 | Makespan = 81.2500 | Energy = 108039.4965
Generation 44 | Best Fitness = 0.794776 | Makespan = 81.2500 | Energy = 108039.4965
Generation 45 | Best Fitness = 0.794776 | Makespan = 81.2500 | Energy = 108039.4965
Generation 46 | Best Fitness = 0.793755 | Makespan = 83.4375 | Energy = 105699.3277
Generation 47 | Best Fitness = 0.793755 | Makespan = 83.4375 | Energy = 105699.3277
Generation 48 | Best Fitness = 0.793755 | Makespan = 83.4375 | Energy = 105699.3277
Generation 49 | Best Fitness = 0.793682 | Makespan = 80.0000 | Energy = 108983.9871
Generation 50 | Best Fitness = 0.793682 | Makespan = 80.0000 | Energy = 108983.9871

=================================================
 BEST GA SOLUTION
=================================================
Best Fitness : 0.792023
Estimated Makespan : 80.0000 s
Estimated Energy   : 108595.6351 J

Applying GA mapping to CloudSim Plus...
Mapping applied successfully.

Starting CloudSim Plus simulation...
[34mINFO  
================== Starting CloudSim Plus 7.3.3 ==================

[0;39m[34mINFO  0.00: DatacenterSimple1 is starting...
[0;39m[34mINFO  DatacenterBrokerSimple2 is starting...
[0;39m[34mINFO  Entities started.
[0;39m[34mINFO  0.00: DatacenterBrokerSimple2: List of 1 datacenters(s) received.
[0;39m[34mINFO  0.00: DatacenterBrokerSimple2: Trying to create Vm 0 in DatacenterSimple1
[0;39m[34mINFO  0.00: DatacenterBrokerSimple2: Trying to create Vm 1 in DatacenterSimple1
[0;39m[34mINFO  0.00: DatacenterBrokerSimple2: Trying to create Vm 2 in DatacenterSimple1
[0;39m[34mINFO  0.00: DatacenterBrokerSimple2: Trying to create Vm 3 in DatacenterSimple1
[0;39m[34mINFO  0.00: DatacenterBrokerSimple2: Trying to create Vm 4 in DatacenterSimple1
[0;39m[34mINFO  0.00: DatacenterBrokerSimple2: Trying to create Vm 5 in DatacenterSimple1
[0;39m[34mINFO  0.00: DatacenterBrokerSimple2: Trying to create Vm 6 in DatacenterSimple1
[0;39m[34mINFO  0.00: DatacenterBrokerSimple2: Trying to create Vm 7 in DatacenterSimple1
[0;39m[34mINFO  0.00: VmAllocationPolicyRoundRobin: Vm 0 has been allocated to Host 0/DC 1
[0;39m[34mINFO  0.00: VmAllocationPolicyRoundRobin: Vm 1 has been allocated to Host 1/DC 1
[0;39m[34mINFO  0.00: VmAllocationPolicyRoundRobin: Vm 2 has been allocated to Host 2/DC 1
[0;39m[34mINFO  0.00: VmAllocationPolicyRoundRobin: Vm 3 has been allocated to Host 3/DC 1
[0;39m[34mINFO  0.00: VmAllocationPolicyRoundRobin: Vm 4 has been allocated to Host 0/DC 1
[0;39m[34mINFO  0.00: VmAllocationPolicyRoundRobin: Vm 5 has been allocated to Host 1/DC 1
[0;39m[34mINFO  0.00: VmAllocationPolicyRoundRobin: Vm 6 has been allocated to Host 2/DC 1
[0;39m[34mINFO  0.00: VmAllocationPolicyRoundRobin: Vm 7 has been allocated to Host 3/DC 1
[0;39m[34mINFO  0.10: DatacenterBrokerSimple2: Sending Cloudlet 0 to Vm 5 in Host 1/DC 1.
[0;39m[34mINFO  0.10: DatacenterBrokerSimple2: Sending Cloudlet 1 to Vm 7 in Host 3/DC 1.
[0;39m[34mINFO  0.10: DatacenterBrokerSimple2: Sending Cloudlet 2 to Vm 2 in Host 2/DC 1.
[0;39m[34mINFO  0.10: DatacenterBrokerSimple2: Sending Cloudlet 3 to Vm 3 in Host 3/DC 1.
[0;39m[34mINFO  0.10: DatacenterBrokerSimple2: Sending Cloudlet 4 to Vm 2 in Host 2/DC 1.
[0;39m[34mINFO  0.10: DatacenterBrokerSimple2: Sending Cloudlet 5 to Vm 3 in Host 3/DC 1.
[0;39m[34mINFO  0.10: DatacenterBrokerSimple2: Sending Cloudlet 6 to Vm 4 in Host 0/DC 1.
[0;39m[34mINFO  0.10: DatacenterBrokerSimple2: Sending Cloudlet 7 to Vm 3 in Host 3/DC 1.
[0;39m[34mINFO  0.10: DatacenterBrokerSimple2: Sending Cloudlet 8 to Vm 6 in Host 2/DC 1.
[0;39m[34mINFO  0.10: DatacenterBrokerSimple2: Sending Cloudlet 9 to Vm 2 in Host 2/DC 1.
[0;39m[34mINFO  0.10: DatacenterBrokerSimple2: Sending Cloudlet 10 to Vm 3 in Host 3/DC 1.
[0;39m[34mINFO  0.10: DatacenterBrokerSimple2: Sending Cloudlet 11 to Vm 5 in Host 1/DC 1.
[0;39m[34mINFO  0.10: DatacenterBrokerSimple2: Sending Cloudlet 12 to Vm 6 in Host 2/DC 1.
[0;39m[34mINFO  0.10: DatacenterBrokerSimple2: Sending Cloudlet 13 to Vm 0 in Host 0/DC 1.
[0;39m[34mINFO  0.10: DatacenterBrokerSimple2: Sending Cloudlet 14 to Vm 7 in Host 3/DC 1.
[0;39m[34mINFO  0.10: DatacenterBrokerSimple2: Sending Cloudlet 15 to Vm 1 in Host 1/DC 1.
[0;39m[34mINFO  0.10: DatacenterBrokerSimple2: Sending Cloudlet 16 to Vm 6 in Host 2/DC 1.
[0;39m[34mINFO  0.10: DatacenterBrokerSimple2: Sending Cloudlet 17 to Vm 4 in Host 0/DC 1.
[0;39m[34mINFO  0.10: DatacenterBrokerSimple2: Sending Cloudlet 18 to Vm 7 in Host 3/DC 1.
[0;39m[34mINFO  0.10: DatacenterBrokerSimple2: Sending Cloudlet 19 to Vm 7 in Host 3/DC 1.
[0;39m[34mINFO  0.10: DatacenterBrokerSimple2: Sending Cloudlet 20 to Vm 5 in Host 1/DC 1.
[0;39m[34mINFO  0.10: DatacenterBrokerSimple2: Sending Cloudlet 21 to Vm 0 in Host 0/DC 1.
[0;39m[34mINFO  0.10: DatacenterBrokerSimple2: Sending Cloudlet 22 to Vm 7 in Host 3/DC 1.
[0;39m[34mINFO  0.10: DatacenterBrokerSimple2: Sending Cloudlet 23 to Vm 6 in Host 2/DC 1.
[0;39m[34mINFO  0.10: DatacenterBrokerSimple2: Sending Cloudlet 24 to Vm 4 in Host 0/DC 1.
[0;39m[34mINFO  0.10: DatacenterBrokerSimple2: Sending Cloudlet 25 to Vm 6 in Host 2/DC 1.
[0;39m[34mINFO  0.10: DatacenterBrokerSimple2: Sending Cloudlet 26 to Vm 3 in Host 3/DC 1.
[0;39m[34mINFO  0.10: DatacenterBrokerSimple2: Sending Cloudlet 27 to Vm 7 in Host 3/DC 1.
[0;39m[34mINFO  0.10: DatacenterBrokerSimple2: Sending Cloudlet 28 to Vm 4 in Host 0/DC 1.
[0;39m[34mINFO  0.10: DatacenterBrokerSimple2: Sending Cloudlet 29 to Vm 4 in Host 0/DC 1.
[0;39m[34mINFO  0.10: DatacenterBrokerSimple2: Sending Cloudlet 30 to Vm 7 in Host 3/DC 1.
[0;39m[34mINFO  0.10: DatacenterBrokerSimple2: Sending Cloudlet 31 to Vm 1 in Host 1/DC 1.
[0;39m[34mINFO  0.10: DatacenterBrokerSimple2: Sending Cloudlet 32 to Vm 0 in Host 0/DC 1.
[0;39m[34mINFO  0.10: DatacenterBrokerSimple2: Sending Cloudlet 33 to Vm 7 in Host 3/DC 1.
[0;39m[34mINFO  0.10: DatacenterBrokerSimple2: Sending Cloudlet 34 to Vm 7 in Host 3/DC 1.
[0;39m[34mINFO  0.10: DatacenterBrokerSimple2: Sending Cloudlet 35 to Vm 2 in Host 2/DC 1.
[0;39m[34mINFO  0.10: DatacenterBrokerSimple2: Sending Cloudlet 36 to Vm 6 in Host 2/DC 1.
[0;39m[34mINFO  0.10: DatacenterBrokerSimple2: Sending Cloudlet 37 to Vm 2 in Host 2/DC 1.
[0;39m[34mINFO  0.10: DatacenterBrokerSimple2: Sending Cloudlet 38 to Vm 3 in Host 3/DC 1.
[0;39m[34mINFO  0.10: DatacenterBrokerSimple2: Sending Cloudlet 39 to Vm 1 in Host 1/DC 1.
[0;39m[34mINFO  0.10: DatacenterBrokerSimple2: Sending Cloudlet 40 to Vm 3 in Host 3/DC 1.
[0;39m[34mINFO  0.10: DatacenterBrokerSimple2: Sending Cloudlet 41 to Vm 7 in Host 3/DC 1.
[0;39m[34mINFO  0.10: DatacenterBrokerSimple2: Sending Cloudlet 42 to Vm 2 in Host 2/DC 1.
[0;39m[34mINFO  0.10: DatacenterBrokerSimple2: Sending Cloudlet 43 to Vm 4 in Host 0/DC 1.
[0;39m[34mINFO  0.10: DatacenterBrokerSimple2: Sending Cloudlet 44 to Vm 4 in Host 0/DC 1.
[0;39m[34mINFO  0.10: DatacenterBrokerSimple2: Sending Cloudlet 45 to Vm 5 in Host 1/DC 1.
[0;39m[34mINFO  0.10: DatacenterBrokerSimple2: Sending Cloudlet 46 to Vm 7 in Host 3/DC 1.
[0;39m[34mINFO  0.10: DatacenterBrokerSimple2: Sending Cloudlet 47 to Vm 2 in Host 2/DC 1.
[0;39m[34mINFO  0.10: DatacenterBrokerSimple2: Sending Cloudlet 48 to Vm 4 in Host 0/DC 1.
[0;39m[34mINFO  0.10: DatacenterBrokerSimple2: Sending Cloudlet 49 to Vm 7 in Host 3/DC 1.
[0;39m[34mINFO  0.10: DatacenterBrokerSimple2: Sending Cloudlet 50 to Vm 6 in Host 2/DC 1.
[0;39m[34mINFO  0.10: DatacenterBrokerSimple2: Sending Cloudlet 51 to Vm 6 in Host 2/DC 1.
[0;39m[34mINFO  0.10: DatacenterBrokerSimple2: Sending Cloudlet 52 to Vm 3 in Host 3/DC 1.
[0;39m[34mINFO  0.10: DatacenterBrokerSimple2: Sending Cloudlet 53 to Vm 5 in Host 1/DC 1.
[0;39m[34mINFO  0.10: DatacenterBrokerSimple2: Sending Cloudlet 54 to Vm 2 in Host 2/DC 1.
[0;39m[34mINFO  0.10: DatacenterBrokerSimple2: Sending Cloudlet 55 to Vm 1 in Host 1/DC 1.
[0;39m[34mINFO  0.10: DatacenterBrokerSimple2: Sending Cloudlet 56 to Vm 5 in Host 1/DC 1.
[0;39m[34mINFO  0.10: DatacenterBrokerSimple2: Sending Cloudlet 57 to Vm 5 in Host 1/DC 1.
[0;39m[34mINFO  0.10: DatacenterBrokerSimple2: Sending Cloudlet 58 to Vm 5 in Host 1/DC 1.
[0;39m[34mINFO  0.10: DatacenterBrokerSimple2: Sending Cloudlet 59 to Vm 6 in Host 2/DC 1.
[0;39m[34mINFO  0.10: DatacenterBrokerSimple2: Sending Cloudlet 60 to Vm 7 in Host 3/DC 1.
[0;39m[34mINFO  0.10: DatacenterBrokerSimple2: Sending Cloudlet 61 to Vm 3 in Host 3/DC 1.
[0;39m[34mINFO  0.10: DatacenterBrokerSimple2: Sending Cloudlet 62 to Vm 5 in Host 1/DC 1.
[0;39m[34mINFO  0.10: DatacenterBrokerSimple2: Sending Cloudlet 63 to Vm 6 in Host 2/DC 1.
[0;39m[34mINFO  0.10: DatacenterBrokerSimple2: Sending Cloudlet 64 to Vm 4 in Host 0/DC 1.
[0;39m[34mINFO  0.10: DatacenterBrokerSimple2: Sending Cloudlet 65 to Vm 4 in Host 0/DC 1.
[0;39m[34mINFO  0.10: DatacenterBrokerSimple2: Sending Cloudlet 66 to Vm 0 in Host 0/DC 1.
[0;39m[34mINFO  0.10: DatacenterBrokerSimple2: Sending Cloudlet 67 to Vm 0 in Host 0/DC 1.
[0;39m[34mINFO  0.10: DatacenterBrokerSimple2: Sending Cloudlet 68 to Vm 6 in Host 2/DC 1.
[0;39m[34mINFO  0.10: DatacenterBrokerSimple2: Sending Cloudlet 69 to Vm 4 in Host 0/DC 1.
[0;39m[34mINFO  0.10: DatacenterBrokerSimple2: Sending Cloudlet 70 to Vm 7 in Host 3/DC 1.
[0;39m[34mINFO  0.10: DatacenterBrokerSimple2: Sending Cloudlet 71 to Vm 7 in Host 3/DC 1.
[0;39m[34mINFO  0.10: DatacenterBrokerSimple2: Sending Cloudlet 72 to Vm 3 in Host 3/DC 1.
[0;39m[34mINFO  0.10: DatacenterBrokerSimple2: Sending Cloudlet 73 to Vm 4 in Host 0/DC 1.
[0;39m[34mINFO  0.10: DatacenterBrokerSimple2: Sending Cloudlet 74 to Vm 7 in Host 3/DC 1.
[0;39m[34mINFO  0.10: DatacenterBrokerSimple2: Sending Cloudlet 75 to Vm 4 in Host 0/DC 1.
[0;39m[34mINFO  0.10: DatacenterBrokerSimple2: Sending Cloudlet 76 to Vm 4 in Host 0/DC 1.
[0;39m[34mINFO  0.10: DatacenterBrokerSimple2: Sending Cloudlet 77 to Vm 5 in Host 1/DC 1.
[0;39m[34mINFO  0.10: DatacenterBrokerSimple2: Sending Cloudlet 78 to Vm 6 in Host 2/DC 1.
[0;39m[34mINFO  0.10: DatacenterBrokerSimple2: Sending Cloudlet 79 to Vm 6 in Host 2/DC 1.
[0;39m[34mINFO  0.10: DatacenterBrokerSimple2: Sending Cloudlet 80 to Vm 4 in Host 0/DC 1.
[0;39m[34mINFO  0.10: DatacenterBrokerSimple2: Sending Cloudlet 81 to Vm 6 in Host 2/DC 1.
[0;39m[34mINFO  0.10: DatacenterBrokerSimple2: Sending Cloudlet 82 to Vm 6 in Host 2/DC 1.
[0;39m[34mINFO  0.10: DatacenterBrokerSimple2: Sending Cloudlet 83 to Vm 1 in Host 1/DC 1.
[0;39m[34mINFO  0.10: DatacenterBrokerSimple2: Sending Cloudlet 84 to Vm 6 in Host 2/DC 1.
[0;39m[34mINFO  0.10: DatacenterBrokerSimple2: Sending Cloudlet 85 to Vm 3 in Host 3/DC 1.
[0;39m[34mINFO  0.10: DatacenterBrokerSimple2: Sending Cloudlet 86 to Vm 7 in Host 3/DC 1.
[0;39m[34mINFO  0.10: DatacenterBrokerSimple2: Sending Cloudlet 87 to Vm 1 in Host 1/DC 1.
[0;39m[34mINFO  0.10: DatacenterBrokerSimple2: Sending Cloudlet 88 to Vm 2 in Host 2/DC 1.
[0;39m[34mINFO  0.10: DatacenterBrokerSimple2: Sending Cloudlet 89 to Vm 7 in Host 3/DC 1.
[0;39m[34mINFO  0.10: DatacenterBrokerSimple2: Sending Cloudlet 90 to Vm 5 in Host 1/DC 1.
[0;39m[34mINFO  0.10: DatacenterBrokerSimple2: Sending Cloudlet 91 to Vm 0 in Host 0/DC 1.
[0;39m[34mINFO  0.10: DatacenterBrokerSimple2: Sending Cloudlet 92 to Vm 0 in Host 0/DC 1.
[0;39m[34mINFO  0.10: DatacenterBrokerSimple2: Sending Cloudlet 93 to Vm 4 in Host 0/DC 1.
[0;39m[34mINFO  0.10: DatacenterBrokerSimple2: Sending Cloudlet 94 to Vm 1 in Host 1/DC 1.
[0;39m[34mINFO  0.10: DatacenterBrokerSimple2: Sending Cloudlet 95 to Vm 1 in Host 1/DC 1.
[0;39m[34mINFO  0.10: DatacenterBrokerSimple2: Sending Cloudlet 96 to Vm 5 in Host 1/DC 1.
[0;39m[34mINFO  0.10: DatacenterBrokerSimple2: Sending Cloudlet 97 to Vm 2 in Host 2/DC 1.
[0;39m[34mINFO  0.10: DatacenterBrokerSimple2: Sending Cloudlet 98 to Vm 6 in Host 2/DC 1.
[0;39m[34mINFO  0.10: DatacenterBrokerSimple2: Sending Cloudlet 99 to Vm 3 in Host 3/DC 1.
[0;39m[34mINFO  0.10: DatacenterBrokerSimple2: All 100 waiting Cloudlets submitted to some VM.
[0;39m[31mWARN  1.35: CloudletSchedulerTimeShared: Cloudlet 66 requested 1127 MB of Ram but just 1024 was available. Using Virtual Memory, which delays Cloudlet processing.
[0;39m[31mWARN  1.35: CloudletSchedulerTimeShared: Cloudlet 67 requested 1024 MB of Ram but no amount is available.. Using Virtual Memory, which delays Cloudlet processing.
[0;39m[31mWARN  1.35: CloudletSchedulerTimeShared: Cloudlet 91 requested 1024 MB of Ram but no amount is available.. Using Virtual Memory, which delays Cloudlet processing.
[0;39m[31mWARN  1.35: CloudletSchedulerTimeShared: Cloudlet 92 requested 1024 MB of Ram but no amount is available.. Using Virtual Memory, which delays Cloudlet processing.
[0;39m[31mWARN  1.35: CloudletSchedulerTimeShared: Cloudlet 44 requested 5498 MB of Ram but just 300 was available. Using Virtual Memory, which delays Cloudlet processing.
[0;39m[31mWARN  1.35: CloudletSchedulerTimeShared: Cloudlet 48 requested 1024 MB of Ram but no amount is available.. Using Virtual Memory, which delays Cloudlet processing.
[0;39m[31mWARN  1.35: CloudletSchedulerTimeShared: Cloudlet 64 requested 1649 MB of Ram but no amount is available.. Using Virtual Memory, which delays Cloudlet processing.
[0;39m[31mWARN  1.35: CloudletSchedulerTimeShared: Cloudlet 65 requested 4398 MB of Ram but no amount is available.. Using Virtual Memory, which delays Cloudlet processing.
[0;39m[31mWARN  1.35: CloudletSchedulerTimeShared: Cloudlet 69 requested 1649 MB of Ram but no amount is available.. Using Virtual Memory, which delays Cloudlet processing.
[0;39m[31mWARN  1.35: CloudletSchedulerTimeShared: Cloudlet 73 requested 1024 MB of Ram but no amount is available.. Using Virtual Memory, which delays Cloudlet processing.
[0;39m[31mWARN  1.35: CloudletSchedulerTimeShared: Cloudlet 75 requested 1649 MB of Ram but no amount is available.. Using Virtual Memory, which delays Cloudlet processing.
[0;39m[31mWARN  1.35: CloudletSchedulerTimeShared: Cloudlet 76 requested 1649 MB of Ram but no amount is available.. Using Virtual Memory, which delays Cloudlet processing.
[0;39m[31mWARN  1.35: CloudletSchedulerTimeShared: Cloudlet 80 requested 1024 MB of Ram but no amount is available.. Using Virtual Memory, which delays Cloudlet processing.
[0;39m[31mWARN  1.35: CloudletSchedulerTimeShared: Cloudlet 93 requested 1024 MB of Ram but no amount is available.. Using Virtual Memory, which delays Cloudlet processing.
[0;39m[31mWARN  1.35: CloudletSchedulerTimeShared: Cloudlet 83 requested 1024 MB of Ram but no amount is available.. Using Virtual Memory, which delays Cloudlet processing.
[0;39m[31mWARN  1.35: CloudletSchedulerTimeShared: Cloudlet 87 requested 1024 MB of Ram but no amount is available.. Using Virtual Memory, which delays Cloudlet processing.
[0;39m[31mWARN  1.35: CloudletSchedulerTimeShared: Cloudlet 94 requested 1024 MB of Ram but no amount is available.. Using Virtual Memory, which delays Cloudlet processing.
[0;39m[31mWARN  1.35: CloudletSchedulerTimeShared: Cloudlet 95 requested 1024 MB of Ram but no amount is available.. Using Virtual Memory, which delays Cloudlet processing.
[0;39m[31mWARN  1.35: CloudletSchedulerTimeShared: Cloudlet 57 requested 1024 MB of Ram but just 798 was available. Using Virtual Memory, which delays Cloudlet processing.
[0;39m[31mWARN  1.35: CloudletSchedulerTimeShared: Cloudlet 58 requested 1649 MB of Ram but no amount is available.. Using Virtual Memory, which delays Cloudlet processing.
[0;39m[31mWARN  1.35: CloudletSchedulerTimeShared: Cloudlet 62 requested 1649 MB of Ram but no amount is available.. Using Virtual Memory, which delays Cloudlet processing.
[0;39m[31mWARN  1.35: CloudletSchedulerTimeShared: Cloudlet 77 requested 1317 MB of Ram but no amount is available.. Using Virtual Memory, which delays Cloudlet processing.
[0;39m[31mWARN  1.35: CloudletSchedulerTimeShared: Cloudlet 90 requested 1024 MB of Ram but no amount is available.. Using Virtual Memory, which delays Cloudlet processing.
[0;39m[31mWARN  1.35: CloudletSchedulerTimeShared: Cloudlet 96 requested 1024 MB of Ram but no amount is available.. Using Virtual Memory, which delays Cloudlet processing.
[0;39m[31mWARN  1.35: CloudletSchedulerTimeShared: Cloudlet 47 requested 1649 MB of Ram but just 1423 was available. Using Virtual Memory, which delays Cloudlet processing.
[0;39m[31mWARN  1.35: CloudletSchedulerTimeShared: Cloudlet 54 requested 1024 MB of Ram but no amount is available.. Using Virtual Memory, which delays Cloudlet processing.
[0;39m[31mWARN  1.35: CloudletSchedulerTimeShared: Cloudlet 88 requested 1024 MB of Ram but no amount is available.. Using Virtual Memory, which delays Cloudlet processing.
[0;39m[31mWARN  1.35: CloudletSchedulerTimeShared: Cloudlet 97 requested 1024 MB of Ram but no amount is available.. Using Virtual Memory, which delays Cloudlet processing.
[0;39m[31mWARN  1.35: CloudletSchedulerTimeShared: Cloudlet 63 requested 1024 MB of Ram but just 819 was available. Using Virtual Memory, which delays Cloudlet processing.
[0;39m[31mWARN  1.35: CloudletSchedulerTimeShared: Cloudlet 68 requested 1024 MB of Ram but no amount is available.. Using Virtual Memory, which delays Cloudlet processing.
[0;39m[31mWARN  1.35: CloudletSchedulerTimeShared: Cloudlet 78 requested 1024 MB of Ram but no amount is available.. Using Virtual Memory, which delays Cloudlet processing.
[0;39m[31mWARN  1.35: CloudletSchedulerTimeShared: Cloudlet 79 requested 1024 MB of Ram but no amount is available.. Using Virtual Memory, which delays Cloudlet processing.
[0;39m[31mWARN  1.35: CloudletSchedulerTimeShared: Cloudlet 81 requested 5498 MB of Ram but no amount is available.. Using Virtual Memory, which delays Cloudlet processing.
[0;39m[31mWARN  1.35: CloudletSchedulerTimeShared: Cloudlet 82 requested 1024 MB of Ram but no amount is available.. Using Virtual Memory, which delays Cloudlet processing.
[0;39m[31mWARN  1.35: CloudletSchedulerTimeShared: Cloudlet 84 requested 1024 MB of Ram but no amount is available.. Using Virtual Memory, which delays Cloudlet processing.
[0;39m[31mWARN  1.35: CloudletSchedulerTimeShared: Cloudlet 98 requested 1024 MB of Ram but no amount is available.. Using Virtual Memory, which delays Cloudlet processing.
[0;39m[31mWARN  1.35: CloudletSchedulerTimeShared: Cloudlet 10 requested 1024 MB of Ram but just 646 was available. Using Virtual Memory, which delays Cloudlet processing.
[0;39m[31mWARN  1.35: CloudletSchedulerTimeShared: Cloudlet 26 requested 1024 MB of Ram but no amount is available.. Using Virtual Memory, which delays Cloudlet processing.
[0;39m[31mWARN  1.35: CloudletSchedulerTimeShared: Cloudlet 38 requested 1024 MB of Ram but no amount is available.. Using Virtual Memory, which delays Cloudlet processing.
[0;39m[31mWARN  1.35: CloudletSchedulerTimeShared: Cloudlet 40 requested 1024 MB of Ram but no amount is available.. Using Virtual Memory, which delays Cloudlet processing.
[0;39m[31mWARN  1.35: CloudletSchedulerTimeShared: Cloudlet 52 requested 1649 MB of Ram but no amount is available.. Using Virtual Memory, which delays Cloudlet processing.
[0;39m[31mWARN  1.35: CloudletSchedulerTimeShared: Cloudlet 61 requested 1024 MB of Ram but no amount is available.. Using Virtual Memory, which delays Cloudlet processing.
[0;39m[31mWARN  1.35: CloudletSchedulerTimeShared: Cloudlet 72 requested 1024 MB of Ram but no amount is available.. Using Virtual Memory, which delays Cloudlet processing.
[0;39m[31mWARN  1.35: CloudletSchedulerTimeShared: Cloudlet 85 requested 1649 MB of Ram but no amount is available.. Using Virtual Memory, which delays Cloudlet processing.
[0;39m[31mWARN  1.35: CloudletSchedulerTimeShared: Cloudlet 99 requested 1024 MB of Ram but no amount is available.. Using Virtual Memory, which delays Cloudlet processing.
[0;39m[31mWARN  1.35: CloudletSchedulerTimeShared: Cloudlet 49 requested 1024 MB of Ram but just 496 was available. Using Virtual Memory, which delays Cloudlet processing.
[0;39m[31mWARN  1.35: CloudletSchedulerTimeShared: Cloudlet 60 requested 1611 MB of Ram but no amount is available.. Using Virtual Memory, which delays Cloudlet processing.
[0;39m[31mWARN  1.35: CloudletSchedulerTimeShared: Cloudlet 70 requested 1024 MB of Ram but no amount is available.. Using Virtual Memory, which delays Cloudlet processing.
[0;39m[31mWARN  1.35: CloudletSchedulerTimeShared: Cloudlet 71 requested 1024 MB of Ram but no amount is available.. Using Virtual Memory, which delays Cloudlet processing.
[0;39m[31mWARN  1.35: CloudletSchedulerTimeShared: Cloudlet 74 requested 1649 MB of Ram but no amount is available.. Using Virtual Memory, which delays Cloudlet processing.
[0;39m[31mWARN  1.35: CloudletSchedulerTimeShared: Cloudlet 86 requested 1024 MB of Ram but no amount is available.. Using Virtual Memory, which delays Cloudlet processing.
[0;39m[31mWARN  1.35: CloudletSchedulerTimeShared: Cloudlet 89 requested 1024 MB of Ram but no amount is available.. Using Virtual Memory, which delays Cloudlet processing.
[0;39m[31mWARN  1.66: CloudletSchedulerTimeShared: Cloudlet 66 requested 1127 MB of Ram but just 1024 was available. Using Virtual Memory, which delays Cloudlet processing.
[0;39m[31mWARN  1.66: CloudletSchedulerTimeShared: Cloudlet 67 requested 1024 MB of Ram but no amount is available.. Using Virtual Memory, which delays Cloudlet processing.
[0;39m[31mWARN  1.66: CloudletSchedulerTimeShared: Cloudlet 91 requested 1024 MB of Ram but no amount is available.. Using Virtual Memory, which delays Cloudlet processing.
[0;39m[31mWARN  1.66: CloudletSchedulerTimeShared: Cloudlet 92 requested 1024 MB of Ram but no amount is available.. Using Virtual Memory, which delays Cloudlet processing.
[0;39m[31mWARN  1.66: CloudletSchedulerTimeShared: Cloudlet 44 requested 5498 MB of Ram but just 300 was available. Using Virtual Memory, which delays Cloudlet processing.
[0;39m[31mWARN  1.66: CloudletSchedulerTimeShared: Cloudlet 48 requested 1024 MB of Ram but no amount is available.. Using Virtual Memory, which delays Cloudlet processing.
[0;39m[31mWARN  1.66: CloudletSchedulerTimeShared: Cloudlet 64 requested 1649 MB of Ram but no amount is available.. Using Virtual Memory, which delays Cloudlet processing.
[0;39m[31mWARN  1.66: CloudletSchedulerTimeShared: Cloudlet 65 requested 4398 MB of Ram but no amount is available.. Using Virtual Memory, which delays Cloudlet processing.
[0;39m[31mWARN  1.66: CloudletSchedulerTimeShared: Cloudlet 69 requested 1649 MB of Ram but no amount is available.. Using Virtual Memory, which delays Cloudlet processing.
[0;39m[31mWARN  1.66: CloudletSchedulerTimeShared: Cloudlet 73 requested 1024 MB of Ram but no amount is available.. Using Virtual Memory, which delays Cloudlet processing.
[0;39m[31mWARN  1.66: CloudletSchedulerTimeShared: Cloudlet 75 requested 1649 MB of Ram but no amount is available.. Using Virtual Memory, which delays Cloudlet processing.
[0;39m[31mWARN  1.66: CloudletSchedulerTimeShared: Cloudlet 76 requested 1649 MB of Ram but no amount is available.. Using Virtual Memory, which delays Cloudlet processing.
[0;39m[31mWARN  1.66: CloudletSchedulerTimeShared: Cloudlet 80 requested 1024 MB of Ram but no amount is available.. Using Virtual Memory, which delays Cloudlet processing.
[0;39m[31mWARN  1.66: CloudletSchedulerTimeShared: Cloudlet 93 requested 1024 MB of Ram but no amount is available.. Using Virtual Memory, which delays Cloudlet processing.
[0;39m[31mWARN  1.66: CloudletSchedulerTimeShared: Cloudlet 83 requested 1024 MB of Ram but no amount is available.. Using Virtual Memory, which delays Cloudlet processing.
[0;39m[31mWARN  1.66: CloudletSchedulerTimeShared: Cloudlet 87 requested 1024 MB of Ram but no amount is available.. Using Virtual Memory, which delays Cloudlet processing.
[0;39m[31mWARN  1.66: CloudletSchedulerTimeShared: Cloudlet 94 requested 1024 MB of Ram but no amount is available.. Using Virtual Memory, which delays Cloudlet processing.
[0;39m[31mWARN  1.66: CloudletSchedulerTimeShared: Cloudlet 95 requested 1024 MB of Ram but no amount is available.. Using Virtual Memory, which delays Cloudlet processing.
[0;39m[31mWARN  1.66: CloudletSchedulerTimeShared: Cloudlet 57 requested 1024 MB of Ram but just 798 was available. Using Virtual Memory, which delays Cloudlet processing.
[0;39m[31mWARN  1.66: CloudletSchedulerTimeShared: Cloudlet 58 requested 1649 MB of Ram but no amount is available.. Using Virtual Memory, which delays Cloudlet processing.
[0;39m[31mWARN  1.66: CloudletSchedulerTimeShared: Cloudlet 62 requested 1649 MB of Ram but no amount is available.. Using Virtual Memory, which delays Cloudlet processing.
[0;39m[31mWARN  1.66: CloudletSchedulerTimeShared: Cloudlet 77 requested 1317 MB of Ram but no amount is available.. Using Virtual Memory, which delays Cloudlet processing.
[0;39m[31mWARN  1.66: CloudletSchedulerTimeShared: Cloudlet 90 requested 1024 MB of Ram but no amount is available.. Using Virtual Memory, which delays Cloudlet processing.
[0;39m[31mWARN  1.66: CloudletSchedulerTimeShared: Cloudlet 96 requested 1024 MB of Ram but no amount is available.. Using Virtual Memory, which delays Cloudlet processing.
[0;39m[31mWARN  1.66: CloudletSchedulerTimeShared: Cloudlet 47 requested 1649 MB of Ram but just 1423 was available. Using Virtual Memory, which delays Cloudlet processing.
[0;39m[31mWARN  1.66: CloudletSchedulerTimeShared: Cloudlet 54 requested 1024 MB of Ram but no amount is available.. Using Virtual Memory, which delays Cloudlet processing.
[0;39m[31mWARN  1.66: CloudletSchedulerTimeShared: Cloudlet 88 requested 1024 MB of Ram but no amount is available.. Using Virtual Memory, which delays Cloudlet processing.
[0;39m[31mWARN  1.66: CloudletSchedulerTimeShared: Cloudlet 97 requested 1024 MB of Ram but no amount is available.. Using Virtual Memory, which delays Cloudlet processing.
[0;39m[31mWARN  1.66: CloudletSchedulerTimeShared: Cloudlet 63 requested 1024 MB of Ram but just 819 was available. Using Virtual Memory, which delays Cloudlet processing.
[0;39m[31mWARN  1.66: CloudletSchedulerTimeShared: Cloudlet 68 requested 1024 MB of Ram but no amount is available.. Using Virtual Memory, which delays Cloudlet processing.
[0;39m[31mWARN  1.66: CloudletSchedulerTimeShared: Cloudlet 78 requested 1024 MB of Ram but no amount is available.. Using Virtual Memory, which delays Cloudlet processing.
[0;39m[31mWARN  1.66: CloudletSchedulerTimeShared: Cloudlet 79 requested 1024 MB of Ram but no amount is available.. Using Virtual Memory, which delays Cloudlet processing.
[0;39m[31mWARN  1.66: CloudletSchedulerTimeShared: Cloudlet 81 requested 5498 MB of Ram but no amount is available.. Using Virtual Memory, which delays Cloudlet processing.
[0;39m[31mWARN  1.66: CloudletSchedulerTimeShared: Cloudlet 82 requested 1024 MB of Ram but no amount is available.. Using Virtual Memory, which delays Cloudlet processing.
[0;39m[31mWARN  1.66: CloudletSchedulerTimeShared: Cloudlet 84 requested 1024 MB of Ram but no amount is available.. Using Virtual Memory, which delays Cloudlet processing.
[0;39m[31mWARN  1.66: CloudletSchedulerTimeShared: Cloudlet 98 requested 1024 MB of Ram but no amount is available.. Using Virtual Memory, which delays Cloudlet processing.
[0;39m[31mWARN  1.66: CloudletSchedulerTimeShared: Cloudlet 10 requested 1024 MB of Ram but just 646 was available. Using Virtual Memory, which delays Cloudlet processing.
[0;39m[31mWARN  1.66: CloudletSchedulerTimeShared: Cloudlet 26 requested 1024 MB of Ram but no amount is available.. Using Virtual Memory, which delays Cloudlet processing.
[0;39m[31mWARN  1.66: CloudletSchedulerTimeShared: Cloudlet 38 requested 1024 MB of Ram but no amount is available.. Using Virtual Memory, which delays Cloudlet processing.
[0;39m[31mWARN  1.66: CloudletSchedulerTimeShared: Cloudlet 40 requested 1024 MB of Ram but no amount is available.. Using Virtual Memory, which delays Cloudlet processing.
[0;39m[31mWARN  1.66: CloudletSchedulerTimeShared: Cloudlet 52 requested 1649 MB of Ram but no amount is available.. Using Virtual Memory, which delays Cloudlet processing.
[0;39m[31mWARN  1.66: CloudletSchedulerTimeShared: Cloudlet 61 requested 1024 MB of Ram but no amount is available.. Using Virtual Memory, which delays Cloudlet processing.
[0;39m[31mWARN  1.66: CloudletSchedulerTimeShared: Cloudlet 72 requested 1024 MB of Ram but no amount is available.. Using Virtual Memory, which delays Cloudlet processing.
[0;39m[31mWARN  1.66: CloudletSchedulerTimeShared: Cloudlet 85 requested 1649 MB of Ram but no amount is available.. Using Virtual Memory, which delays Cloudlet processing.
[0;39m[31mWARN  1.66: CloudletSchedulerTimeShared: Cloudlet 99 requested 1024 MB of Ram but no amount is available.. Using Virtual Memory, which delays Cloudlet processing.
[0;39m[31mWARN  1.66: CloudletSchedulerTimeShared: Cloudlet 49 requested 1024 MB of Ram but just 496 was available. Using Virtual Memory, which delays Cloudlet processing.
[0;39m[31mWARN  1.66: CloudletSchedulerTimeShared: Cloudlet 60 requested 1611 MB of Ram but no amount is available.. Using Virtual Memory, which delays Cloudlet processing.
[0;39m[31mWARN  1.66: CloudletSchedulerTimeShared: Cloudlet 70 requested 1024 MB of Ram but no amount is available.. Using Virtual Memory, which delays Cloudlet processing.
[0;39m[31mWARN  1.66: CloudletSchedulerTimeShared: Cloudlet 71 requested 1024 MB of Ram but no amount is available.. Using Virtual Memory, which delays Cloudlet processing.
[0;39m[31mWARN  1.66: CloudletSchedulerTimeShared: Cloudlet 74 requested 1649 MB of Ram but no amount is available.. Using Virtual Memory, which delays Cloudlet processing.
[0;39m[31mWARN  1.66: CloudletSchedulerTimeShared: Cloudlet 86 requested 1024 MB of Ram but no amount is available.. Using Virtual Memory, which delays Cloudlet processing.
[0;39m[31mWARN  1.66: CloudletSchedulerTimeShared: Cloudlet 89 requested 1024 MB of Ram but no amount is available.. Using Virtual Memory, which delays Cloudlet processing.
[0;39m[31mWARN  2.09: CloudletSchedulerTimeShared: Cloudlet 66 requested 1127 MB of Ram but just 1024 was available. Using Virtual Memory, which delays Cloudlet processing.
[0;39m[31mWARN  2.09: CloudletSchedulerTimeShared: Cloudlet 67 requested 1024 MB of Ram but no amount is available.. Using Virtual Memory, which delays Cloudlet processing.
[0;39m[31mWARN  2.09: CloudletSchedulerTimeShared: Cloudlet 91 requested 1024 MB of Ram but no amount is available.. Using Virtual Memory, which delays Cloudlet processing.
[0;39m[31mWARN  2.09: CloudletSchedulerTimeShared: Cloudlet 92 requested 1024 MB of Ram but no amount is available.. Using Virtual Memory, which delays Cloudlet processing.
[0;39m[31mWARN  2.09: CloudletSchedulerTimeShared: Cloudlet 44 requested 5498 MB of Ram but just 300 was available. Using Virtual Memory, which delays Cloudlet processing.
[0;39m[31mWARN  2.09: CloudletSchedulerTimeShared: Cloudlet 48 requested 1024 MB of Ram but no amount is available.. Using Virtual Memory, which delays Cloudlet processing.
[0;39m[31mWARN  2.09: CloudletSchedulerTimeShared: Cloudlet 64 requested 1649 MB of Ram but no amount is available.. Using Virtual Memory, which delays Cloudlet processing.
[0;39m[31mWARN  2.09: CloudletSchedulerTimeShared: Cloudlet 65 requested 4398 MB of Ram but no amount is available.. Using Virtual Memory, which delays Cloudlet processing.
[0;39m[31mWARN  2.09: CloudletSchedulerTimeShared: Cloudlet 69 requested 1649 MB of Ram but no amount is available.. Using Virtual Memory, which delays Cloudlet processing.
[0;39m[31mWARN  2.09: CloudletSchedulerTimeShared: Cloudlet 73 requested 1024 MB of Ram but no amount is available.. Using Virtual Memory, which delays Cloudlet processing.
[0;39m[31mWARN  2.09: CloudletSchedulerTimeShared: Cloudlet 75 requested 1649 MB of Ram but no amount is available.. Using Virtual Memory, which delays Cloudlet processing.
[0;39m[31mWARN  2.09: CloudletSchedulerTimeShared: Cloudlet 76 requested 1649 MB of Ram but no amount is available.. Using Virtual Memory, which delays Cloudlet processing.
[0;39m[31mWARN  2.09: CloudletSchedulerTimeShared: Cloudlet 80 requested 1024 MB of Ram but no amount is available.. Using Virtual Memory, which delays Cloudlet processing.
[0;39m[31mWARN  2.09: CloudletSchedulerTimeShared: Cloudlet 93 requested 1024 MB of Ram but no amount is available.. Using Virtual Memory, which delays Cloudlet processing.
[0;39m[31mWARN  2.09: CloudletSchedulerTimeShared: Cloudlet 83 requested 1024 MB of Ram but no amount is available.. Using Virtual Memory, which delays Cloudlet processing.
[0;39m[31mWARN  2.09: CloudletSchedulerTimeShared: Cloudlet 87 requested 1024 MB of Ram but no amount is available.. Using Virtual Memory, which delays Cloudlet processing.
[0;39m[31mWARN  2.09: CloudletSchedulerTimeShared: Cloudlet 94 requested 1024 MB of Ram but no amount is available.. Using Virtual Memory, which delays Cloudlet processing.
[0;39m[31mWARN  2.09: CloudletSchedulerTimeShared: Cloudlet 95 requested 1024 MB of Ram but no amount is available.. Using Virtual Memory, which delays Cloudlet processing.
[0;39m[31mWARN  2.09: CloudletSchedulerTimeShared: Cloudlet 57 requested 1024 MB of Ram but just 798 was available. Using Virtual Memory, which delays Cloudlet processing.
[0;39m[31mWARN  2.09: CloudletSchedulerTimeShared: Cloudlet 58 requested 1649 MB of Ram but no amount is available.. Using Virtual Memory, which delays Cloudlet processing.
[0;39m[31mWARN  2.09: CloudletSchedulerTimeShared: Cloudlet 62 requested 1649 MB of Ram but no amount is available.. Using Virtual Memory, which delays Cloudlet processing.
[0;39m[31mWARN  2.09: CloudletSchedulerTimeShared: Cloudlet 77 requested 1317 MB of Ram but no amount is available.. Using Virtual Memory, which delays Cloudlet processing.
[0;39m[31mWARN  2.09: CloudletSchedulerTimeShared: Cloudlet 90 requested 1024 MB of Ram but no amount is available.. Using Virtual Memory, which delays Cloudlet processing.
[0;39m[31mWARN  2.09: CloudletSchedulerTimeShared: Cloudlet 96 requested 1024 MB of Ram but no amount is available.. Using Virtual Memory, which delays Cloudlet processing.
[0;39m[31mWARN  2.09: CloudletSchedulerTimeShared: Cloudlet 47 requested 1649 MB of Ram but just 1423 was available. Using Virtual Memory, which delays Cloudlet processing.
[0;39m[31mWARN  2.09: CloudletSchedulerTimeShared: Cloudlet 54 requested 1024 MB of Ram but no amount is available.. Using Virtual Memory, which delays Cloudlet processing.
[0;39m[31mWARN  2.09: CloudletSchedulerTimeShared: Cloudlet 88 requested 1024 MB of Ram but no amount is available.. Using Virtual Memory, which delays Cloudlet processing.
[0;39m[31mWARN  2.09: CloudletSchedulerTimeShared: Cloudlet 97 requested 1024 MB of Ram but no amount is available.. Using Virtual Memory, which delays Cloudlet processing.
[0;39m[31mWARN  2.09: CloudletSchedulerTimeShared: Cloudlet 63 requested 1024 MB of Ram but just 819 was available. Using Virtual Memory, which delays Cloudlet processing.
[0;39m[31mWARN  2.09: CloudletSchedulerTimeShared: Cloudlet 68 requested 1024 MB of Ram but no amount is available.. Using Virtual Memory, which delays Cloudlet processing.
[0;39m[31mWARN  2.09: CloudletSchedulerTimeShared: Cloudlet 78 requested 1024 MB of Ram but no amount is available.. Using Virtual Memory, which delays Cloudlet processing.
[0;39m[31mWARN  2.09: CloudletSchedulerTimeShared: Cloudlet 79 requested 1024 MB of Ram but no amount is available.. Using Virtual Memory, which delays Cloudlet processing.
[0;39m[31mWARN  2.09: CloudletSchedulerTimeShared: Cloudlet 81 requested 5498 MB of Ram but no amount is available.. Using Virtual Memory, which delays Cloudlet processing.
[0;39m[31mWARN  2.09: CloudletSchedulerTimeShared: Cloudlet 82 requested 1024 MB of Ram but no amount is available.. Using Virtual Memory, which delays Cloudlet processing.
[0;39m[31mWARN  2.09: CloudletSchedulerTimeShared: Cloudlet 84 requested 1024 MB of Ram but no amount is available.. Using Virtual Memory, which delays Cloudlet processing.
[0;39m[31mWARN  2.09: CloudletSchedulerTimeShared: Cloudlet 98 requested 1024 MB of Ram but no amount is available.. Using Virtual Memory, which delays Cloudlet processing.
[0;39m[31mWARN  2.09: CloudletSchedulerTimeShared: Cloudlet 10 requested 1024 MB of Ram but just 646 was available. Using Virtual Memory, which delays Cloudlet processing.
[0;39m[31mWARN  2.09: CloudletSchedulerTimeShared: Cloudlet 26 requested 1024 MB of Ram but no amount is available.. Using Virtual Memory, which delays Cloudlet processing.
[0;39m[31mWARN  2.09: CloudletSchedulerTimeShared: Cloudlet 38 requested 1024 MB of Ram but no amount is available.. Using Virtual Memory, which delays Cloudlet processing.
[0;39m[31mWARN  2.09: CloudletSchedulerTimeShared: Cloudlet 40 requested 1024 MB of Ram but no amount is available.. Using Virtual Memory, which delays Cloudlet processing.
[0;39m[31mWARN  2.09: CloudletSchedulerTimeShared: Cloudlet 52 requested 1649 MB of Ram but no amount is available.. Using Virtual Memory, which delays Cloudlet processing.
[0;39m[31mWARN  2.09: CloudletSchedulerTimeShared: Cloudlet 61 requested 1024 MB of Ram but no amount is available.. Using Virtual Memory, which delays Cloudlet processing.
[0;39m[31mWARN  2.09: CloudletSchedulerTimeShared: Cloudlet 72 requested 1024 MB of Ram but no amount is available.. Using Virtual Memory, which delays Cloudlet processing.
[0;39m[31mWARN  2.09: CloudletSchedulerTimeShared: Cloudlet 85 requested 1649 MB of Ram but no amount is available.. Using Virtual Memory, which delays Cloudlet processing.
[0;39m[31mWARN  2.09: CloudletSchedulerTimeShared: Cloudlet 99 requested 1024 MB of Ram but no amount is available.. Using Virtual Memory, which delays Cloudlet processing.
[0;39m[31mWARN  2.09: CloudletSchedulerTimeShared: Cloudlet 49 requested 1024 MB of Ram but just 496 was available. Using Virtual Memory, which delays Cloudlet processing.
[0;39m[31mWARN  2.09: CloudletSchedulerTimeShared: Cloudlet 60 requested 1611 MB of Ram but no amount is available.. Using Virtual Memory, which delays Cloudlet processing.
[0;39m[31mWARN  2.09: CloudletSchedulerTimeShared: Cloudlet 70 requested 1024 MB of Ram but no amount is available.. Using Virtual Memory, which delays Cloudlet processing.
[0;39m[31mWARN  2.09: CloudletSchedulerTimeShared: Cloudlet 71 requested 1024 MB of Ram but no amount is available.. Using Virtual Memory, which delays Cloudlet processing.
[0;39m[31mWARN  2.09: CloudletSchedulerTimeShared: Cloudlet 74 requested 1649 MB of Ram but no amount is available.. Using Virtual Memory, which delays Cloudlet processing.
[0;39m[31mWARN  2.09: CloudletSchedulerTimeShared: Cloudlet 86 requested 1024 MB of Ram but no amount is available.. Using Virtual Memory, which delays Cloudlet processing.
[0;39m[31mWARN  2.09: CloudletSchedulerTimeShared: Cloudlet 89 requested 1024 MB of Ram but no amount is available.. Using Virtual Memory, which delays Cloudlet processing.
[0;39m[31mWARN  2.41: CloudletSchedulerTimeShared: Cloudlet 66 requested 1127 MB of Ram but just 1024 was available. Using Virtual Memory, which delays Cloudlet processing.
[0;39m[31mWARN  2.41: CloudletSchedulerTimeShared: Cloudlet 67 requested 1024 MB of Ram but no amount is available.. Using Virtual Memory, which delays Cloudlet processing.
[0;39m[31mWARN  2.41: CloudletSchedulerTimeShared: Cloudlet 91 requested 1024 MB of Ram but no amount is available.. Using Virtual Memory, which delays Cloudlet processing.
[0;39m[31mWARN  2.41: CloudletSchedulerTimeShared: Cloudlet 92 requested 1024 MB of Ram but no amount is available.. Using Virtual Memory, which delays Cloudlet processing.
[0;39m[31mWARN  2.41: CloudletSchedulerTimeShared: Cloudlet 44 requested 5498 MB of Ram but just 300 was available. Using Virtual Memory, which delays Cloudlet processing.
[0;39m[31mWARN  2.41: CloudletSchedulerTimeShared: Cloudlet 48 requested 1024 MB of Ram but no amount is available.. Using Virtual Memory, which delays Cloudlet processing.
[0;39m[31mWARN  2.41: CloudletSchedulerTimeShared: Cloudlet 64 requested 1649 MB of Ram but no amount is available.. Using Virtual Memory, which delays Cloudlet processing.
[0;39m[31mWARN  2.41: CloudletSchedulerTimeShared: Cloudlet 65 requested 4398 MB of Ram but no amount is available.. Using Virtual Memory, which delays Cloudlet processing.
[0;39m[31mWARN  2.41: CloudletSchedulerTimeShared: Cloudlet 69 requested 1649 MB of Ram but no amount is available.. Using Virtual Memory, which delays Cloudlet processing.
[0;39m[31mWARN  2.41: CloudletSchedulerTimeShared: Cloudlet 73 requested 1024 MB of Ram but no amount is available.. Using Virtual Memory, which delays Cloudlet processing.
[0;39m[31mWARN  2.41: CloudletSchedulerTimeShared: Cloudlet 75 requested 1649 MB of Ram but no amount is available.. Using Virtual Memory, which delays Cloudlet processing.
[0;39m[31mWARN  2.41: CloudletSchedulerTimeShared: Cloudlet 76 requested 1649 MB of Ram but no amount is available.. Using Virtual Memory, which delays Cloudlet processing.
[0;39m[31mWARN  2.41: CloudletSchedulerTimeShared: Cloudlet 80 requested 1024 MB of Ram but no amount is available.. Using Virtual Memory, which delays Cloudlet processing.
[0;39m[31mWARN  2.41: CloudletSchedulerTimeShared: Cloudlet 93 requested 1024 MB of Ram but no amount is available.. Using Virtual Memory, which delays Cloudlet processing.
[0;39m[31mWARN  2.41: CloudletSchedulerTimeShared: Cloudlet 83 requested 1024 MB of Ram but no amount is available.. Using Virtual Memory, which delays Cloudlet processing.
[0;39m[31mWARN  2.41: CloudletSchedulerTimeShared: Cloudlet 87 requested 1024 MB of Ram but no amount is available.. Using Virtual Memory, which delays Cloudlet processing.
[0;39m[31mWARN  2.41: CloudletSchedulerTimeShared: Cloudlet 94 requested 1024 MB of Ram but no amount is available.. Using Virtual Memory, which delays Cloudlet processing.
[0;39m[31mWARN  2.41: CloudletSchedulerTimeShared: Cloudlet 95 requested 1024 MB of Ram but no amount is available.. Using Virtual Memory, which delays Cloudlet processing.
[0;39m[31mWARN  2.41: CloudletSchedulerTimeShared: Cloudlet 57 requested 1024 MB of Ram but just 798 was available. Using Virtual Memory, which delays Cloudlet processing.
[0;39m[31mWARN  2.41: CloudletSchedulerTimeShared: Cloudlet 58 requested 1649 MB of Ram but no amount is available.. Using Virtual Memory, which delays Cloudlet processing.
[0;39m[31mWARN  2.41: CloudletSchedulerTimeShared: Cloudlet 62 requested 1649 MB of Ram but no amount is available.. Using Virtual Memory, which delays Cloudlet processing.
[0;39m[31mWARN  2.41: CloudletSchedulerTimeShared: Cloudlet 77 requested 1317 MB of Ram but no amount is available.. Using Virtual Memory, which delays Cloudlet processing.
[0;39m[31mWARN  2.41: CloudletSchedulerTimeShared: Cloudlet 90 requested 1024 MB of Ram but no amount is available.. Using Virtual Memory, which delays Cloudlet processing.
[0;39m[31mWARN  2.41: CloudletSchedulerTimeShared: Cloudlet 96 requested 1024 MB of Ram but no amount is available.. Using Virtual Memory, which delays Cloudlet processing.
[0;39m[31mWARN  2.41: CloudletSchedulerTimeShared: Cloudlet 47 requested 1649 MB of Ram but just 1423 was available. Using Virtual Memory, which delays Cloudlet processing.
[0;39m[31mWARN  2.41: CloudletSchedulerTimeShared: Cloudlet 54 requested 1024 MB of Ram but no amount is available.. Using Virtual Memory, which delays Cloudlet processing.
[0;39m[31mWARN  2.41: CloudletSchedulerTimeShared: Cloudlet 88 requested 1024 MB of Ram but no amount is available.. Using Virtual Memory, which delays Cloudlet processing.
[0;39m[31mWARN  2.41: CloudletSchedulerTimeShared: Cloudlet 97 requested 1024 MB of Ram but no amount is available.. Using Virtual Memory, which delays Cloudlet processing.
[0;39m[31mWARN  2.41: CloudletSchedulerTimeShared: Cloudlet 63 requested 1024 MB of Ram but just 819 was available. Using Virtual Memory, which delays Cloudlet processing.
[0;39m[31mWARN  2.41: CloudletSchedulerTimeShared: Cloudlet 68 requested 1024 MB of Ram but no amount is available.. Using Virtual Memory, which delays Cloudlet processing.
[0;39m[31mWARN  2.41: CloudletSchedulerTimeShared: Cloudlet 78 requested 1024 MB of Ram but no amount is available.. Using Virtual Memory, which delays Cloudlet processing.
[0;39m[31mWARN  2.41: CloudletSchedulerTimeShared: Cloudlet 79 requested 1024 MB of Ram but no amount is available.. Using Virtual Memory, which delays Cloudlet processing.
[0;39m[31mWARN  2.41: CloudletSchedulerTimeShared: Cloudlet 81 requested 5498 MB of Ram but no amount is available.. Using Virtual Memory, which delays Cloudlet processing.
[0;39m[31mWARN  2.41: CloudletSchedulerTimeShared: Cloudlet 82 requested 1024 MB of Ram but no amount is available.. Using Virtual Memory, which delays Cloudlet processing.
[0;39m[31mWARN  2.41: CloudletSchedulerTimeShared: Cloudlet 84 requested 1024 MB of Ram but no amount is available.. Using Virtual Memory, which delays Cloudlet processing.
[0;39m[31mWARN  2.41: CloudletSchedulerTimeShared: Cloudlet 98 requested 1024 MB of Ram but no amount is available.. Using Virtual Memory, which delays Cloudlet processing.
[0;39m[31mWARN  2.41: CloudletSchedulerTimeShared: Cloudlet 10 requested 1024 MB of Ram but just 646 was available. Using Virtual Memory, which delays Cloudlet processing.
[0;39m[31mWARN  2.41: CloudletSchedulerTimeShared: Cloudlet 26 requested 1024 MB of Ram but no amount is available.. Using Virtual Memory, which delays Cloudlet processing.
[0;39m[31mWARN  2.41: CloudletSchedulerTimeShared: Cloudlet 38 requested 1024 MB of Ram but no amount is available.. Using Virtual Memory, which delays Cloudlet processing.
[0;39m[31mWARN  2.41: CloudletSchedulerTimeShared: Cloudlet 40 requested 1024 MB of Ram but no amount is available.. Using Virtual Memory, which delays Cloudlet processing.
[0;39m[31mWARN  2.41: CloudletSchedulerTimeShared: Cloudlet 52 requested 1649 MB of Ram but no amount is available.. Using Virtual Memory, which delays Cloudlet processing.
[0;39m[31mWARN  2.41: CloudletSchedulerTimeShared: Cloudlet 61 requested 1024 MB of Ram but no amount is available.. Using Virtual Memory, which delays Cloudlet processing.
[0;39m[31mWARN  2.41: CloudletSchedulerTimeShared: Cloudlet 72 requested 1024 MB of Ram but no amount is available.. Using Virtual Memory, which delays Cloudlet processing.
[0;39m[31mWARN  2.41: CloudletSchedulerTimeShared: Cloudlet 85 requested 1649 MB of Ram but no amount is available.. Using Virtual Memory, which delays Cloudlet processing.
[0;39m[31mWARN  2.41: CloudletSchedulerTimeShared: Cloudlet 99 requested 1024 MB of Ram but no amount is available.. Using Virtual Memory, which delays Cloudlet processing.
[0;39m[31mWARN  2.41: CloudletSchedulerTimeShared: Cloudlet 49 requested 1024 MB of Ram but just 496 was available. Using Virtual Memory, which delays Cloudlet processing.
[0;39m[31mWARN  2.41: CloudletSchedulerTimeShared: Cloudlet 60 requested 1611 MB of Ram but no amount is available.. Using Virtual Memory, which delays Cloudlet processing.
[0;39m[31mWARN  2.41: CloudletSchedulerTimeShared: Cloudlet 70 requested 1024 MB of Ram but no amount is available.. Using Virtual Memory, which delays Cloudlet processing.
[0;39m[31mWARN  2.41: CloudletSchedulerTimeShared: Cloudlet 71 requested 1024 MB of Ram but no amount is available.. Using Virtual Memory, which delays Cloudlet processing.
[0;39m[31mWARN  2.41: CloudletSchedulerTimeShared: Cloudlet 74 requested 1649 MB of Ram but no amount is available.. Using Virtual Memory, which delays Cloudlet processing.
[0;39m[31mWARN  2.41: CloudletSchedulerTimeShared: Cloudlet 86 requested 1024 MB of Ram but no amount is available.. Using Virtual Memory, which delays Cloudlet processing.
[0;39m[31mWARN  2.41: CloudletSchedulerTimeShared: Cloudlet 89 requested 1024 MB of Ram but no amount is available.. Using Virtual Memory, which delays Cloudlet processing.
[0;39m[31mWARN  2.52: CloudletSchedulerTimeShared: Cloudlet 66 requested 1127 MB of Ram but just 1024 was available. Using Virtual Memory, which delays Cloudlet processing.
[0;39m[31mWARN  2.52: CloudletSchedulerTimeShared: Cloudlet 67 requested 1024 MB of Ram but no amount is available.. Using Virtual Memory, which delays Cloudlet processing.
[0;39m[31mWARN  2.52: CloudletSchedulerTimeShared: Cloudlet 91 requested 1024 MB of Ram but no amount is available.. Using Virtual Memory, which delays Cloudlet processing.
[0;39m[31mWARN  2.52: CloudletSchedulerTimeShared: Cloudlet 92 requested 1024 MB of Ram but no amount is available.. Using Virtual Memory, which delays Cloudlet processing.
[0;39m[31mWARN  2.52: CloudletSchedulerTimeShared: Cloudlet 44 requested 5498 MB of Ram but just 300 was available. Using Virtual Memory, which delays Cloudlet processing.
[0;39m[31mWARN  2.52: CloudletSchedulerTimeShared: Cloudlet 48 requested 1024 MB of Ram but no amount is available.. Using Virtual Memory, which delays Cloudlet processing.
[0;39m[31mWARN  2.52: CloudletSchedulerTimeShared: Cloudlet 64 requested 1649 MB of Ram but no amount is available.. Using Virtual Memory, which delays Cloudlet processing.
[0;39m[31mWARN  2.52: CloudletSchedulerTimeShared: Cloudlet 65 requested 4398 MB of Ram but no amount is available.. Using Virtual Memory, which delays Cloudlet processing.
[0;39m[31mWARN  2.52: CloudletSchedulerTimeShared: Cloudlet 69 requested 1649 MB of Ram but no amount is available.. Using Virtual Memory, which delays Cloudlet processing.
[0;39m[31mWARN  2.52: CloudletSchedulerTimeShared: Cloudlet 73 requested 1024 MB of Ram but no amount is available.. Using Virtual Memory, which delays Cloudlet processing.
[0;39m[31mWARN  2.52: CloudletSchedulerTimeShared: Cloudlet 75 requested 1649 MB of Ram but no amount is available.. Using Virtual Memory, which delays Cloudlet processing.
[0;39m[31mWARN  2.52: CloudletSchedulerTimeShared: Cloudlet 76 requested 1649 MB of Ram but no amount is available.. Using Virtual Memory, which delays Cloudlet processing.
[0;39m[31mWARN  2.52: CloudletSchedulerTimeShared: Cloudlet 80 requested 1024 MB of Ram but no amount is available.. Using Virtual Memory, which delays Cloudlet processing.
[0;39m[31mWARN  2.52: CloudletSchedulerTimeShared: Cloudlet 93 requested 1024 MB of Ram but no amount is available.. Using Virtual Memory, which delays Cloudlet processing.
[0;39m[31mWARN  2.52: CloudletSchedulerTimeShared: Cloudlet 83 requested 1024 MB of Ram but no amount is available.. Using Virtual Memory, which delays Cloudlet processing.
[0;39m[31mWARN  2.52: CloudletSchedulerTimeShared: Cloudlet 87 requested 1024 MB of Ram but no amount is available.. Using Virtual Memory, which delays Cloudlet processing.
[0;39m[31mWARN  2.52: CloudletSchedulerTimeShared: Cloudlet 94 requested 1024 MB of Ram but no amount is available.. Using Virtual Memory, which delays Cloudlet processing.
[0;39m[31mWARN  2.52: CloudletSchedulerTimeShared: Cloudlet 95 requested 1024 MB of Ram but no amount is available.. Using Virtual Memory, which delays Cloudlet processing.
[0;39m[31mWARN  2.52: CloudletSchedulerTimeShared: Cloudlet 57 requested 1024 MB of Ram but just 798 was available. Using Virtual Memory, which delays Cloudlet processing.
[0;39m[31mWARN  2.52: CloudletSchedulerTimeShared: Cloudlet 58 requested 1649 MB of Ram but no amount is available.. Using Virtual Memory, which delays Cloudlet processing.
[0;39m[31mWARN  2.52: CloudletSchedulerTimeShared: Cloudlet 62 requested 1649 MB of Ram but no amount is available.. Using Virtual Memory, which delays Cloudlet processing.
[0;39m[31mWARN  2.52: CloudletSchedulerTimeShared: Cloudlet 77 requested 1317 MB of Ram but no amount is available.. Using Virtual Memory, which delays Cloudlet processing.
[0;39m[31mWARN  2.52: CloudletSchedulerTimeShared: Cloudlet 90 requested 1024 MB of Ram but no amount is available.. Using Virtual Memory, which delays Cloudlet processing.
[0;39m[31mWARN  2.52: CloudletSchedulerTimeShared: Cloudlet 96 requested 1024 MB of Ram but no amount is available.. Using Virtual Memory, which delays Cloudlet processing.
[0;39m[31mWARN  2.52: CloudletSchedulerTimeShared: Cloudlet 47 requested 1649 MB of Ram but just 1423 was available. Using Virtual Memory, which delays Cloudlet processing.
[0;39m[31mWARN  2.52: CloudletSchedulerTimeShared: Cloudlet 54 requested 1024 MB of Ram but no amount is available.. Using Virtual Memory, which delays Cloudlet processing.
[0;39m[31mWARN  2.52: CloudletSchedulerTimeShared: Cloudlet 88 requested 1024 MB of Ram but no amount is available.. Using Virtual Memory, which delays Cloudlet processing.
[0;39m[31mWARN  2.52: CloudletSchedulerTimeShared: Cloudlet 97 requested 1024 MB of Ram but no amount is available.. Using Virtual Memory, which delays Cloudlet processing.
[0;39m[31mWARN  2.52: CloudletSchedulerTimeShared: Cloudlet 63 requested 1024 MB of Ram but just 819 was available. Using Virtual Memory, which delays Cloudlet processing.
[0;39m[31mWARN  2.52: CloudletSchedulerTimeShared: Cloudlet 68 requested 1024 MB of Ram but no amount is available.. Using Virtual Memory, which delays Cloudlet processing.
[0;39m[31mWARN  2.52: CloudletSchedulerTimeShared: Cloudlet 78 requested 1024 MB of Ram but no amount is available.. Using Virtual Memory, which delays Cloudlet processing.
[0;39m[31mWARN  2.52: CloudletSchedulerTimeShared: Cloudlet 79 requested 1024 MB of Ram but no amount is available.. Using Virtual Memory, which delays Cloudlet processing.
[0;39m[31mWARN  2.52: CloudletSchedulerTimeShared: Cloudlet 81 requested 5498 MB of Ram but no amount is available.. Using Virtual Memory, which delays Cloudlet processing.
[0;39m[31mWARN  2.52: CloudletSchedulerTimeShared: Cloudlet 82 requested 1024 MB of Ram but no amount is available.. Using Virtual Memory, which delays Cloudlet processing.
[0;39m[31mWARN  2.52: CloudletSchedulerTimeShared: Cloudlet 84 requested 1024 MB of Ram but no amount is available.. Using Virtual Memory, which delays Cloudlet processing.
[0;39m[31mWARN  2.52: CloudletSchedulerTimeShared: Cloudlet 98 requested 1024 MB of Ram but no amount is available.. Using Virtual Memory, which delays Cloudlet processing.
[0;39m[31mWARN  2.52: CloudletSchedulerTimeShared: Cloudlet 10 requested 1024 MB of Ram but just 646 was available. Using Virtual Memory, which delays Cloudlet processing.
[0;39m[31mWARN  2.52: CloudletSchedulerTimeShared: Cloudlet 26 requested 1024 MB of Ram but no amount is available.. Using Virtual Memory, which delays Cloudlet processing.
[0;39m[31mWARN  2.52: CloudletSchedulerTimeShared: Cloudlet 38 requested 1024 MB of Ram but no amount is available.. Using Virtual Memory, which delays Cloudlet processing.
[0;39m[31mWARN  2.52: CloudletSchedulerTimeShared: Cloudlet 40 requested 1024 MB of Ram but no amount is available.. Using Virtual Memory, which delays Cloudlet processing.
[0;39m[31mWARN  2.52: CloudletSchedulerTimeShared: Cloudlet 52 requested 1649 MB of Ram but no amount is available.. Using Virtual Memory, which delays Cloudlet processing.
[0;39m[31mWARN  2.52: CloudletSchedulerTimeShared: Cloudlet 61 requested 1024 MB of Ram but no amount is available.. Using Virtual Memory, which delays Cloudlet processing.
[0;39m[31mWARN  2.52: CloudletSchedulerTimeShared: Cloudlet 72 requested 1024 MB of Ram but no amount is available.. Using Virtual Memory, which delays Cloudlet processing.
[0;39m[31mWARN  2.52: CloudletSchedulerTimeShared: Cloudlet 85 requested 1649 MB of Ram but no amount is available.. Using Virtual Memory, which delays Cloudlet processing.
[0;39m[31mWARN  2.52: CloudletSchedulerTimeShared: Cloudlet 99 requested 1024 MB of Ram but no amount is available.. Using Virtual Memory, which delays Cloudlet processing.
[0;39m[31mWARN  2.52: CloudletSchedulerTimeShared: Cloudlet 49 requested 1024 MB of Ram but just 496 was available. Using Virtual Memory, which delays Cloudlet processing.
[0;39m[31mWARN  2.52: CloudletSchedulerTimeShared: Cloudlet 60 requested 1611 MB of Ram but no amount is available.. Using Virtual Memory, which delays Cloudlet processing.
[0;39m[31mWARN  2.52: CloudletSchedulerTimeShared: Cloudlet 70 requested 1024 MB of Ram but no amount is available.. Using Virtual Memory, which delays Cloudlet processing.
[0;39m[31mWARN  2.52: CloudletSchedulerTimeShared: Cloudlet 71 requested 1024 MB of Ram but no amount is available.. Using Virtual Memory, which delays Cloudlet processing.
[0;39m[31mWARN  2.52: CloudletSchedulerTimeShared: Cloudlet 74 requested 1649 MB of Ram but no amount is available.. Using Virtual Memory, which delays Cloudlet processing.
[0;39m[31mWARN  2.52: CloudletSchedulerTimeShared: Cloudlet 86 requested 1024 MB of Ram but no amount is available.. Using Virtual Memory, which delays Cloudlet processing.
[0;39m[31mWARN  2.52: CloudletSchedulerTimeShared: Cloudlet 89 requested 1024 MB of Ram but no amount is available.. Using Virtual Memory, which delays Cloudlet processing.
[0;39m[31mWARN  2.66: CloudletSchedulerTimeShared: Cloudlet 66 requested 1127 MB of Ram but just 1024 was available. Using Virtual Memory, which delays Cloudlet processing.
[0;39m[31mWARN  2.66: CloudletSchedulerTimeShared: Cloudlet 67 requested 1024 MB of Ram but no amount is available.. Using Virtual Memory, which delays Cloudlet processing.
[0;39m[31mWARN  2.66: CloudletSchedulerTimeShared: Cloudlet 91 requested 1024 MB of Ram but no amount is available.. Using Virtual Memory, which delays Cloudlet processing.
[0;39m[31mWARN  2.66: CloudletSchedulerTimeShared: Cloudlet 92 requested 1024 MB of Ram but no amount is available.. Using Virtual Memory, which delays Cloudlet processing.
[0;39m[31mWARN  2.66: CloudletSchedulerTimeShared: Cloudlet 44 requested 5498 MB of Ram but just 300 was available. Using Virtual Memory, which delays Cloudlet processing.
[0;39m[31mWARN  2.66: CloudletSchedulerTimeShared: Cloudlet 48 requested 1024 MB of Ram but no amount is available.. Using Virtual Memory, which delays Cloudlet processing.
[0;39m[31mWARN  2.66: CloudletSchedulerTimeShared: Cloudlet 64 requested 1649 MB of Ram but no amount is available.. Using Virtual Memory, which delays Cloudlet processing.
[0;39m[31mWARN  2.66: CloudletSchedulerTimeShared: Cloudlet 65 requested 4398 MB of Ram but no amount is available.. Using Virtual Memory, which delays Cloudlet processing.
[0;39m[31mWARN  2.66: CloudletSchedulerTimeShared: Cloudlet 69 requested 1649 MB of Ram but no amount is available.. Using Virtual Memory, which delays Cloudlet processing.
[0;39m[31mWARN  2.66: CloudletSchedulerTimeShared: Cloudlet 73 requested 1024 MB of Ram but no amount is available.. Using Virtual Memory, which delays Cloudlet processing.
[0;39m[31mWARN  2.66: CloudletSchedulerTimeShared: Cloudlet 75 requested 1649 MB of Ram but no amount is available.. Using Virtual Memory, which delays Cloudlet processing.
[0;39m[31mWARN  2.66: CloudletSchedulerTimeShared: Cloudlet 76 requested 1649 MB of Ram but no amount is available.. Using Virtual Memory, which delays Cloudlet processing.
[0;39m[31mWARN  2.66: CloudletSchedulerTimeShared: Cloudlet 80 requested 1024 MB of Ram but no amount is available.. Using Virtual Memory, which delays Cloudlet processing.
[0;39m[31mWARN  2.66: CloudletSchedulerTimeShared: Cloudlet 93 requested 1024 MB of Ram but no amount is available.. Using Virtual Memory, which delays Cloudlet processing.
[0;39m[31mWARN  2.66: CloudletSchedulerTimeShared: Cloudlet 83 requested 1024 MB of Ram but no amount is available.. Using Virtual Memory, which delays Cloudlet processing.
[0;39m[31mWARN  2.66: CloudletSchedulerTimeShared: Cloudlet 87 requested 1024 MB of Ram but no amount is available.. Using Virtual Memory, which delays Cloudlet processing.
[0;39m[31mWARN  2.66: CloudletSchedulerTimeShared: Cloudlet 94 requested 1024 MB of Ram but no amount is available.. Using Virtual Memory, which delays Cloudlet processing.
[0;39m[31mWARN  2.66: CloudletSchedulerTimeShared: Cloudlet 95 requested 1024 MB of Ram but no amount is available.. Using Virtual Memory, which delays Cloudlet processing.
[0;39m[31mWARN  2.66: CloudletSchedulerTimeShared: Cloudlet 57 requested 1024 MB of Ram but just 798 was available. Using Virtual Memory, which delays Cloudlet processing.
[0;39m[31mWARN  2.66: CloudletSchedulerTimeShared: Cloudlet 58 requested 1649 MB of Ram but no amount is available.. Using Virtual Memory, which delays Cloudlet processing.
[0;39m[31mWARN  2.66: CloudletSchedulerTimeShared: Cloudlet 62 requested 1649 MB of Ram but no amount is available.. Using Virtual Memory, which delays Cloudlet processing.
[0;39m[31mWARN  2.66: CloudletSchedulerTimeShared: Cloudlet 77 requested 1317 MB of Ram but no amount is available.. Using Virtual Memory, which delays Cloudlet processing.
[0;39m[31mWARN  2.66: CloudletSchedulerTimeShared: Cloudlet 90 requested 1024 MB of Ram but no amount is available.. Using Virtual Memory, which delays Cloudlet processing.
[0;39m[31mWARN  2.66: CloudletSchedulerTimeShared: Cloudlet 96 requested 1024 MB of Ram but no amount is available.. Using Virtual Memory, which delays Cloudlet processing.
[0;39m[31mWARN  2.66: CloudletSchedulerTimeShared: Cloudlet 47 requested 1649 MB of Ram but just 1423 was available. Using Virtual Memory, which delays Cloudlet processing.
[0;39m[31mWARN  2.66: CloudletSchedulerTimeShared: Cloudlet 54 requested 1024 MB of Ram but no amount is available.. Using Virtual Memory, which delays Cloudlet processing.
[0;39m[31mWARN  2.66: CloudletSchedulerTimeShared: Cloudlet 88 requested 1024 MB of Ram but no amount is available.. Using Virtual Memory, which delays Cloudlet processing.
[0;39m[31mWARN  2.66: CloudletSchedulerTimeShared: Cloudlet 97 requested 1024 MB of Ram but no amount is available.. Using Virtual Memory, which delays Cloudlet processing.
[0;39m[31mWARN  2.66: CloudletSchedulerTimeShared: Cloudlet 63 requested 1024 MB of Ram but just 819 was available. Using Virtual Memory, which delays Cloudlet processing.
[0;39m[31mWARN  2.66: CloudletSchedulerTimeShared: Cloudlet 68 requested 1024 MB of Ram but no amount is available.. Using Virtual Memory, which delays Cloudlet processing.
[0;39m[31mWARN  2.66: CloudletSchedulerTimeShared: Cloudlet 78 requested 1024 MB of Ram but no amount is available.. Using Virtual Memory, which delays Cloudlet processing.
[0;39m[31mWARN  2.66: CloudletSchedulerTimeShared: Cloudlet 79 requested 1024 MB of Ram but no amount is available.. Using Virtual Memory, which delays Cloudlet processing.
[0;39m[31mWARN  2.66: CloudletSchedulerTimeShared: Cloudlet 81 requested 5498 MB of Ram but no amount is available.. Using Virtual Memory, which delays Cloudlet processing.
[0;39m[31mWARN  2.66: CloudletSchedulerTimeShared: Cloudlet 82 requested 1024 MB of Ram but no amount is available.. Using Virtual Memory, which delays Cloudlet processing.
[0;39m[31mWARN  2.66: CloudletSchedulerTimeShared: Cloudlet 84 requested 1024 MB of Ram but no amount is available.. Using Virtual Memory, which delays Cloudlet processing.
[0;39m[31mWARN  2.66: CloudletSchedulerTimeShared: Cloudlet 98 requested 1024 MB of Ram but no amount is available.. Using Virtual Memory, which delays Cloudlet processing.
[0;39m[31mWARN  2.66: CloudletSchedulerTimeShared: Cloudlet 10 requested 1024 MB of Ram but just 646 was available. Using Virtual Memory, which delays Cloudlet processing.
[0;39m[31mWARN  2.66: CloudletSchedulerTimeShared: Cloudlet 26 requested 1024 MB of Ram but no amount is available.. Using Virtual Memory, which delays Cloudlet processing.
[0;39m[31mWARN  2.66: CloudletSchedulerTimeShared: Cloudlet 38 requested 1024 MB of Ram but no amount is available.. Using Virtual Memory, which delays Cloudlet processing.
[0;39m[31mWARN  2.66: CloudletSchedulerTimeShared: Cloudlet 40 requested 1024 MB of Ram but no amount is available.. Using Virtual Memory, which delays Cloudlet processing.
[0;39m[31mWARN  2.66: CloudletSchedulerTimeShared: Cloudlet 52 requested 1649 MB of Ram but no amount is available.. Using Virtual Memory, which delays Cloudlet processing.
[0;39m[31mWARN  2.66: CloudletSchedulerTimeShared: Cloudlet 61 requested 1024 MB of Ram but no amount is available.. Using Virtual Memory, which delays Cloudlet processing.
[0;39m[31mWARN  2.66: CloudletSchedulerTimeShared: Cloudlet 72 requested 1024 MB of Ram but no amount is available.. Using Virtual Memory, which delays Cloudlet processing.
[0;39m[31mWARN  2.66: CloudletSchedulerTimeShared: Cloudlet 85 requested 1649 MB of Ram but no amount is available.. Using Virtual Memory, which delays Cloudlet processing.
[0;39m[31mWARN  2.66: CloudletSchedulerTimeShared: Cloudlet 99 requested 1024 MB of Ram but no amount is available.. Using Virtual Memory, which delays Cloudlet processing.
[0;39m[31mWARN  2.66: CloudletSchedulerTimeShared: Cloudlet 49 requested 1024 MB of Ram but just 496 was available. Using Virtual Memory, which delays Cloudlet processing.
[0;39m[31mWARN  2.66: CloudletSchedulerTimeShared: Cloudlet 60 requested 1611 MB of Ram but no amount is available.. Using Virtual Memory, which delays Cloudlet processing.
[0;39m[31mWARN  2.66: CloudletSchedulerTimeShared: Cloudlet 70 requested 1024 MB of Ram but no amount is available.. Using Virtual Memory, which delays Cloudlet processing.
[0;39m[31mWARN  2.66: CloudletSchedulerTimeShared: Cloudlet 71 requested 1024 MB of Ram but no amount is available.. Using Virtual Memory, which delays Cloudlet processing.
[0;39m[31mWARN  2.66: CloudletSchedulerTimeShared: Cloudlet 74 requested 1649 MB of Ram but no amount is available.. Using Virtual Memory, which delays Cloudlet processing.
[0;39m[31mWARN  2.66: CloudletSchedulerTimeShared: Cloudlet 86 requested 1024 MB of Ram but no amount is available.. Using Virtual Memory, which delays Cloudlet processing.
[0;39m[31mWARN  2.66: CloudletSchedulerTimeShared: Cloudlet 89 requested 1024 MB of Ram but no amount is available.. Using Virtual Memory, which delays Cloudlet processing.
[0;39m[31mWARN  2.77: CloudletSchedulerTimeShared: Cloudlet 66 requested 1127 MB of Ram but just 1024 was available. Using Virtual Memory, which delays Cloudlet processing.
[0;39m[31mWARN  2.77: CloudletSchedulerTimeShared: Cloudlet 67 requested 1024 MB of Ram but no amount is available.. Using Virtual Memory, which delays Cloudlet processing.
[0;39m[31mWARN  2.77: CloudletSchedulerTimeShared: Cloudlet 91 requested 1024 MB of Ram but no amount is available.. Using Virtual Memory, which delays Cloudlet processing.
[0;39m[31mWARN  2.77: CloudletSchedulerTimeShared: Cloudlet 92 requested 1024 MB of Ram but no amount is available.. Using Virtual Memory, which delays Cloudlet processing.
[0;39m[31mWARN  2.77: CloudletSchedulerTimeShared: Cloudlet 44 requested 5498 MB of Ram but just 300 was available. Using Virtual Memory, which delays Cloudlet processing.
[0;39m[31mWARN  2.77: CloudletSchedulerTimeShared: Cloudlet 48 requested 1024 MB of Ram but no amount is available.. Using Virtual Memory, which delays Cloudlet processing.
[0;39m[31mWARN  2.77: CloudletSchedulerTimeShared: Cloudlet 64 requested 1649 MB of Ram but no amount is available.. Using Virtual Memory, which delays Cloudlet processing.
[0;39m[31mWARN  2.77: CloudletSchedulerTimeShared: Cloudlet 65 requested 4398 MB of Ram but no amount is available.. Using Virtual Memory, which delays Cloudlet processing.
[0;39m[31mWARN  2.77: CloudletSchedulerTimeShared: Cloudlet 69 requested 1649 MB of Ram but no amount is available.. Using Virtual Memory, which delays Cloudlet processing.
[0;39m[31mWARN  2.77: CloudletSchedulerTimeShared: Cloudlet 73 requested 1024 MB of Ram but no amount is available.. Using Virtual Memory, which delays Cloudlet processing.
[0;39m[31mWARN  2.77: CloudletSchedulerTimeShared: Cloudlet 75 requested 1649 MB of Ram but no amount is available.. Using Virtual Memory, which delays Cloudlet processing.
[0;39m[31mWARN  2.77: CloudletSchedulerTimeShared: Cloudlet 76 requested 1649 MB of Ram but no amount is available.. Using Virtual Memory, which delays Cloudlet processing.
[0;39m[31mWARN  2.77: CloudletSchedulerTimeShared: Cloudlet 80 requested 1024 MB of Ram but no amount is available.. Using Virtual Memory, which delays Cloudlet processing.
[0;39m[31mWARN  2.77: CloudletSchedulerTimeShared: Cloudlet 93 requested 1024 MB of Ram but no amount is available.. Using Virtual Memory, which delays Cloudlet processing.
[0;39m[31mWARN  2.77: CloudletSchedulerTimeShared: Cloudlet 83 requested 1024 MB of Ram but no amount is available.. Using Virtual Memory, which delays Cloudlet processing.
[0;39m[31mWARN  2.77: CloudletSchedulerTimeShared: Cloudlet 87 requested 1024 MB of Ram but no amount is available.. Using Virtual Memory, which delays Cloudlet processing.
[0;39m[31mWARN  2.77: CloudletSchedulerTimeShared: Cloudlet 94 requested 1024 MB of Ram but no amount is available.. Using Virtual Memory, which delays Cloudlet processing.
[0;39m[31mWARN  2.77: CloudletSchedulerTimeShared: Cloudlet 95 requested 1024 MB of Ram but no amount is available.. Using Virtual Memory, which delays Cloudlet processing.
[0;39m[31mWARN  2.77: CloudletSchedulerTimeShared: Cloudlet 57 requested 1024 MB of Ram but just 798 was available. Using Virtual Memory, which delays Cloudlet processing.
[0;39m[31mWARN  2.77: CloudletSchedulerTimeShared: Cloudlet 58 requested 1649 MB of Ram but no amount is available.. Using Virtual Memory, which delays Cloudlet processing.
[0;39m[31mWARN  2.77: CloudletSchedulerTimeShared: Cloudlet 62 requested 1649 MB of Ram but no amount is available.. Using Virtual Memory, which delays Cloudlet processing.
[0;39m[31mWARN  2.77: CloudletSchedulerTimeShared: Cloudlet 77 requested 1317 MB of Ram but no amount is available.. Using Virtual Memory, which delays Cloudlet processing.
[0;39m[31mWARN  2.77: CloudletSchedulerTimeShared: Cloudlet 90 requested 1024 MB of Ram but no amount is available.. Using Virtual Memory, which delays Cloudlet processing.
[0;39m[31mWARN  2.77: CloudletSchedulerTimeShared: Cloudlet 96 requested 1024 MB of Ram but no amount is available.. Using Virtual Memory, which delays Cloudlet processing.
[0;39m[31mWARN  2.77: CloudletSchedulerTimeShared: Cloudlet 47 requested 1649 MB of Ram but just 1423 was available. Using Virtual Memory, which delays Cloudlet processing.
[0;39m[31mWARN  2.77: CloudletSchedulerTimeShared: Cloudlet 54 requested 1024 MB of Ram but no amount is available.. Using Virtual Memory, which delays Cloudlet processing.
[0;39m[31mWARN  2.77: CloudletSchedulerTimeShared: Cloudlet 88 requested 1024 MB of Ram but no amount is available.. Using Virtual Memory, which delays Cloudlet processing.
[0;39m[31mWARN  2.77: CloudletSchedulerTimeShared: Cloudlet 97 requested 1024 MB of Ram but no amount is available.. Using Virtual Memory, which delays Cloudlet processing.
[0;39m[31mWARN  2.77: CloudletSchedulerTimeShared: Cloudlet 63 requested 1024 MB of Ram but just 819 was available. Using Virtual Memory, which delays Cloudlet processing.
[0;39m[31mWARN  2.77: CloudletSchedulerTimeShared: Cloudlet 68 requested 1024 MB of Ram but no amount is available.. Using Virtual Memory, which delays Cloudlet processing.
[0;39m[31mWARN  2.77: CloudletSchedulerTimeShared: Cloudlet 78 requested 1024 MB of Ram but no amount is available.. Using Virtual Memory, which delays Cloudlet processing.
[0;39m[31mWARN  2.77: CloudletSchedulerTimeShared: Cloudlet 79 requested 1024 MB of Ram but no amount is available.. Using Virtual Memory, which delays Cloudlet processing.
[0;39m[31mWARN  2.77: CloudletSchedulerTimeShared: Cloudlet 81 requested 5498 MB of Ram but no amount is available.. Using Virtual Memory, which delays Cloudlet processing.
[0;39m[31mWARN  2.77: CloudletSchedulerTimeShared: Cloudlet 82 requested 1024 MB of Ram but no amount is available.. Using Virtual Memory, which delays Cloudlet processing.
[0;39m[31mWARN  2.77: CloudletSchedulerTimeShared: Cloudlet 84 requested 1024 MB of Ram but no amount is available.. Using Virtual Memory, which delays Cloudlet processing.
[0;39m[31mWARN  2.77: CloudletSchedulerTimeShared: Cloudlet 98 requested 1024 MB of Ram but no amount is available.. Using Virtual Memory, which delays Cloudlet processing.
[0;39m[31mWARN  2.77: CloudletSchedulerTimeShared: Cloudlet 10 requested 1024 MB of Ram but just 646 was available. Using Virtual Memory, which delays Cloudlet processing.
[0;39m[31mWARN  2.77: CloudletSchedulerTimeShared: Cloudlet 26 requested 1024 MB of Ram but no amount is available.. Using Virtual Memory, which delays Cloudlet processing.
[0;39m[31mWARN  2.77: CloudletSchedulerTimeShared: Cloudlet 38 requested 1024 MB of Ram but no amount is available.. Using Virtual Memory, which delays Cloudlet processing.
[0;39m[31mWARN  2.77: CloudletSchedulerTimeShared: Cloudlet 40 requested 1024 MB of Ram but no amount is available.. Using Virtual Memory, which delays Cloudlet processing.
[0;39m[31mWARN  2.77: CloudletSchedulerTimeShared: Cloudlet 52 requested 1649 MB of Ram but no amount is available.. Using Virtual Memory, which delays Cloudlet processing.
[0;39m[31mWARN  2.77: CloudletSchedulerTimeShared: Cloudlet 61 requested 1024 MB of Ram but no amount is available.. Using Virtual Memory, which delays Cloudlet processing.
[0;39m[31mWARN  2.77: CloudletSchedulerTimeShared: Cloudlet 72 requested 1024 MB of Ram but no amount is available.. Using Virtual Memory, which delays Cloudlet processing.
[0;39m[31mWARN  2.77: CloudletSchedulerTimeShared: Cloudlet 85 requested 1649 MB of Ram but no amount is available.. Using Virtual Memory, which delays Cloudlet processing.
[0;39m[31mWARN  2.77: CloudletSchedulerTimeShared: Cloudlet 99 requested 1024 MB of Ram but no amount is available.. Using Virtual Memory, which delays Cloudlet processing.
[0;39m[31mWARN  2.77: CloudletSchedulerTimeShared: Cloudlet 49 requested 1024 MB of Ram but just 496 was available. Using Virtual Memory, which delays Cloudlet processing.
[0;39m[31mWARN  2.77: CloudletSchedulerTimeShared: Cloudlet 60 requested 1611 MB of Ram but no amount is available.. Using Virtual Memory, which delays Cloudlet processing.
[0;39m[31mWARN  2.77: CloudletSchedulerTimeShared: Cloudlet 70 requested 1024 MB of Ram but no amount is available.. Using Virtual Memory, which delays Cloudlet processing.
[0;39m[31mWARN  2.77: CloudletSchedulerTimeShared: Cloudlet 71 requested 1024 MB of Ram but no amount is available.. Using Virtual Memory, which delays Cloudlet processing.
[0;39m[31mWARN  2.77: CloudletSchedulerTimeShared: Cloudlet 74 requested 1649 MB of Ram but no amount is available.. Using Virtual Memory, which delays Cloudlet processing.
[0;39m[31mWARN  2.77: CloudletSchedulerTimeShared: Cloudlet 86 requested 1024 MB of Ram but no amount is available.. Using Virtual Memory, which delays Cloudlet processing.
[0;39m[31mWARN  2.77: CloudletSchedulerTimeShared: Cloudlet 89 requested 1024 MB of Ram but no amount is available.. Using Virtual Memory, which delays Cloudlet processing.
[0;39m[34mINFO  2.77: DatacenterBrokerSimple2: Cloudlet 16 finished in Vm 6 and returned to broker.
[0;39m[34mINFO  2.77: DatacenterBrokerSimple2: Cloudlet 36 finished in Vm 6 and returned to broker.
[0;39m[34mINFO  2.77: DatacenterBrokerSimple2: Cloudlet 51 finished in Vm 6 and returned to broker.
[0;39m[31mWARN  2.88: CloudletSchedulerTimeShared: Cloudlet 66 requested 1127 MB of Ram but just 1024 was available. Using Virtual Memory, which delays Cloudlet processing.
[0;39m[31mWARN  2.88: CloudletSchedulerTimeShared: Cloudlet 67 requested 1024 MB of Ram but no amount is available.. Using Virtual Memory, which delays Cloudlet processing.
[0;39m[31mWARN  2.88: CloudletSchedulerTimeShared: Cloudlet 91 requested 1024 MB of Ram but no amount is available.. Using Virtual Memory, which delays Cloudlet processing.
[0;39m[31mWARN  2.88: CloudletSchedulerTimeShared: Cloudlet 92 requested 1024 MB of Ram but no amount is available.. Using Virtual Memory, which delays Cloudlet processing.
[0;39m[31mWARN  2.88: CloudletSchedulerTimeShared: Cloudlet 44 requested 5498 MB of Ram but just 300 was available. Using Virtual Memory, which delays Cloudlet processing.
[0;39m[31mWARN  2.88: CloudletSchedulerTimeShared: Cloudlet 48 requested 1024 MB of Ram but no amount is available.. Using Virtual Memory, which delays Cloudlet processing.
[0;39m[31mWARN  2.88: CloudletSchedulerTimeShared: Cloudlet 64 requested 1649 MB of Ram but no amount is available.. Using Virtual Memory, which delays Cloudlet processing.
[0;39m[31mWARN  2.88: CloudletSchedulerTimeShared: Cloudlet 65 requested 4398 MB of Ram but no amount is available.. Using Virtual Memory, which delays Cloudlet processing.
[0;39m[31mWARN  2.88: CloudletSchedulerTimeShared: Cloudlet 69 requested 1649 MB of Ram but no amount is available.. Using Virtual Memory, which delays Cloudlet processing.
[0;39m[31mWARN  2.88: CloudletSchedulerTimeShared: Cloudlet 73 requested 1024 MB of Ram but no amount is available.. Using Virtual Memory, which delays Cloudlet processing.
[0;39m[31mWARN  2.88: CloudletSchedulerTimeShared: Cloudlet 75 requested 1649 MB of Ram but no amount is available.. Using Virtual Memory, which delays Cloudlet processing.
[0;39m[31mWARN  2.88: CloudletSchedulerTimeShared: Cloudlet 76 requested 1649 MB of Ram but no amount is available.. Using Virtual Memory, which delays Cloudlet processing.
[0;39m[31mWARN  2.88: CloudletSchedulerTimeShared: Cloudlet 80 requested 1024 MB of Ram but no amount is available.. Using Virtual Memory, which delays Cloudlet processing.
[0;39m[31mWARN  2.88: CloudletSchedulerTimeShared: Cloudlet 93 requested 1024 MB of Ram but no amount is available.. Using Virtual Memory, which delays Cloudlet processing.
[0;39m[31mWARN  2.88: CloudletSchedulerTimeShared: Cloudlet 83 requested 1024 MB of Ram but no amount is available.. Using Virtual Memory, which delays Cloudlet processing.
[0;39m[31mWARN  2.88: CloudletSchedulerTimeShared: Cloudlet 87 requested 1024 MB of Ram but no amount is available.. Using Virtual Memory, which delays Cloudlet processing.
[0;39m[31mWARN  2.88: CloudletSchedulerTimeShared: Cloudlet 94 requested 1024 MB of Ram but no amount is available.. Using Virtual Memory, which delays Cloudlet processing.
[0;39m[31mWARN  2.88: CloudletSchedulerTimeShared: Cloudlet 95 requested 1024 MB of Ram but no amount is available.. Using Virtual Memory, which delays Cloudlet processing.
[0;39m[31mWARN  2.88: CloudletSchedulerTimeShared: Cloudlet 57 requested 1024 MB of Ram but just 798 was available. Using Virtual Memory, which delays Cloudlet processing.
[0;39m[31mWARN  2.88: CloudletSchedulerTimeShared: Cloudlet 58 requested 1649 MB of Ram but no amount is available.. Using Virtual Memory, which delays Cloudlet processing.
[0;39m[31mWARN  2.88: CloudletSchedulerTimeShared: Cloudlet 62 requested 1649 MB of Ram but no amount is available.. Using Virtual Memory, which delays Cloudlet processing.
[0;39m[31mWARN  2.88: CloudletSchedulerTimeShared: Cloudlet 77 requested 1317 MB of Ram but no amount is available.. Using Virtual Memory, which delays Cloudlet processing.
[0;39m[31mWARN  2.88: CloudletSchedulerTimeShared: Cloudlet 90 requested 1024 MB of Ram but no amount is available.. Using Virtual Memory, which delays Cloudlet processing.
[0;39m[31mWARN  2.88: CloudletSchedulerTimeShared: Cloudlet 96 requested 1024 MB of Ram but no amount is available.. Using Virtual Memory, which delays Cloudlet processing.
[0;39m[31mWARN  2.88: CloudletSchedulerTimeShared: Cloudlet 47 requested 1649 MB of Ram but just 1423 was available. Using Virtual Memory, which delays Cloudlet processing.
[0;39m[31mWARN  2.88: CloudletSchedulerTimeShared: Cloudlet 54 requested 1024 MB of Ram but no amount is available.. Using Virtual Memory, which delays Cloudlet processing.
[0;39m[31mWARN  2.88: CloudletSchedulerTimeShared: Cloudlet 88 requested 1024 MB of Ram but no amount is available.. Using Virtual Memory, which delays Cloudlet processing.
[0;39m[31mWARN  2.88: CloudletSchedulerTimeShared: Cloudlet 97 requested 1024 MB of Ram but no amount is available.. Using Virtual Memory, which delays Cloudlet processing.
[0;39m[31mWARN  2.88: CloudletSchedulerTimeShared: Cloudlet 81 requested 5498 MB of Ram but just 4269 was available. Using Virtual Memory, which delays Cloudlet processing.
[0;39m[31mWARN  2.88: CloudletSchedulerTimeShared: Cloudlet 82 requested 1024 MB of Ram but no amount is available.. Using Virtual Memory, which delays Cloudlet processing.
[0;39m[31mWARN  2.88: CloudletSchedulerTimeShared: Cloudlet 84 requested 1024 MB of Ram but no amount is available.. Using Virtual Memory, which delays Cloudlet processing.
[0;39m[31mWARN  2.88: CloudletSchedulerTimeShared: Cloudlet 98 requested 1024 MB of Ram but no amount is available.. Using Virtual Memory, which delays Cloudlet processing.
[0;39m[31mWARN  2.88: CloudletSchedulerTimeShared: Cloudlet 10 requested 1024 MB of Ram but just 646 was available. Using Virtual Memory, which delays Cloudlet processing.
[0;39m[31mWARN  2.88: CloudletSchedulerTimeShared: Cloudlet 26 requested 1024 MB of Ram but no amount is available.. Using Virtual Memory, which delays Cloudlet processing.
[0;39m[31mWARN  2.88: CloudletSchedulerTimeShared: Cloudlet 38 requested 1024 MB of Ram but no amount is available.. Using Virtual Memory, which delays Cloudlet processing.
[0;39m[31mWARN  2.88: CloudletSchedulerTimeShared: Cloudlet 40 requested 1024 MB of Ram but no amount is available.. Using Virtual Memory, which delays Cloudlet processing.
[0;39m[31mWARN  2.88: CloudletSchedulerTimeShared: Cloudlet 52 requested 1649 MB of Ram but no amount is available.. Using Virtual Memory, which delays Cloudlet processing.
[0;39m[31mWARN  2.88: CloudletSchedulerTimeShared: Cloudlet 61 requested 1024 MB of Ram but no amount is available.. Using Virtual Memory, which delays Cloudlet processing.
[0;39m[31mWARN  2.88: CloudletSchedulerTimeShared: Cloudlet 72 requested 1024 MB of Ram but no amount is available.. Using Virtual Memory, which delays Cloudlet processing.
[0;39m[31mWARN  2.88: CloudletSchedulerTimeShared: Cloudlet 85 requested 1649 MB of Ram but no amount is available.. Using Virtual Memory, which delays Cloudlet processing.
[0;39m[31mWARN  2.88: CloudletSchedulerTimeShared: Cloudlet 99 requested 1024 MB of Ram but no amount is available.. Using Virtual Memory, which delays Cloudlet processing.
[0;39m[31mWARN  2.88: CloudletSchedulerTimeShared: Cloudlet 49 requested 1024 MB of Ram but just 496 was available. Using Virtual Memory, which delays Cloudlet processing.
[0;39m[31mWARN  2.88: CloudletSchedulerTimeShared: Cloudlet 60 requested 1611 MB of Ram but no amount is available.. Using Virtual Memory, which delays Cloudlet processing.
[0;39m[31mWARN  2.88: CloudletSchedulerTimeShared: Cloudlet 70 requested 1024 MB of Ram but no amount is available.. Using Virtual Memory, which delays Cloudlet processing.
[0;39m[31mWARN  2.88: CloudletSchedulerTimeShared: Cloudlet 71 requested 1024 MB of Ram but no amount is available.. Using Virtual Memory, which delays Cloudlet processing.
[0;39m[31mWARN  2.88: CloudletSchedulerTimeShared: Cloudlet 74 requested 1649 MB of Ram but no amount is available.. Using Virtual Memory, which delays Cloudlet processing.
[0;39m[31mWARN  2.88: CloudletSchedulerTimeShared: Cloudlet 86 requested 1024 MB of Ram but no amount is available.. Using Virtual Memory, which delays Cloudlet processing.
[0;39m[31mWARN  2.88: CloudletSchedulerTimeShared: Cloudlet 89 requested 1024 MB of Ram but no amount is available.. Using Virtual Memory, which delays Cloudlet processing.
[0;39m[31mWARN  2.99: CloudletSchedulerTimeShared: Cloudlet 66 requested 1127 MB of Ram but just 1024 was available. Using Virtual Memory, which delays Cloudlet processing.
[0;39m[31mWARN  2.99: CloudletSchedulerTimeShared: Cloudlet 67 requested 1024 MB of Ram but no amount is available.. Using Virtual Memory, which delays Cloudlet processing.
[0;39m[31mWARN  2.99: CloudletSchedulerTimeShared: Cloudlet 91 requested 1024 MB of Ram but no amount is available.. Using Virtual Memory, which delays Cloudlet processing.
[0;39m[31mWARN  2.99: CloudletSchedulerTimeShared: Cloudlet 92 requested 1024 MB of Ram but no amount is available.. Using Virtual Memory, which delays Cloudlet processing.
[0;39m[31mWARN  2.99: CloudletSchedulerTimeShared: Cloudlet 44 requested 5498 MB of Ram but just 300 was available. Using Virtual Memory, which delays Cloudlet processing.
[0;39m[31mWARN  2.99: CloudletSchedulerTimeShared: Cloudlet 48 requested 1024 MB of Ram but no amount is available.. Using Virtual Memory, which delays Cloudlet processing.
[0;39m[31mWARN  2.99: CloudletSchedulerTimeShared: Cloudlet 64 requested 1649 MB of Ram but no amount is available.. Using Virtual Memory, which delays Cloudlet processing.
[0;39m[31mWARN  2.99: CloudletSchedulerTimeShared: Cloudlet 65 requested 4398 MB of Ram but no amount is available.. Using Virtual Memory, which delays Cloudlet processing.
[0;39m[31mWARN  2.99: CloudletSchedulerTimeShared: Cloudlet 69 requested 1649 MB of Ram but no amount is available.. Using Virtual Memory, which delays Cloudlet processing.
[0;39m[31mWARN  2.99: CloudletSchedulerTimeShared: Cloudlet 73 requested 1024 MB of Ram but no amount is available.. Using Virtual Memory, which delays Cloudlet processing.
[0;39m[31mWARN  2.99: CloudletSchedulerTimeShared: Cloudlet 75 requested 1649 MB of Ram but no amount is available.. Using Virtual Memory, which delays Cloudlet processing.
[0;39m[31mWARN  2.99: CloudletSchedulerTimeShared: Cloudlet 76 requested 1649 MB of Ram but no amount is available.. Using Virtual Memory, which delays Cloudlet processing.
[0;39m[31mWARN  2.99: CloudletSchedulerTimeShared: Cloudlet 80 requested 1024 MB of Ram but no amount is available.. Using Virtual Memory, which delays Cloudlet processing.
[0;39m[31mWARN  2.99: CloudletSchedulerTimeShared: Cloudlet 93 requested 1024 MB of Ram but no amount is available.. Using Virtual Memory, which delays Cloudlet processing.
[0;39m[31mWARN  2.99: CloudletSchedulerTimeShared: Cloudlet 83 requested 1024 MB of Ram but no amount is available.. Using Virtual Memory, which delays Cloudlet processing.
[0;39m[31mWARN  2.99: CloudletSchedulerTimeShared: Cloudlet 87 requested 1024 MB of Ram but no amount is available.. Using Virtual Memory, which delays Cloudlet processing.
[0;39m[31mWARN  2.99: CloudletSchedulerTimeShared: Cloudlet 94 requested 1024 MB of Ram but no amount is available.. Using Virtual Memory, which delays Cloudlet processing.
[0;39m[31mWARN  2.99: CloudletSchedulerTimeShared: Cloudlet 95 requested 1024 MB of Ram but no amount is available.. Using Virtual Memory, which delays Cloudlet processing.
[0;39m[31mWARN  2.99: CloudletSchedulerTimeShared: Cloudlet 57 requested 1024 MB of Ram but just 798 was available. Using Virtual Memory, which delays Cloudlet processing.
[0;39m[31mWARN  2.99: CloudletSchedulerTimeShared: Cloudlet 58 requested 1649 MB of Ram but no amount is available.. Using Virtual Memory, which delays Cloudlet processing.
[0;39m[31mWARN  2.99: CloudletSchedulerTimeShared: Cloudlet 62 requested 1649 MB of Ram but no amount is available.. Using Virtual Memory, which delays Cloudlet processing.
[0;39m[31mWARN  2.99: CloudletSchedulerTimeShared: Cloudlet 77 requested 1317 MB of Ram but no amount is available.. Using Virtual Memory, which delays Cloudlet processing.
[0;39m[31mWARN  2.99: CloudletSchedulerTimeShared: Cloudlet 90 requested 1024 MB of Ram but no amount is available.. Using Virtual Memory, which delays Cloudlet processing.
[0;39m[31mWARN  2.99: CloudletSchedulerTimeShared: Cloudlet 96 requested 1024 MB of Ram but no amount is available.. Using Virtual Memory, which delays Cloudlet processing.
[0;39m[31mWARN  2.99: CloudletSchedulerTimeShared: Cloudlet 47 requested 1649 MB of Ram but just 1423 was available. Using Virtual Memory, which delays Cloudlet processing.
[0;39m[31mWARN  2.99: CloudletSchedulerTimeShared: Cloudlet 54 requested 1024 MB of Ram but no amount is available.. Using Virtual Memory, which delays Cloudlet processing.
[0;39m[31mWARN  2.99: CloudletSchedulerTimeShared: Cloudlet 88 requested 1024 MB of Ram but no amount is available.. Using Virtual Memory, which delays Cloudlet processing.
[0;39m[31mWARN  2.99: CloudletSchedulerTimeShared: Cloudlet 97 requested 1024 MB of Ram but no amount is available.. Using Virtual Memory, which delays Cloudlet processing.
[0;39m[31mWARN  2.99: CloudletSchedulerTimeShared: Cloudlet 81 requested 5498 MB of Ram but just 4269 was available. Using Virtual Memory, which delays Cloudlet processing.
[0;39m[31mWARN  2.99: CloudletSchedulerTimeShared: Cloudlet 82 requested 1024 MB of Ram but no amount is available.. Using Virtual Memory, which delays Cloudlet processing.
[0;39m[31mWARN  2.99: CloudletSchedulerTimeShared: Cloudlet 84 requested 1024 MB of Ram but no amount is available.. Using Virtual Memory, which delays Cloudlet processing.
[0;39m[31mWARN  2.99: CloudletSchedulerTimeShared: Cloudlet 98 requested 1024 MB of Ram but no amount is available.. Using Virtual Memory, which delays Cloudlet processing.
[0;39m[31mWARN  2.99: CloudletSchedulerTimeShared: Cloudlet 10 requested 1024 MB of Ram but just 646 was available. Using Virtual Memory, which delays Cloudlet processing.
[0;39m[31mWARN  2.99: CloudletSchedulerTimeShared: Cloudlet 26 requested 1024 MB of Ram but no amount is available.. Using Virtual Memory, which delays Cloudlet processing.
[0;39m[31mWARN  2.99: CloudletSchedulerTimeShared: Cloudlet 38 requested 1024 MB of Ram but no amount is available.. Using Virtual Memory, which delays Cloudlet processing.
[0;39m[31mWARN  2.99: CloudletSchedulerTimeShared: Cloudlet 40 requested 1024 MB of Ram but no amount is available.. Using Virtual Memory, which delays Cloudlet processing.
[0;39m[31mWARN  2.99: CloudletSchedulerTimeShared: Cloudlet 52 requested 1649 MB of Ram but no amount is available.. Using Virtual Memory, which delays Cloudlet processing.
[0;39m[31mWARN  2.99: CloudletSchedulerTimeShared: Cloudlet 61 requested 1024 MB of Ram but no amount is available.. Using Virtual Memory, which delays Cloudlet processing.
[0;39m[31mWARN  2.99: CloudletSchedulerTimeShared: Cloudlet 72 requested 1024 MB of Ram but no amount is available.. Using Virtual Memory, which delays Cloudlet processing.
[0;39m[31mWARN  2.99: CloudletSchedulerTimeShared: Cloudlet 85 requested 1649 MB of Ram but no amount is available.. Using Virtual Memory, which delays Cloudlet processing.
[0;39m[31mWARN  2.99: CloudletSchedulerTimeShared: Cloudlet 99 requested 1024 MB of Ram but no amount is available.. Using Virtual Memory, which delays Cloudlet processing.
[0;39m[31mWARN  2.99: CloudletSchedulerTimeShared: Cloudlet 49 requested 1024 MB of Ram but just 496 was available. Using Virtual Memory, which delays Cloudlet processing.
[0;39m[31mWARN  2.99: CloudletSchedulerTimeShared: Cloudlet 60 requested 1611 MB of Ram but no amount is available.. Using Virtual Memory, which delays Cloudlet processing.
[0;39m[31mWARN  2.99: CloudletSchedulerTimeShared: Cloudlet 70 requested 1024 MB of Ram but no amount is available.. Using Virtual Memory, which delays Cloudlet processing.
[0;39m[31mWARN  2.99: CloudletSchedulerTimeShared: Cloudlet 71 requested 1024 MB of Ram but no amount is available.. Using Virtual Memory, which delays Cloudlet processing.
[0;39m[31mWARN  2.99: CloudletSchedulerTimeShared: Cloudlet 74 requested 1649 MB of Ram but no amount is available.. Using Virtual Memory, which delays Cloudlet processing.
[0;39m[31mWARN  2.99: CloudletSchedulerTimeShared: Cloudlet 86 requested 1024 MB of Ram but no amount is available.. Using Virtual Memory, which delays Cloudlet processing.
[0;39m[31mWARN  2.99: CloudletSchedulerTimeShared: Cloudlet 89 requested 1024 MB of Ram but no amount is available.. Using Virtual Memory, which delays Cloudlet processing.
[0;39m[34mINFO  2.99: DatacenterBrokerSimple2: Cloudlet 1 finished in Vm 7 and returned to broker.
[0;39m[34mINFO  2.99: DatacenterBrokerSimple2: Cloudlet 18 finished in Vm 7 and returned to broker.
[0;39m[34mINFO  2.99: DatacenterBrokerSimple2: Cloudlet 33 finished in Vm 7 and returned to broker.
[0;39m[34mINFO  2.99: DatacenterBrokerSimple2: Cloudlet 34 finished in Vm 7 and returned to broker.
[0;39m[34mINFO  2.99: DatacenterBrokerSimple2: Cloudlet 41 finished in Vm 7 and returned to broker.
[0;39m[31mWARN  3.10: CloudletSchedulerTimeShared: Cloudlet 66 requested 1127 MB of Ram but just 1024 was available. Using Virtual Memory, which delays Cloudlet processing.
[0;39m[31mWARN  3.10: CloudletSchedulerTimeShared: Cloudlet 67 requested 1024 MB of Ram but no amount is available.. Using Virtual Memory, which delays Cloudlet processing.
[0;39m[31mWARN  3.10: CloudletSchedulerTimeShared: Cloudlet 91 requested 1024 MB of Ram but no amount is available.. Using Virtual Memory, which delays Cloudlet processing.
[0;39m[31mWARN  3.10: CloudletSchedulerTimeShared: Cloudlet 92 requested 1024 MB of Ram but no amount is available.. Using Virtual Memory, which delays Cloudlet processing.
[0;39m[31mWARN  3.10: CloudletSchedulerTimeShared: Cloudlet 44 requested 5498 MB of Ram but just 300 was available. Using Virtual Memory, which delays Cloudlet processing.
[0;39m[31mWARN  3.10: CloudletSchedulerTimeShared: Cloudlet 48 requested 1024 MB of Ram but no amount is available.. Using Virtual Memory, which delays Cloudlet processing.
[0;39m[31mWARN  3.10: CloudletSchedulerTimeShared: Cloudlet 64 requested 1649 MB of Ram but no amount is available.. Using Virtual Memory, which delays Cloudlet processing.
[0;39m[31mWARN  3.10: CloudletSchedulerTimeShared: Cloudlet 65 requested 4398 MB of Ram but no amount is available.. Using Virtual Memory, which delays Cloudlet processing.
[0;39m[31mWARN  3.10: CloudletSchedulerTimeShared: Cloudlet 69 requested 1649 MB of Ram but no amount is available.. Using Virtual Memory, which delays Cloudlet processing.
[0;39m[31mWARN  3.10: CloudletSchedulerTimeShared: Cloudlet 73 requested 1024 MB of Ram but no amount is available.. Using Virtual Memory, which delays Cloudlet processing.
[0;39m[31mWARN  3.10: CloudletSchedulerTimeShared: Cloudlet 75 requested 1649 MB of Ram but no amount is available.. Using Virtual Memory, which delays Cloudlet processing.
[0;39m[31mWARN  3.10: CloudletSchedulerTimeShared: Cloudlet 76 requested 1649 MB of Ram but no amount is available.. Using Virtual Memory, which delays Cloudlet processing.
[0;39m[31mWARN  3.10: CloudletSchedulerTimeShared: Cloudlet 80 requested 1024 MB of Ram but no amount is available.. Using Virtual Memory, which delays Cloudlet processing.
[0;39m[31mWARN  3.10: CloudletSchedulerTimeShared: Cloudlet 93 requested 1024 MB of Ram but no amount is available.. Using Virtual Memory, which delays Cloudlet processing.
[0;39m[31mWARN  3.10: CloudletSchedulerTimeShared: Cloudlet 83 requested 1024 MB of Ram but no amount is available.. Using Virtual Memory, which delays Cloudlet processing.
[0;39m[31mWARN  3.10: CloudletSchedulerTimeShared: Cloudlet 87 requested 1024 MB of Ram but no amount is available.. Using Virtual Memory, which delays Cloudlet processing.
[0;39m[31mWARN  3.10: CloudletSchedulerTimeShared: Cloudlet 94 requested 1024 MB of Ram but no amount is available.. Using Virtual Memory, which delays Cloudlet processing.
[0;39m[31mWARN  3.10: CloudletSchedulerTimeShared: Cloudlet 95 requested 1024 MB of Ram but no amount is available.. Using Virtual Memory, which delays Cloudlet processing.
[0;39m[31mWARN  3.10: CloudletSchedulerTimeShared: Cloudlet 57 requested 1024 MB of Ram but just 798 was available. Using Virtual Memory, which delays Cloudlet processing.
[0;39m[31mWARN  3.10: CloudletSchedulerTimeShared: Cloudlet 58 requested 1649 MB of Ram but no amount is available.. Using Virtual Memory, which delays Cloudlet processing.
[0;39m[31mWARN  3.10: CloudletSchedulerTimeShared: Cloudlet 62 requested 1649 MB of Ram but no amount is available.. Using Virtual Memory, which delays Cloudlet processing.
[0;39m[31mWARN  3.10: CloudletSchedulerTimeShared: Cloudlet 77 requested 1317 MB of Ram but no amount is available.. Using Virtual Memory, which delays Cloudlet processing.
[0;39m[31mWARN  3.10: CloudletSchedulerTimeShared: Cloudlet 90 requested 1024 MB of Ram but no amount is available.. Using Virtual Memory, which delays Cloudlet processing.
[0;39m[31mWARN  3.10: CloudletSchedulerTimeShared: Cloudlet 96 requested 1024 MB of Ram but no amount is available.. Using Virtual Memory, which delays Cloudlet processing.
[0;39m[31mWARN  3.10: CloudletSchedulerTimeShared: Cloudlet 47 requested 1649 MB of Ram but just 1423 was available. Using Virtual Memory, which delays Cloudlet processing.
[0;39m[31mWARN  3.10: CloudletSchedulerTimeShared: Cloudlet 54 requested 1024 MB of Ram but no amount is available.. Using Virtual Memory, which delays Cloudlet processing.
[0;39m[31mWARN  3.10: CloudletSchedulerTimeShared: Cloudlet 88 requested 1024 MB of Ram but no amount is available.. Using Virtual Memory, which delays Cloudlet processing.
[0;39m[31mWARN  3.10: CloudletSchedulerTimeShared: Cloudlet 97 requested 1024 MB of Ram but no amount is available.. Using Virtual Memory, which delays Cloudlet processing.
[0;39m[31mWARN  3.10: CloudletSchedulerTimeShared: Cloudlet 81 requested 5498 MB of Ram but just 4269 was available. Using Virtual Memory, which delays Cloudlet processing.
[0;39m[31mWARN  3.10: CloudletSchedulerTimeShared: Cloudlet 82 requested 1024 MB of Ram but no amount is available.. Using Virtual Memory, which delays Cloudlet processing.
[0;39m[31mWARN  3.10: CloudletSchedulerTimeShared: Cloudlet 84 requested 1024 MB of Ram but no amount is available.. Using Virtual Memory, which delays Cloudlet processing.
[0;39m[31mWARN  3.10: CloudletSchedulerTimeShared: Cloudlet 98 requested 1024 MB of Ram but no amount is available.. Using Virtual Memory, which delays Cloudlet processing.
[0;39m[31mWARN  3.10: CloudletSchedulerTimeShared: Cloudlet 10 requested 1024 MB of Ram but just 646 was available. Using Virtual Memory, which delays Cloudlet processing.
[0;39m[31mWARN  3.10: CloudletSchedulerTimeShared: Cloudlet 26 requested 1024 MB of Ram but no amount is available.. Using Virtual Memory, which delays Cloudlet processing.
[0;39m[31mWARN  3.10: CloudletSchedulerTimeShared: Cloudlet 38 requested 1024 MB of Ram but no amount is available.. Using Virtual Memory, which delays Cloudlet processing.
[0;39m[31mWARN  3.10: CloudletSchedulerTimeShared: Cloudlet 40 requested 1024 MB of Ram but no amount is available.. Using Virtual Memory, which delays Cloudlet processing.
[0;39m[31mWARN  3.10: CloudletSchedulerTimeShared: Cloudlet 52 requested 1649 MB of Ram but no amount is available.. Using Virtual Memory, which delays Cloudlet processing.
[0;39m[31mWARN  3.10: CloudletSchedulerTimeShared: Cloudlet 61 requested 1024 MB of Ram but no amount is available.. Using Virtual Memory, which delays Cloudlet processing.
[0;39m[31mWARN  3.10: CloudletSchedulerTimeShared: Cloudlet 72 requested 1024 MB of Ram but no amount is available.. Using Virtual Memory, which delays Cloudlet processing.
[0;39m[31mWARN  3.10: CloudletSchedulerTimeShared: Cloudlet 85 requested 1649 MB of Ram but no amount is available.. Using Virtual Memory, which delays Cloudlet processing.
[0;39m[31mWARN  3.10: CloudletSchedulerTimeShared: Cloudlet 99 requested 1024 MB of Ram but no amount is available.. Using Virtual Memory, which delays Cloudlet processing.
[0;39m[31mWARN  3.10: CloudletSchedulerTimeShared: Cloudlet 74 requested 1649 MB of Ram but just 933 was available. Using Virtual Memory, which delays Cloudlet processing.
[0;39m[31mWARN  3.10: CloudletSchedulerTimeShared: Cloudlet 86 requested 1024 MB of Ram but no amount is available.. Using Virtual Memory, which delays Cloudlet processing.
[0;39m[31mWARN  3.10: CloudletSchedulerTimeShared: Cloudlet 89 requested 1024 MB of Ram but no amount is available.. Using Virtual Memory, which delays Cloudlet processing.
[0;39m[31mWARN  3.23: CloudletSchedulerTimeShared: Cloudlet 66 requested 1127 MB of Ram but just 1024 was available. Using Virtual Memory, which delays Cloudlet processing.
[0;39m[31mWARN  3.23: CloudletSchedulerTimeShared: Cloudlet 67 requested 1024 MB of Ram but no amount is available.. Using Virtual Memory, which delays Cloudlet processing.
[0;39m[31mWARN  3.23: CloudletSchedulerTimeShared: Cloudlet 91 requested 1024 MB of Ram but no amount is available.. Using Virtual Memory, which delays Cloudlet processing.
[0;39m[31mWARN  3.23: CloudletSchedulerTimeShared: Cloudlet 92 requested 1024 MB of Ram but no amount is available.. Using Virtual Memory, which delays Cloudlet processing.
[0;39m[31mWARN  3.23: CloudletSchedulerTimeShared: Cloudlet 44 requested 5498 MB of Ram but just 300 was available. Using Virtual Memory, which delays Cloudlet processing.
[0;39m[31mWARN  3.23: CloudletSchedulerTimeShared: Cloudlet 48 requested 1024 MB of Ram but no amount is available.. Using Virtual Memory, which delays Cloudlet processing.
[0;39m[31mWARN  3.23: CloudletSchedulerTimeShared: Cloudlet 64 requested 1649 MB of Ram but no amount is available.. Using Virtual Memory, which delays Cloudlet processing.
[0;39m[31mWARN  3.23: CloudletSchedulerTimeShared: Cloudlet 65 requested 4398 MB of Ram but no amount is available.. Using Virtual Memory, which delays Cloudlet processing.
[0;39m[31mWARN  3.23: CloudletSchedulerTimeShared: Cloudlet 69 requested 1649 MB of Ram but no amount is available.. Using Virtual Memory, which delays Cloudlet processing.
[0;39m[31mWARN  3.23: CloudletSchedulerTimeShared: Cloudlet 73 requested 1024 MB of Ram but no amount is available.. Using Virtual Memory, which delays Cloudlet processing.
[0;39m[31mWARN  3.23: CloudletSchedulerTimeShared: Cloudlet 75 requested 1649 MB of Ram but no amount is available.. Using Virtual Memory, which delays Cloudlet processing.
[0;39m[31mWARN  3.23: CloudletSchedulerTimeShared: Cloudlet 76 requested 1649 MB of Ram but no amount is available.. Using Virtual Memory, which delays Cloudlet processing.
[0;39m[31mWARN  3.23: CloudletSchedulerTimeShared: Cloudlet 80 requested 1024 MB of Ram but no amount is available.. Using Virtual Memory, which delays Cloudlet processing.
[0;39m[31mWARN  3.23: CloudletSchedulerTimeShared: Cloudlet 93 requested 1024 MB of Ram but no amount is available.. Using Virtual Memory, which delays Cloudlet processing.
[0;39m[31mWARN  3.23: CloudletSchedulerTimeShared: Cloudlet 83 requested 1024 MB of Ram but no amount is available.. Using Virtual Memory, which delays Cloudlet processing.
[0;39m[31mWARN  3.23: CloudletSchedulerTimeShared: Cloudlet 87 requested 1024 MB of Ram but no amount is available.. Using Virtual Memory, which delays Cloudlet processing.
[0;39m[31mWARN  3.23: CloudletSchedulerTimeShared: Cloudlet 94 requested 1024 MB of Ram but no amount is available.. Using Virtual Memory, which delays Cloudlet processing.
[0;39m[31mWARN  3.23: CloudletSchedulerTimeShared: Cloudlet 95 requested 1024 MB of Ram but no amount is available.. Using Virtual Memory, which delays Cloudlet processing.
[0;39m[31mWARN  3.23: CloudletSchedulerTimeShared: Cloudlet 57 requested 1024 MB of Ram but just 798 was available. Using Virtual Memory, which delays Cloudlet processing.
[0;39m[31mWARN  3.23: CloudletSchedulerTimeShared: Cloudlet 58 requested 1649 MB of Ram but no amount is available.. Using Virtual Memory, which delays Cloudlet processing.
[0;39m[31mWARN  3.23: CloudletSchedulerTimeShared: Cloudlet 62 requested 1649 MB of Ram but no amount is available.. Using Virtual Memory, which delays Cloudlet processing.
[0;39m[31mWARN  3.23: CloudletSchedulerTimeShared: Cloudlet 77 requested 1317 MB of Ram but no amount is available.. Using Virtual Memory, which delays Cloudlet processing.
[0;39m[31mWARN  3.23: CloudletSchedulerTimeShared: Cloudlet 90 requested 1024 MB of Ram but no amount is available.. Using Virtual Memory, which delays Cloudlet processing.
[0;39m[31mWARN  3.23: CloudletSchedulerTimeShared: Cloudlet 96 requested 1024 MB of Ram but no amount is available.. Using Virtual Memory, which delays Cloudlet processing.
[0;39m[31mWARN  3.23: CloudletSchedulerTimeShared: Cloudlet 47 requested 1649 MB of Ram but just 1423 was available. Using Virtual Memory, which delays Cloudlet processing.
[0;39m[31mWARN  3.23: CloudletSchedulerTimeShared: Cloudlet 54 requested 1024 MB of Ram but no amount is available.. Using Virtual Memory, which delays Cloudlet processing.
[0;39m[31mWARN  3.23: CloudletSchedulerTimeShared: Cloudlet 88 requested 1024 MB of Ram but no amount is available.. Using Virtual Memory, which delays Cloudlet processing.
[0;39m[31mWARN  3.23: CloudletSchedulerTimeShared: Cloudlet 97 requested 1024 MB of Ram but no amount is available.. Using Virtual Memory, which delays Cloudlet processing.
[0;39m[31mWARN  3.23: CloudletSchedulerTimeShared: Cloudlet 81 requested 5498 MB of Ram but just 4269 was available. Using Virtual Memory, which delays Cloudlet processing.
[0;39m[31mWARN  3.23: CloudletSchedulerTimeShared: Cloudlet 82 requested 1024 MB of Ram but no amount is available.. Using Virtual Memory, which delays Cloudlet processing.
[0;39m[31mWARN  3.23: CloudletSchedulerTimeShared: Cloudlet 84 requested 1024 MB of Ram but no amount is available.. Using Virtual Memory, which delays Cloudlet processing.
[0;39m[31mWARN  3.23: CloudletSchedulerTimeShared: Cloudlet 98 requested 1024 MB of Ram but no amount is available.. Using Virtual Memory, which delays Cloudlet processing.
[0;39m[31mWARN  3.23: CloudletSchedulerTimeShared: Cloudlet 10 requested 1024 MB of Ram but just 646 was available. Using Virtual Memory, which delays Cloudlet processing.
[0;39m[31mWARN  3.23: CloudletSchedulerTimeShared: Cloudlet 26 requested 1024 MB of Ram but no amount is available.. Using Virtual Memory, which delays Cloudlet processing.
[0;39m[31mWARN  3.23: CloudletSchedulerTimeShared: Cloudlet 38 requested 1024 MB of Ram but no amount is available.. Using Virtual Memory, which delays Cloudlet processing.
[0;39m[31mWARN  3.23: CloudletSchedulerTimeShared: Cloudlet 40 requested 1024 MB of Ram but no amount is available.. Using Virtual Memory, which delays Cloudlet processing.
[0;39m[31mWARN  3.23: CloudletSchedulerTimeShared: Cloudlet 52 requested 1649 MB of Ram but no amount is available.. Using Virtual Memory, which delays Cloudlet processing.
[0;39m[31mWARN  3.23: CloudletSchedulerTimeShared: Cloudlet 61 requested 1024 MB of Ram but no amount is available.. Using Virtual Memory, which delays Cloudlet processing.
[0;39m[31mWARN  3.23: CloudletSchedulerTimeShared: Cloudlet 72 requested 1024 MB of Ram but no amount is available.. Using Virtual Memory, which delays Cloudlet processing.
[0;39m[31mWARN  3.23: CloudletSchedulerTimeShared: Cloudlet 85 requested 1649 MB of Ram but no amount is available.. Using Virtual Memory, which delays Cloudlet processing.
[0;39m[31mWARN  3.23: CloudletSchedulerTimeShared: Cloudlet 99 requested 1024 MB of Ram but no amount is available.. Using Virtual Memory, which delays Cloudlet processing.
[0;39m[31mWARN  3.23: CloudletSchedulerTimeShared: Cloudlet 74 requested 1649 MB of Ram but just 933 was available. Using Virtual Memory, which delays Cloudlet processing.
[0;39m[31mWARN  3.23: CloudletSchedulerTimeShared: Cloudlet 86 requested 1024 MB of Ram but no amount is available.. Using Virtual Memory, which delays Cloudlet processing.
[0;39m[31mWARN  3.23: CloudletSchedulerTimeShared: Cloudlet 89 requested 1024 MB of Ram but no amount is available.. Using Virtual Memory, which delays Cloudlet processing.
[0;39m[31mWARN  4.74: CloudletSchedulerTimeShared: Cloudlet 66 requested 1127 MB of Ram but just 1024 was available. Using Virtual Memory, which delays Cloudlet processing.
[0;39m[31mWARN  4.74: CloudletSchedulerTimeShared: Cloudlet 67 requested 1024 MB of Ram but no amount is available.. Using Virtual Memory, which delays Cloudlet processing.
[0;39m[31mWARN  4.74: CloudletSchedulerTimeShared: Cloudlet 91 requested 1024 MB of Ram but no amount is available.. Using Virtual Memory, which delays Cloudlet processing.
[0;39m[31mWARN  4.74: CloudletSchedulerTimeShared: Cloudlet 92 requested 1024 MB of Ram but no amount is available.. Using Virtual Memory, which delays Cloudlet processing.
[0;39m[31mWARN  4.74: CloudletSchedulerTimeShared: Cloudlet 44 requested 5498 MB of Ram but just 300 was available. Using Virtual Memory, which delays Cloudlet processing.
[0;39m[31mWARN  4.74: CloudletSchedulerTimeShared: Cloudlet 48 requested 1024 MB of Ram but no amount is available.. Using Virtual Memory, which delays Cloudlet processing.
[0;39m[31mWARN  4.74: CloudletSchedulerTimeShared: Cloudlet 64 requested 1649 MB of Ram but no amount is available.. Using Virtual Memory, which delays Cloudlet processing.
[0;39m[31mWARN  4.74: CloudletSchedulerTimeShared: Cloudlet 65 requested 4398 MB of Ram but no amount is available.. Using Virtual Memory, which delays Cloudlet processing.
[0;39m[31mWARN  4.74: CloudletSchedulerTimeShared: Cloudlet 69 requested 1649 MB of Ram but no amount is available.. Using Virtual Memory, which delays Cloudlet processing.
[0;39m[31mWARN  4.74: CloudletSchedulerTimeShared: Cloudlet 73 requested 1024 MB of Ram but no amount is available.. Using Virtual Memory, which delays Cloudlet processing.
[0;39m[31mWARN  4.74: CloudletSchedulerTimeShared: Cloudlet 75 requested 1649 MB of Ram but no amount is available.. Using Virtual Memory, which delays Cloudlet processing.
[0;39m[31mWARN  4.74: CloudletSchedulerTimeShared: Cloudlet 76 requested 1649 MB of Ram but no amount is available.. Using Virtual Memory, which delays Cloudlet processing.
[0;39m[31mWARN  4.74: CloudletSchedulerTimeShared: Cloudlet 80 requested 1024 MB of Ram but no amount is available.. Using Virtual Memory, which delays Cloudlet processing.
[0;39m[31mWARN  4.74: CloudletSchedulerTimeShared: Cloudlet 93 requested 1024 MB of Ram but no amount is available.. Using Virtual Memory, which delays Cloudlet processing.
[0;39m[31mWARN  4.74: CloudletSchedulerTimeShared: Cloudlet 83 requested 1024 MB of Ram but no amount is available.. Using Virtual Memory, which delays Cloudlet processing.
[0;39m[31mWARN  4.74: CloudletSchedulerTimeShared: Cloudlet 87 requested 1024 MB of Ram but no amount is available.. Using Virtual Memory, which delays Cloudlet processing.
[0;39m[31mWARN  4.74: CloudletSchedulerTimeShared: Cloudlet 94 requested 1024 MB of Ram but no amount is available.. Using Virtual Memory, which delays Cloudlet processing.
[0;39m[31mWARN  4.74: CloudletSchedulerTimeShared: Cloudlet 95 requested 1024 MB of Ram but no amount is available.. Using Virtual Memory, which delays Cloudlet processing.
[0;39m[31mWARN  4.74: CloudletSchedulerTimeShared: Cloudlet 57 requested 1024 MB of Ram but just 798 was available. Using Virtual Memory, which delays Cloudlet processing.
[0;39m[31mWARN  4.74: CloudletSchedulerTimeShared: Cloudlet 58 requested 1649 MB of Ram but no amount is available.. Using Virtual Memory, which delays Cloudlet processing.
[0;39m[31mWARN  4.74: CloudletSchedulerTimeShared: Cloudlet 62 requested 1649 MB of Ram but no amount is available.. Using Virtual Memory, which delays Cloudlet processing.
[0;39m[31mWARN  4.74: CloudletSchedulerTimeShared: Cloudlet 77 requested 1317 MB of Ram but no amount is available.. Using Virtual Memory, which delays Cloudlet processing.
[0;39m[31mWARN  4.74: CloudletSchedulerTimeShared: Cloudlet 90 requested 1024 MB of Ram but no amount is available.. Using Virtual Memory, which delays Cloudlet processing.
[0;39m[31mWARN  4.74: CloudletSchedulerTimeShared: Cloudlet 96 requested 1024 MB of Ram but no amount is available.. Using Virtual Memory, which delays Cloudlet processing.
[0;39m[31mWARN  4.74: CloudletSchedulerTimeShared: Cloudlet 47 requested 1649 MB of Ram but just 1423 was available. Using Virtual Memory, which delays Cloudlet processing.
[0;39m[31mWARN  4.74: CloudletSchedulerTimeShared: Cloudlet 54 requested 1024 MB of Ram but no amount is available.. Using Virtual Memory, which delays Cloudlet processing.
[0;39m[31mWARN  4.74: CloudletSchedulerTimeShared: Cloudlet 88 requested 1024 MB of Ram but no amount is available.. Using Virtual Memory, which delays Cloudlet processing.
[0;39m[31mWARN  4.74: CloudletSchedulerTimeShared: Cloudlet 97 requested 1024 MB of Ram but no amount is available.. Using Virtual Memory, which delays Cloudlet processing.
[0;39m[31mWARN  4.74: CloudletSchedulerTimeShared: Cloudlet 81 requested 5498 MB of Ram but just 4269 was available. Using Virtual Memory, which delays Cloudlet processing.
[0;39m[31mWARN  4.74: CloudletSchedulerTimeShared: Cloudlet 82 requested 1024 MB of Ram but no amount is available.. Using Virtual Memory, which delays Cloudlet processing.
[0;39m[31mWARN  4.74: CloudletSchedulerTimeShared: Cloudlet 84 requested 1024 MB of Ram but no amount is available.. Using Virtual Memory, which delays Cloudlet processing.
[0;39m[31mWARN  4.74: CloudletSchedulerTimeShared: Cloudlet 98 requested 1024 MB of Ram but no amount is available.. Using Virtual Memory, which delays Cloudlet processing.
[0;39m[31mWARN  4.74: CloudletSchedulerTimeShared: Cloudlet 10 requested 1024 MB of Ram but just 646 was available. Using Virtual Memory, which delays Cloudlet processing.
[0;39m[31mWARN  4.74: CloudletSchedulerTimeShared: Cloudlet 26 requested 1024 MB of Ram but no amount is available.. Using Virtual Memory, which delays Cloudlet processing.
[0;39m[31mWARN  4.74: CloudletSchedulerTimeShared: Cloudlet 38 requested 1024 MB of Ram but no amount is available.. Using Virtual Memory, which delays Cloudlet processing.
[0;39m[31mWARN  4.74: CloudletSchedulerTimeShared: Cloudlet 40 requested 1024 MB of Ram but no amount is available.. Using Virtual Memory, which delays Cloudlet processing.
[0;39m[31mWARN  4.74: CloudletSchedulerTimeShared: Cloudlet 52 requested 1649 MB of Ram but no amount is available.. Using Virtual Memory, which delays Cloudlet processing.
[0;39m[31mWARN  4.74: CloudletSchedulerTimeShared: Cloudlet 61 requested 1024 MB of Ram but no amount is available.. Using Virtual Memory, which delays Cloudlet processing.
[0;39m[31mWARN  4.74: CloudletSchedulerTimeShared: Cloudlet 72 requested 1024 MB of Ram but no amount is available.. Using Virtual Memory, which delays Cloudlet processing.
[0;39m[31mWARN  4.74: CloudletSchedulerTimeShared: Cloudlet 85 requested 1649 MB of Ram but no amount is available.. Using Virtual Memory, which delays Cloudlet processing.
[0;39m[31mWARN  4.74: CloudletSchedulerTimeShared: Cloudlet 99 requested 1024 MB of Ram but no amount is available.. Using Virtual Memory, which delays Cloudlet processing.
[0;39m[31mWARN  4.74: CloudletSchedulerTimeShared: Cloudlet 74 requested 1649 MB of Ram but just 933 was available. Using Virtual Memory, which delays Cloudlet processing.
[0;39m[31mWARN  4.74: CloudletSchedulerTimeShared: Cloudlet 86 requested 1024 MB of Ram but no amount is available.. Using Virtual Memory, which delays Cloudlet processing.
[0;39m[31mWARN  4.74: CloudletSchedulerTimeShared: Cloudlet 89 requested 1024 MB of Ram but no amount is available.. Using Virtual Memory, which delays Cloudlet processing.
[0;39m[31mWARN  4.86: CloudletSchedulerTimeShared: Cloudlet 66 requested 1127 MB of Ram but just 1024 was available. Using Virtual Memory, which delays Cloudlet processing.
[0;39m[31mWARN  4.86: CloudletSchedulerTimeShared: Cloudlet 67 requested 1024 MB of Ram but no amount is available.. Using Virtual Memory, which delays Cloudlet processing.
[0;39m[31mWARN  4.86: CloudletSchedulerTimeShared: Cloudlet 91 requested 1024 MB of Ram but no amount is available.. Using Virtual Memory, which delays Cloudlet processing.
[0;39m[31mWARN  4.86: CloudletSchedulerTimeShared: Cloudlet 92 requested 1024 MB of Ram but no amount is available.. Using Virtual Memory, which delays Cloudlet processing.
[0;39m[31mWARN  4.86: CloudletSchedulerTimeShared: Cloudlet 44 requested 5498 MB of Ram but just 300 was available. Using Virtual Memory, which delays Cloudlet processing.
[0;39m[31mWARN  4.86: CloudletSchedulerTimeShared: Cloudlet 48 requested 1024 MB of Ram but no amount is available.. Using Virtual Memory, which delays Cloudlet processing.
[0;39m[31mWARN  4.86: CloudletSchedulerTimeShared: Cloudlet 64 requested 1649 MB of Ram but no amount is available.. Using Virtual Memory, which delays Cloudlet processing.
[0;39m[31mWARN  4.86: CloudletSchedulerTimeShared: Cloudlet 65 requested 4398 MB of Ram but no amount is available.. Using Virtual Memory, which delays Cloudlet processing.
[0;39m[31mWARN  4.86: CloudletSchedulerTimeShared: Cloudlet 69 requested 1649 MB of Ram but no amount is available.. Using Virtual Memory, which delays Cloudlet processing.
[0;39m[31mWARN  4.86: CloudletSchedulerTimeShared: Cloudlet 73 requested 1024 MB of Ram but no amount is available.. Using Virtual Memory, which delays Cloudlet processing.
[0;39m[31mWARN  4.86: CloudletSchedulerTimeShared: Cloudlet 75 requested 1649 MB of Ram but no amount is available.. Using Virtual Memory, which delays Cloudlet processing.
[0;39m[31mWARN  4.86: CloudletSchedulerTimeShared: Cloudlet 76 requested 1649 MB of Ram but no amount is available.. Using Virtual Memory, which delays Cloudlet processing.
[0;39m[31mWARN  4.86: CloudletSchedulerTimeShared: Cloudlet 80 requested 1024 MB of Ram but no amount is available.. Using Virtual Memory, which delays Cloudlet processing.
[0;39m[31mWARN  4.86: CloudletSchedulerTimeShared: Cloudlet 93 requested 1024 MB of Ram but no amount is available.. Using Virtual Memory, which delays Cloudlet processing.
[0;39m[31mWARN  4.86: CloudletSchedulerTimeShared: Cloudlet 83 requested 1024 MB of Ram but no amount is available.. Using Virtual Memory, which delays Cloudlet processing.
[0;39m[31mWARN  4.86: CloudletSchedulerTimeShared: Cloudlet 87 requested 1024 MB of Ram but no amount is available.. Using Virtual Memory, which delays Cloudlet processing.
[0;39m[31mWARN  4.86: CloudletSchedulerTimeShared: Cloudlet 94 requested 1024 MB of Ram but no amount is available.. Using Virtual Memory, which delays Cloudlet processing.
[0;39m[31mWARN  4.86: CloudletSchedulerTimeShared: Cloudlet 95 requested 1024 MB of Ram but no amount is available.. Using Virtual Memory, which delays Cloudlet processing.
[0;39m[31mWARN  4.86: CloudletSchedulerTimeShared: Cloudlet 57 requested 1024 MB of Ram but just 798 was available. Using Virtual Memory, which delays Cloudlet processing.
[0;39m[31mWARN  4.86: CloudletSchedulerTimeShared: Cloudlet 58 requested 1649 MB of Ram but no amount is available.. Using Virtual Memory, which delays Cloudlet processing.
[0;39m[31mWARN  4.86: CloudletSchedulerTimeShared: Cloudlet 62 requested 1649 MB of Ram but no amount is available.. Using Virtual Memory, which delays Cloudlet processing.
[0;39m[31mWARN  4.86: CloudletSchedulerTimeShared: Cloudlet 77 requested 1317 MB of Ram but no amount is available.. Using Virtual Memory, which delays Cloudlet processing.
[0;39m[31mWARN  4.86: CloudletSchedulerTimeShared: Cloudlet 90 requested 1024 MB of Ram but no amount is available.. Using Virtual Memory, which delays Cloudlet processing.
[0;39m[31mWARN  4.86: CloudletSchedulerTimeShared: Cloudlet 96 requested 1024 MB of Ram but no amount is available.. Using Virtual Memory, which delays Cloudlet processing.
[0;39m[31mWARN  4.86: CloudletSchedulerTimeShared: Cloudlet 47 requested 1649 MB of Ram but just 1423 was available. Using Virtual Memory, which delays Cloudlet processing.
[0;39m[31mWARN  4.86: CloudletSchedulerTimeShared: Cloudlet 54 requested 1024 MB of Ram but no amount is available.. Using Virtual Memory, which delays Cloudlet processing.
[0;39m[31mWARN  4.86: CloudletSchedulerTimeShared: Cloudlet 88 requested 1024 MB of Ram but no amount is available.. Using Virtual Memory, which delays Cloudlet processing.
[0;39m[31mWARN  4.86: CloudletSchedulerTimeShared: Cloudlet 97 requested 1024 MB of Ram but no amount is available.. Using Virtual Memory, which delays Cloudlet processing.
[0;39m[31mWARN  4.86: CloudletSchedulerTimeShared: Cloudlet 81 requested 5498 MB of Ram but just 4269 was available. Using Virtual Memory, which delays Cloudlet processing.
[0;39m[31mWARN  4.86: CloudletSchedulerTimeShared: Cloudlet 82 requested 1024 MB of Ram but no amount is available.. Using Virtual Memory, which delays Cloudlet processing.
[0;39m[31mWARN  4.86: CloudletSchedulerTimeShared: Cloudlet 84 requested 1024 MB of Ram but no amount is available.. Using Virtual Memory, which delays Cloudlet processing.
[0;39m[31mWARN  4.86: CloudletSchedulerTimeShared: Cloudlet 98 requested 1024 MB of Ram but no amount is available.. Using Virtual Memory, which delays Cloudlet processing.
[0;39m[31mWARN  4.86: CloudletSchedulerTimeShared: Cloudlet 10 requested 1024 MB of Ram but just 646 was available. Using Virtual Memory, which delays Cloudlet processing.
[0;39m[31mWARN  4.86: CloudletSchedulerTimeShared: Cloudlet 26 requested 1024 MB of Ram but no amount is available.. Using Virtual Memory, which delays Cloudlet processing.
[0;39m[31mWARN  4.86: CloudletSchedulerTimeShared: Cloudlet 38 requested 1024 MB of Ram but no amount is available.. Using Virtual Memory, which delays Cloudlet processing.
[0;39m[31mWARN  4.86: CloudletSchedulerTimeShared: Cloudlet 40 requested 1024 MB of Ram but no amount is available.. Using Virtual Memory, which delays Cloudlet processing.
[0;39m[31mWARN  4.86: CloudletSchedulerTimeShared: Cloudlet 52 requested 1649 MB of Ram but no amount is available.. Using Virtual Memory, which delays Cloudlet processing.
[0;39m[31mWARN  4.86: CloudletSchedulerTimeShared: Cloudlet 61 requested 1024 MB of Ram but no amount is available.. Using Virtual Memory, which delays Cloudlet processing.
[0;39m[31mWARN  4.86: CloudletSchedulerTimeShared: Cloudlet 72 requested 1024 MB of Ram but no amount is available.. Using Virtual Memory, which delays Cloudlet processing.
[0;39m[31mWARN  4.86: CloudletSchedulerTimeShared: Cloudlet 85 requested 1649 MB of Ram but no amount is available.. Using Virtual Memory, which delays Cloudlet processing.
[0;39m[31mWARN  4.86: CloudletSchedulerTimeShared: Cloudlet 99 requested 1024 MB of Ram but no amount is available.. Using Virtual Memory, which delays Cloudlet processing.
[0;39m[31mWARN  4.86: CloudletSchedulerTimeShared: Cloudlet 74 requested 1649 MB of Ram but just 933 was available. Using Virtual Memory, which delays Cloudlet processing.
[0;39m[31mWARN  4.86: CloudletSchedulerTimeShared: Cloudlet 86 requested 1024 MB of Ram but no amount is available.. Using Virtual Memory, which delays Cloudlet processing.
[0;39m[31mWARN  4.86: CloudletSchedulerTimeShared: Cloudlet 89 requested 1024 MB of Ram but no amount is available.. Using Virtual Memory, which delays Cloudlet processing.
[0;39m[31mWARN  4.97: CloudletSchedulerTimeShared: Cloudlet 66 requested 1127 MB of Ram but just 1024 was available. Using Virtual Memory, which delays Cloudlet processing.
[0;39m[31mWARN  4.97: CloudletSchedulerTimeShared: Cloudlet 67 requested 1024 MB of Ram but no amount is available.. Using Virtual Memory, which delays Cloudlet processing.
[0;39m[31mWARN  4.97: CloudletSchedulerTimeShared: Cloudlet 91 requested 1024 MB of Ram but no amount is available.. Using Virtual Memory, which delays Cloudlet processing.
[0;39m[31mWARN  4.97: CloudletSchedulerTimeShared: Cloudlet 92 requested 1024 MB of Ram but no amount is available.. Using Virtual Memory, which delays Cloudlet processing.
[0;39m[31mWARN  4.97: CloudletSchedulerTimeShared: Cloudlet 44 requested 5498 MB of Ram but just 300 was available. Using Virtual Memory, which delays Cloudlet processing.
[0;39m[31mWARN  4.97: CloudletSchedulerTimeShared: Cloudlet 48 requested 1024 MB of Ram but no amount is available.. Using Virtual Memory, which delays Cloudlet processing.
[0;39m[31mWARN  4.97: CloudletSchedulerTimeShared: Cloudlet 64 requested 1649 MB of Ram but no amount is available.. Using Virtual Memory, which delays Cloudlet processing.
[0;39m[31mWARN  4.97: CloudletSchedulerTimeShared: Cloudlet 65 requested 4398 MB of Ram but no amount is available.. Using Virtual Memory, which delays Cloudlet processing.
[0;39m[31mWARN  4.97: CloudletSchedulerTimeShared: Cloudlet 69 requested 1649 MB of Ram but no amount is available.. Using Virtual Memory, which delays Cloudlet processing.
[0;39m[31mWARN  4.97: CloudletSchedulerTimeShared: Cloudlet 73 requested 1024 MB of Ram but no amount is available.. Using Virtual Memory, which delays Cloudlet processing.
[0;39m[31mWARN  4.97: CloudletSchedulerTimeShared: Cloudlet 75 requested 1649 MB of Ram but no amount is available.. Using Virtual Memory, which delays Cloudlet processing.
[0;39m[31mWARN  4.97: CloudletSchedulerTimeShared: Cloudlet 76 requested 1649 MB of Ram but no amount is available.. Using Virtual Memory, which delays Cloudlet processing.
[0;39m[31mWARN  4.97: CloudletSchedulerTimeShared: Cloudlet 80 requested 1024 MB of Ram but no amount is available.. Using Virtual Memory, which delays Cloudlet processing.
[0;39m[31mWARN  4.97: CloudletSchedulerTimeShared: Cloudlet 93 requested 1024 MB of Ram but no amount is available.. Using Virtual Memory, which delays Cloudlet processing.
[0;39m[31mWARN  4.97: CloudletSchedulerTimeShared: Cloudlet 83 requested 1024 MB of Ram but no amount is available.. Using Virtual Memory, which delays Cloudlet processing.
[0;39m[31mWARN  4.97: CloudletSchedulerTimeShared: Cloudlet 87 requested 1024 MB of Ram but no amount is available.. Using Virtual Memory, which delays Cloudlet processing.
[0;39m[31mWARN  4.97: CloudletSchedulerTimeShared: Cloudlet 94 requested 1024 MB of Ram but no amount is available.. Using Virtual Memory, which delays Cloudlet processing.
[0;39m[31mWARN  4.97: CloudletSchedulerTimeShared: Cloudlet 95 requested 1024 MB of Ram but no amount is available.. Using Virtual Memory, which delays Cloudlet processing.
[0;39m[31mWARN  4.97: CloudletSchedulerTimeShared: Cloudlet 57 requested 1024 MB of Ram but just 798 was available. Using Virtual Memory, which delays Cloudlet processing.
[0;39m[31mWARN  4.97: CloudletSchedulerTimeShared: Cloudlet 58 requested 1649 MB of Ram but no amount is available.. Using Virtual Memory, which delays Cloudlet processing.
[0;39m[31mWARN  4.97: CloudletSchedulerTimeShared: Cloudlet 62 requested 1649 MB of Ram but no amount is available.. Using Virtual Memory, which delays Cloudlet processing.
[0;39m[31mWARN  4.97: CloudletSchedulerTimeShared: Cloudlet 77 requested 1317 MB of Ram but no amount is available.. Using Virtual Memory, which delays Cloudlet processing.
[0;39m[31mWARN  4.97: CloudletSchedulerTimeShared: Cloudlet 90 requested 1024 MB of Ram but no amount is available.. Using Virtual Memory, which delays Cloudlet processing.
[0;39m[31mWARN  4.97: CloudletSchedulerTimeShared: Cloudlet 96 requested 1024 MB of Ram but no amount is available.. Using Virtual Memory, which delays Cloudlet processing.
[0;39m[31mWARN  4.97: CloudletSchedulerTimeShared: Cloudlet 47 requested 1649 MB of Ram but just 1423 was available. Using Virtual Memory, which delays Cloudlet processing.
[0;39m[31mWARN  4.97: CloudletSchedulerTimeShared: Cloudlet 54 requested 1024 MB of Ram but no amount is available.. Using Virtual Memory, which delays Cloudlet processing.
[0;39m[31mWARN  4.97: CloudletSchedulerTimeShared: Cloudlet 88 requested 1024 MB of Ram but no amount is available.. Using Virtual Memory, which delays Cloudlet processing.
[0;39m[31mWARN  4.97: CloudletSchedulerTimeShared: Cloudlet 97 requested 1024 MB of Ram but no amount is available.. Using Virtual Memory, which delays Cloudlet processing.
[0;39m[31mWARN  4.97: CloudletSchedulerTimeShared: Cloudlet 81 requested 5498 MB of Ram but just 4269 was available. Using Virtual Memory, which delays Cloudlet processing.
[0;39m[31mWARN  4.97: CloudletSchedulerTimeShared: Cloudlet 82 requested 1024 MB of Ram but no amount is available.. Using Virtual Memory, which delays Cloudlet processing.
[0;39m[31mWARN  4.97: CloudletSchedulerTimeShared: Cloudlet 84 requested 1024 MB of Ram but no amount is available.. Using Virtual Memory, which delays Cloudlet processing.
[0;39m[31mWARN  4.97: CloudletSchedulerTimeShared: Cloudlet 98 requested 1024 MB of Ram but no amount is available.. Using Virtual Memory, which delays Cloudlet processing.
[0;39m[31mWARN  4.97: CloudletSchedulerTimeShared: Cloudlet 10 requested 1024 MB of Ram but just 646 was available. Using Virtual Memory, which delays Cloudlet processing.
[0;39m[31mWARN  4.97: CloudletSchedulerTimeShared: Cloudlet 26 requested 1024 MB of Ram but no amount is available.. Using Virtual Memory, which delays Cloudlet processing.
[0;39m[31mWARN  4.97: CloudletSchedulerTimeShared: Cloudlet 38 requested 1024 MB of Ram but no amount is available.. Using Virtual Memory, which delays Cloudlet processing.
[0;39m[31mWARN  4.97: CloudletSchedulerTimeShared: Cloudlet 40 requested 1024 MB of Ram but no amount is available.. Using Virtual Memory, which delays Cloudlet processing.
[0;39m[31mWARN  4.97: CloudletSchedulerTimeShared: Cloudlet 52 requested 1649 MB of Ram but no amount is available.. Using Virtual Memory, which delays Cloudlet processing.
[0;39m[31mWARN  4.97: CloudletSchedulerTimeShared: Cloudlet 61 requested 1024 MB of Ram but no amount is available.. Using Virtual Memory, which delays Cloudlet processing.
[0;39m[31mWARN  4.97: CloudletSchedulerTimeShared: Cloudlet 72 requested 1024 MB of Ram but no amount is available.. Using Virtual Memory, which delays Cloudlet processing.
[0;39m[31mWARN  4.97: CloudletSchedulerTimeShared: Cloudlet 85 requested 1649 MB of Ram but no amount is available.. Using Virtual Memory, which delays Cloudlet processing.
[0;39m[31mWARN  4.97: CloudletSchedulerTimeShared: Cloudlet 99 requested 1024 MB of Ram but no amount is available.. Using Virtual Memory, which delays Cloudlet processing.
[0;39m[31mWARN  4.97: CloudletSchedulerTimeShared: Cloudlet 74 requested 1649 MB of Ram but just 933 was available. Using Virtual Memory, which delays Cloudlet processing.
[0;39m[31mWARN  4.97: CloudletSchedulerTimeShared: Cloudlet 86 requested 1024 MB of Ram but no amount is available.. Using Virtual Memory, which delays Cloudlet processing.
[0;39m[31mWARN  4.97: CloudletSchedulerTimeShared: Cloudlet 89 requested 1024 MB of Ram but no amount is available.. Using Virtual Memory, which delays Cloudlet processing.
[0;39m[34mINFO  4.97: DatacenterBrokerSimple2: Cloudlet 68 finished in Vm 6 and returned to broker.
[0;39m[34mINFO  4.97: DatacenterBrokerSimple2: Cloudlet 78 finished in Vm 6 and returned to broker.
[0;39m[31mWARN  5.08: CloudletSchedulerTimeShared: Cloudlet 66 requested 1127 MB of Ram but just 1024 was available. Using Virtual Memory, which delays Cloudlet processing.
[0;39m[31mWARN  5.08: CloudletSchedulerTimeShared: Cloudlet 67 requested 1024 MB of Ram but no amount is available.. Using Virtual Memory, which delays Cloudlet processing.
[0;39m[31mWARN  5.08: CloudletSchedulerTimeShared: Cloudlet 91 requested 1024 MB of Ram but no amount is available.. Using Virtual Memory, which delays Cloudlet processing.
[0;39m[31mWARN  5.08: CloudletSchedulerTimeShared: Cloudlet 92 requested 1024 MB of Ram but no amount is available.. Using Virtual Memory, which delays Cloudlet processing.
[0;39m[31mWARN  5.08: CloudletSchedulerTimeShared: Cloudlet 44 requested 5498 MB of Ram but just 300 was available. Using Virtual Memory, which delays Cloudlet processing.
[0;39m[31mWARN  5.08: CloudletSchedulerTimeShared: Cloudlet 48 requested 1024 MB of Ram but no amount is available.. Using Virtual Memory, which delays Cloudlet processing.
[0;39m[31mWARN  5.08: CloudletSchedulerTimeShared: Cloudlet 64 requested 1649 MB of Ram but no amount is available.. Using Virtual Memory, which delays Cloudlet processing.
[0;39m[31mWARN  5.08: CloudletSchedulerTimeShared: Cloudlet 65 requested 4398 MB of Ram but no amount is available.. Using Virtual Memory, which delays Cloudlet processing.
[0;39m[31mWARN  5.08: CloudletSchedulerTimeShared: Cloudlet 69 requested 1649 MB of Ram but no amount is available.. Using Virtual Memory, which delays Cloudlet processing.
[0;39m[31mWARN  5.08: CloudletSchedulerTimeShared: Cloudlet 73 requested 1024 MB of Ram but no amount is available.. Using Virtual Memory, which delays Cloudlet processing.
[0;39m[31mWARN  5.08: CloudletSchedulerTimeShared: Cloudlet 75 requested 1649 MB of Ram but no amount is available.. Using Virtual Memory, which delays Cloudlet processing.
[0;39m[31mWARN  5.08: CloudletSchedulerTimeShared: Cloudlet 76 requested 1649 MB of Ram but no amount is available.. Using Virtual Memory, which delays Cloudlet processing.
[0;39m[31mWARN  5.08: CloudletSchedulerTimeShared: Cloudlet 80 requested 1024 MB of Ram but no amount is available.. Using Virtual Memory, which delays Cloudlet processing.
[0;39m[31mWARN  5.08: CloudletSchedulerTimeShared: Cloudlet 93 requested 1024 MB of Ram but no amount is available.. Using Virtual Memory, which delays Cloudlet processing.
[0;39m[31mWARN  5.08: CloudletSchedulerTimeShared: Cloudlet 83 requested 1024 MB of Ram but no amount is available.. Using Virtual Memory, which delays Cloudlet processing.
[0;39m[31mWARN  5.08: CloudletSchedulerTimeShared: Cloudlet 87 requested 1024 MB of Ram but no amount is available.. Using Virtual Memory, which delays Cloudlet processing.
[0;39m[31mWARN  5.08: CloudletSchedulerTimeShared: Cloudlet 94 requested 1024 MB of Ram but no amount is available.. Using Virtual Memory, which delays Cloudlet processing.
[0;39m[31mWARN  5.08: CloudletSchedulerTimeShared: Cloudlet 95 requested 1024 MB of Ram but no amount is available.. Using Virtual Memory, which delays Cloudlet processing.
[0;39m[31mWARN  5.08: CloudletSchedulerTimeShared: Cloudlet 57 requested 1024 MB of Ram but just 798 was available. Using Virtual Memory, which delays Cloudlet processing.
[0;39m[31mWARN  5.08: CloudletSchedulerTimeShared: Cloudlet 58 requested 1649 MB of Ram but no amount is available.. Using Virtual Memory, which delays Cloudlet processing.
[0;39m[31mWARN  5.08: CloudletSchedulerTimeShared: Cloudlet 62 requested 1649 MB of Ram but no amount is available.. Using Virtual Memory, which delays Cloudlet processing.
[0;39m[31mWARN  5.08: CloudletSchedulerTimeShared: Cloudlet 77 requested 1317 MB of Ram but no amount is available.. Using Virtual Memory, which delays Cloudlet processing.
[0;39m[31mWARN  5.08: CloudletSchedulerTimeShared: Cloudlet 90 requested 1024 MB of Ram but no amount is available.. Using Virtual Memory, which delays Cloudlet processing.
[0;39m[31mWARN  5.08: CloudletSchedulerTimeShared: Cloudlet 96 requested 1024 MB of Ram but no amount is available.. Using Virtual Memory, which delays Cloudlet processing.
[0;39m[31mWARN  5.08: CloudletSchedulerTimeShared: Cloudlet 47 requested 1649 MB of Ram but just 1423 was available. Using Virtual Memory, which delays Cloudlet processing.
[0;39m[31mWARN  5.08: CloudletSchedulerTimeShared: Cloudlet 54 requested 1024 MB of Ram but no amount is available.. Using Virtual Memory, which delays Cloudlet processing.
[0;39m[31mWARN  5.08: CloudletSchedulerTimeShared: Cloudlet 88 requested 1024 MB of Ram but no amount is available.. Using Virtual Memory, which delays Cloudlet processing.
[0;39m[31mWARN  5.08: CloudletSchedulerTimeShared: Cloudlet 97 requested 1024 MB of Ram but no amount is available.. Using Virtual Memory, which delays Cloudlet processing.
[0;39m[31mWARN  5.08: CloudletSchedulerTimeShared: Cloudlet 82 requested 1024 MB of Ram but just 819 was available. Using Virtual Memory, which delays Cloudlet processing.
[0;39m[31mWARN  5.08: CloudletSchedulerTimeShared: Cloudlet 84 requested 1024 MB of Ram but no amount is available.. Using Virtual Memory, which delays Cloudlet processing.
[0;39m[31mWARN  5.08: CloudletSchedulerTimeShared: Cloudlet 98 requested 1024 MB of Ram but no amount is available.. Using Virtual Memory, which delays Cloudlet processing.
[0;39m[31mWARN  5.08: CloudletSchedulerTimeShared: Cloudlet 10 requested 1024 MB of Ram but just 646 was available. Using Virtual Memory, which delays Cloudlet processing.
[0;39m[31mWARN  5.08: CloudletSchedulerTimeShared: Cloudlet 26 requested 1024 MB of Ram but no amount is available.. Using Virtual Memory, which delays Cloudlet processing.
[0;39m[31mWARN  5.08: CloudletSchedulerTimeShared: Cloudlet 38 requested 1024 MB of Ram but no amount is available.. Using Virtual Memory, which delays Cloudlet processing.
[0;39m[31mWARN  5.08: CloudletSchedulerTimeShared: Cloudlet 40 requested 1024 MB of Ram but no amount is available.. Using Virtual Memory, which delays Cloudlet processing.
[0;39m[31mWARN  5.08: CloudletSchedulerTimeShared: Cloudlet 52 requested 1649 MB of Ram but no amount is available.. Using Virtual Memory, which delays Cloudlet processing.
[0;39m[31mWARN  5.08: CloudletSchedulerTimeShared: Cloudlet 61 requested 1024 MB of Ram but no amount is available.. Using Virtual Memory, which delays Cloudlet processing.
[0;39m[31mWARN  5.08: CloudletSchedulerTimeShared: Cloudlet 72 requested 1024 MB of Ram but no amount is available.. Using Virtual Memory, which delays Cloudlet processing.
[0;39m[31mWARN  5.08: CloudletSchedulerTimeShared: Cloudlet 85 requested 1649 MB of Ram but no amount is available.. Using Virtual Memory, which delays Cloudlet processing.
[0;39m[31mWARN  5.08: CloudletSchedulerTimeShared: Cloudlet 99 requested 1024 MB of Ram but no amount is available.. Using Virtual Memory, which delays Cloudlet processing.
[0;39m[31mWARN  5.08: CloudletSchedulerTimeShared: Cloudlet 74 requested 1649 MB of Ram but just 933 was available. Using Virtual Memory, which delays Cloudlet processing.
[0;39m[31mWARN  5.08: CloudletSchedulerTimeShared: Cloudlet 86 requested 1024 MB of Ram but no amount is available.. Using Virtual Memory, which delays Cloudlet processing.
[0;39m[31mWARN  5.08: CloudletSchedulerTimeShared: Cloudlet 89 requested 1024 MB of Ram but no amount is available.. Using Virtual Memory, which delays Cloudlet processing.
[0;39m[34mINFO  5.08: DatacenterBrokerSimple2: Cloudlet 14 finished in Vm 7 and returned to broker.
[0;39m[34mINFO  5.08: DatacenterBrokerSimple2: Cloudlet 49 finished in Vm 7 and returned to broker.
[0;39m[34mINFO  5.08: DatacenterBrokerSimple2: Cloudlet 71 finished in Vm 7 and returned to broker.
[0;39m[31mWARN  5.19: CloudletSchedulerTimeShared: Cloudlet 66 requested 1127 MB of Ram but just 1024 was available. Using Virtual Memory, which delays Cloudlet processing.
[0;39m[31mWARN  5.19: CloudletSchedulerTimeShared: Cloudlet 67 requested 1024 MB of Ram but no amount is available.. Using Virtual Memory, which delays Cloudlet processing.
[0;39m[31mWARN  5.19: CloudletSchedulerTimeShared: Cloudlet 91 requested 1024 MB of Ram but no amount is available.. Using Virtual Memory, which delays Cloudlet processing.
[0;39m[31mWARN  5.19: CloudletSchedulerTimeShared: Cloudlet 92 requested 1024 MB of Ram but no amount is available.. Using Virtual Memory, which delays Cloudlet processing.
[0;39m[31mWARN  5.19: CloudletSchedulerTimeShared: Cloudlet 44 requested 5498 MB of Ram but just 300 was available. Using Virtual Memory, which delays Cloudlet processing.
[0;39m[31mWARN  5.19: CloudletSchedulerTimeShared: Cloudlet 48 requested 1024 MB of Ram but no amount is available.. Using Virtual Memory, which delays Cloudlet processing.
[0;39m[31mWARN  5.19: CloudletSchedulerTimeShared: Cloudlet 64 requested 1649 MB of Ram but no amount is available.. Using Virtual Memory, which delays Cloudlet processing.
[0;39m[31mWARN  5.19: CloudletSchedulerTimeShared: Cloudlet 65 requested 4398 MB of Ram but no amount is available.. Using Virtual Memory, which delays Cloudlet processing.
[0;39m[31mWARN  5.19: CloudletSchedulerTimeShared: Cloudlet 69 requested 1649 MB of Ram but no amount is available.. Using Virtual Memory, which delays Cloudlet processing.
[0;39m[31mWARN  5.19: CloudletSchedulerTimeShared: Cloudlet 73 requested 1024 MB of Ram but no amount is available.. Using Virtual Memory, which delays Cloudlet processing.
[0;39m[31mWARN  5.19: CloudletSchedulerTimeShared: Cloudlet 75 requested 1649 MB of Ram but no amount is available.. Using Virtual Memory, which delays Cloudlet processing.
[0;39m[31mWARN  5.19: CloudletSchedulerTimeShared: Cloudlet 76 requested 1649 MB of Ram but no amount is available.. Using Virtual Memory, which delays Cloudlet processing.
[0;39m[31mWARN  5.19: CloudletSchedulerTimeShared: Cloudlet 80 requested 1024 MB of Ram but no amount is available.. Using Virtual Memory, which delays Cloudlet processing.
[0;39m[31mWARN  5.19: CloudletSchedulerTimeShared: Cloudlet 93 requested 1024 MB of Ram but no amount is available.. Using Virtual Memory, which delays Cloudlet processing.
[0;39m[31mWARN  5.19: CloudletSchedulerTimeShared: Cloudlet 83 requested 1024 MB of Ram but no amount is available.. Using Virtual Memory, which delays Cloudlet processing.
[0;39m[31mWARN  5.19: CloudletSchedulerTimeShared: Cloudlet 87 requested 1024 MB of Ram but no amount is available.. Using Virtual Memory, which delays Cloudlet processing.
[0;39m[31mWARN  5.19: CloudletSchedulerTimeShared: Cloudlet 94 requested 1024 MB of Ram but no amount is available.. Using Virtual Memory, which delays Cloudlet processing.
[0;39m[31mWARN  5.19: CloudletSchedulerTimeShared: Cloudlet 95 requested 1024 MB of Ram but no amount is available.. Using Virtual Memory, which delays Cloudlet processing.
[0;39m[31mWARN  5.19: CloudletSchedulerTimeShared: Cloudlet 57 requested 1024 MB of Ram but just 798 was available. Using Virtual Memory, which delays Cloudlet processing.
[0;39m[31mWARN  5.19: CloudletSchedulerTimeShared: Cloudlet 58 requested 1649 MB of Ram but no amount is available.. Using Virtual Memory, which delays Cloudlet processing.
[0;39m[31mWARN  5.19: CloudletSchedulerTimeShared: Cloudlet 62 requested 1649 MB of Ram but no amount is available.. Using Virtual Memory, which delays Cloudlet processing.
[0;39m[31mWARN  5.19: CloudletSchedulerTimeShared: Cloudlet 77 requested 1317 MB of Ram but no amount is available.. Using Virtual Memory, which delays Cloudlet processing.
[0;39m[31mWARN  5.19: CloudletSchedulerTimeShared: Cloudlet 90 requested 1024 MB of Ram but no amount is available.. Using Virtual Memory, which delays Cloudlet processing.
[0;39m[31mWARN  5.19: CloudletSchedulerTimeShared: Cloudlet 96 requested 1024 MB of Ram but no amount is available.. Using Virtual Memory, which delays Cloudlet processing.
[0;39m[31mWARN  5.19: CloudletSchedulerTimeShared: Cloudlet 47 requested 1649 MB of Ram but just 1423 was available. Using Virtual Memory, which delays Cloudlet processing.
[0;39m[31mWARN  5.19: CloudletSchedulerTimeShared: Cloudlet 54 requested 1024 MB of Ram but no amount is available.. Using Virtual Memory, which delays Cloudlet processing.
[0;39m[31mWARN  5.19: CloudletSchedulerTimeShared: Cloudlet 88 requested 1024 MB of Ram but no amount is available.. Using Virtual Memory, which delays Cloudlet processing.
[0;39m[31mWARN  5.19: CloudletSchedulerTimeShared: Cloudlet 97 requested 1024 MB of Ram but no amount is available.. Using Virtual Memory, which delays Cloudlet processing.
[0;39m[31mWARN  5.19: CloudletSchedulerTimeShared: Cloudlet 82 requested 1024 MB of Ram but just 819 was available. Using Virtual Memory, which delays Cloudlet processing.
[0;39m[31mWARN  5.19: CloudletSchedulerTimeShared: Cloudlet 84 requested 1024 MB of Ram but no amount is available.. Using Virtual Memory, which delays Cloudlet processing.
[0;39m[31mWARN  5.19: CloudletSchedulerTimeShared: Cloudlet 98 requested 1024 MB of Ram but no amount is available.. Using Virtual Memory, which delays Cloudlet processing.
[0;39m[31mWARN  5.19: CloudletSchedulerTimeShared: Cloudlet 10 requested 1024 MB of Ram but just 646 was available. Using Virtual Memory, which delays Cloudlet processing.
[0;39m[31mWARN  5.19: CloudletSchedulerTimeShared: Cloudlet 26 requested 1024 MB of Ram but no amount is available.. Using Virtual Memory, which delays Cloudlet processing.
[0;39m[31mWARN  5.19: CloudletSchedulerTimeShared: Cloudlet 38 requested 1024 MB of Ram but no amount is available.. Using Virtual Memory, which delays Cloudlet processing.
[0;39m[31mWARN  5.19: CloudletSchedulerTimeShared: Cloudlet 40 requested 1024 MB of Ram but no amount is available.. Using Virtual Memory, which delays Cloudlet processing.
[0;39m[31mWARN  5.19: CloudletSchedulerTimeShared: Cloudlet 52 requested 1649 MB of Ram but no amount is available.. Using Virtual Memory, which delays Cloudlet processing.
[0;39m[31mWARN  5.19: CloudletSchedulerTimeShared: Cloudlet 61 requested 1024 MB of Ram but no amount is available.. Using Virtual Memory, which delays Cloudlet processing.
[0;39m[31mWARN  5.19: CloudletSchedulerTimeShared: Cloudlet 72 requested 1024 MB of Ram but no amount is available.. Using Virtual Memory, which delays Cloudlet processing.
[0;39m[31mWARN  5.19: CloudletSchedulerTimeShared: Cloudlet 85 requested 1649 MB of Ram but no amount is available.. Using Virtual Memory, which delays Cloudlet processing.
[0;39m[31mWARN  5.19: CloudletSchedulerTimeShared: Cloudlet 99 requested 1024 MB of Ram but no amount is available.. Using Virtual Memory, which delays Cloudlet processing.
[0;39m[31mWARN  5.31: CloudletSchedulerTimeShared: Cloudlet 66 requested 1127 MB of Ram but just 1024 was available. Using Virtual Memory, which delays Cloudlet processing.
[0;39m[31mWARN  5.31: CloudletSchedulerTimeShared: Cloudlet 67 requested 1024 MB of Ram but no amount is available.. Using Virtual Memory, which delays Cloudlet processing.
[0;39m[31mWARN  5.31: CloudletSchedulerTimeShared: Cloudlet 91 requested 1024 MB of Ram but no amount is available.. Using Virtual Memory, which delays Cloudlet processing.
[0;39m[31mWARN  5.31: CloudletSchedulerTimeShared: Cloudlet 92 requested 1024 MB of Ram but no amount is available.. Using Virtual Memory, which delays Cloudlet processing.
[0;39m[31mWARN  5.31: CloudletSchedulerTimeShared: Cloudlet 44 requested 5498 MB of Ram but just 300 was available. Using Virtual Memory, which delays Cloudlet processing.
[0;39m[31mWARN  5.31: CloudletSchedulerTimeShared: Cloudlet 48 requested 1024 MB of Ram but no amount is available.. Using Virtual Memory, which delays Cloudlet processing.
[0;39m[31mWARN  5.31: CloudletSchedulerTimeShared: Cloudlet 64 requested 1649 MB of Ram but no amount is available.. Using Virtual Memory, which delays Cloudlet processing.
[0;39m[31mWARN  5.31: CloudletSchedulerTimeShared: Cloudlet 65 requested 4398 MB of Ram but no amount is available.. Using Virtual Memory, which delays Cloudlet processing.
[0;39m[31mWARN  5.31: CloudletSchedulerTimeShared: Cloudlet 69 requested 1649 MB of Ram but no amount is available.. Using Virtual Memory, which delays Cloudlet processing.
[0;39m[31mWARN  5.31: CloudletSchedulerTimeShared: Cloudlet 73 requested 1024 MB of Ram but no amount is available.. Using Virtual Memory, which delays Cloudlet processing.
[0;39m[31mWARN  5.31: CloudletSchedulerTimeShared: Cloudlet 75 requested 1649 MB of Ram but no amount is available.. Using Virtual Memory, which delays Cloudlet processing.
[0;39m[31mWARN  5.31: CloudletSchedulerTimeShared: Cloudlet 76 requested 1649 MB of Ram but no amount is available.. Using Virtual Memory, which delays Cloudlet processing.
[0;39m[31mWARN  5.31: CloudletSchedulerTimeShared: Cloudlet 80 requested 1024 MB of Ram but no amount is available.. Using Virtual Memory, which delays Cloudlet processing.
[0;39m[31mWARN  5.31: CloudletSchedulerTimeShared: Cloudlet 93 requested 1024 MB of Ram but no amount is available.. Using Virtual Memory, which delays Cloudlet processing.
[0;39m[31mWARN  5.31: CloudletSchedulerTimeShared: Cloudlet 83 requested 1024 MB of Ram but no amount is available.. Using Virtual Memory, which delays Cloudlet processing.
[0;39m[31mWARN  5.31: CloudletSchedulerTimeShared: Cloudlet 87 requested 1024 MB of Ram but no amount is available.. Using Virtual Memory, which delays Cloudlet processing.
[0;39m[31mWARN  5.31: CloudletSchedulerTimeShared: Cloudlet 94 requested 1024 MB of Ram but no amount is available.. Using Virtual Memory, which delays Cloudlet processing.
[0;39m[31mWARN  5.31: CloudletSchedulerTimeShared: Cloudlet 95 requested 1024 MB of Ram but no amount is available.. Using Virtual Memory, which delays Cloudlet processing.
[0;39m[31mWARN  5.31: CloudletSchedulerTimeShared: Cloudlet 57 requested 1024 MB of Ram but just 798 was available. Using Virtual Memory, which delays Cloudlet processing.
[0;39m[31mWARN  5.31: CloudletSchedulerTimeShared: Cloudlet 58 requested 1649 MB of Ram but no amount is available.. Using Virtual Memory, which delays Cloudlet processing.
[0;39m[31mWARN  5.31: CloudletSchedulerTimeShared: Cloudlet 62 requested 1649 MB of Ram but no amount is available.. Using Virtual Memory, which delays Cloudlet processing.
[0;39m[31mWARN  5.31: CloudletSchedulerTimeShared: Cloudlet 77 requested 1317 MB of Ram but no amount is available.. Using Virtual Memory, which delays Cloudlet processing.
[0;39m[31mWARN  5.31: CloudletSchedulerTimeShared: Cloudlet 90 requested 1024 MB of Ram but no amount is available.. Using Virtual Memory, which delays Cloudlet processing.
[0;39m[31mWARN  5.31: CloudletSchedulerTimeShared: Cloudlet 96 requested 1024 MB of Ram but no amount is available.. Using Virtual Memory, which delays Cloudlet processing.
[0;39m[31mWARN  5.31: CloudletSchedulerTimeShared: Cloudlet 47 requested 1649 MB of Ram but just 1423 was available. Using Virtual Memory, which delays Cloudlet processing.
[0;39m[31mWARN  5.31: CloudletSchedulerTimeShared: Cloudlet 54 requested 1024 MB of Ram but no amount is available.. Using Virtual Memory, which delays Cloudlet processing.
[0;39m[31mWARN  5.31: CloudletSchedulerTimeShared: Cloudlet 88 requested 1024 MB of Ram but no amount is available.. Using Virtual Memory, which delays Cloudlet processing.
[0;39m[31mWARN  5.31: CloudletSchedulerTimeShared: Cloudlet 97 requested 1024 MB of Ram but no amount is available.. Using Virtual Memory, which delays Cloudlet processing.
[0;39m[31mWARN  5.31: CloudletSchedulerTimeShared: Cloudlet 82 requested 1024 MB of Ram but just 819 was available. Using Virtual Memory, which delays Cloudlet processing.
[0;39m[31mWARN  5.31: CloudletSchedulerTimeShared: Cloudlet 84 requested 1024 MB of Ram but no amount is available.. Using Virtual Memory, which delays Cloudlet processing.
[0;39m[31mWARN  5.31: CloudletSchedulerTimeShared: Cloudlet 98 requested 1024 MB of Ram but no amount is available.. Using Virtual Memory, which delays Cloudlet processing.
[0;39m[31mWARN  5.31: CloudletSchedulerTimeShared: Cloudlet 10 requested 1024 MB of Ram but just 646 was available. Using Virtual Memory, which delays Cloudlet processing.
[0;39m[31mWARN  5.31: CloudletSchedulerTimeShared: Cloudlet 26 requested 1024 MB of Ram but no amount is available.. Using Virtual Memory, which delays Cloudlet processing.
[0;39m[31mWARN  5.31: CloudletSchedulerTimeShared: Cloudlet 38 requested 1024 MB of Ram but no amount is available.. Using Virtual Memory, which delays Cloudlet processing.
[0;39m[31mWARN  5.31: CloudletSchedulerTimeShared: Cloudlet 40 requested 1024 MB of Ram but no amount is available.. Using Virtual Memory, which delays Cloudlet processing.
[0;39m[31mWARN  5.31: CloudletSchedulerTimeShared: Cloudlet 52 requested 1649 MB of Ram but no amount is available.. Using Virtual Memory, which delays Cloudlet processing.
[0;39m[31mWARN  5.31: CloudletSchedulerTimeShared: Cloudlet 61 requested 1024 MB of Ram but no amount is available.. Using Virtual Memory, which delays Cloudlet processing.
[0;39m[31mWARN  5.31: CloudletSchedulerTimeShared: Cloudlet 72 requested 1024 MB of Ram but no amount is available.. Using Virtual Memory, which delays Cloudlet processing.
[0;39m[31mWARN  5.31: CloudletSchedulerTimeShared: Cloudlet 85 requested 1649 MB of Ram but no amount is available.. Using Virtual Memory, which delays Cloudlet processing.
[0;39m[31mWARN  5.31: CloudletSchedulerTimeShared: Cloudlet 99 requested 1024 MB of Ram but no amount is available.. Using Virtual Memory, which delays Cloudlet processing.
[0;39m[31mWARN  5.42: CloudletSchedulerTimeShared: Cloudlet 66 requested 1127 MB of Ram but just 1024 was available. Using Virtual Memory, which delays Cloudlet processing.
[0;39m[31mWARN  5.42: CloudletSchedulerTimeShared: Cloudlet 67 requested 1024 MB of Ram but no amount is available.. Using Virtual Memory, which delays Cloudlet processing.
[0;39m[31mWARN  5.42: CloudletSchedulerTimeShared: Cloudlet 91 requested 1024 MB of Ram but no amount is available.. Using Virtual Memory, which delays Cloudlet processing.
[0;39m[31mWARN  5.42: CloudletSchedulerTimeShared: Cloudlet 92 requested 1024 MB of Ram but no amount is available.. Using Virtual Memory, which delays Cloudlet processing.
[0;39m[31mWARN  5.42: CloudletSchedulerTimeShared: Cloudlet 44 requested 5498 MB of Ram but just 300 was available. Using Virtual Memory, which delays Cloudlet processing.
[0;39m[31mWARN  5.42: CloudletSchedulerTimeShared: Cloudlet 48 requested 1024 MB of Ram but no amount is available.. Using Virtual Memory, which delays Cloudlet processing.
[0;39m[31mWARN  5.42: CloudletSchedulerTimeShared: Cloudlet 64 requested 1649 MB of Ram but no amount is available.. Using Virtual Memory, which delays Cloudlet processing.
[0;39m[31mWARN  5.42: CloudletSchedulerTimeShared: Cloudlet 65 requested 4398 MB of Ram but no amount is available.. Using Virtual Memory, which delays Cloudlet processing.
[0;39m[31mWARN  5.42: CloudletSchedulerTimeShared: Cloudlet 69 requested 1649 MB of Ram but no amount is available.. Using Virtual Memory, which delays Cloudlet processing.
[0;39m[31mWARN  5.42: CloudletSchedulerTimeShared: Cloudlet 73 requested 1024 MB of Ram but no amount is available.. Using Virtual Memory, which delays Cloudlet processing.
[0;39m[31mWARN  5.42: CloudletSchedulerTimeShared: Cloudlet 75 requested 1649 MB of Ram but no amount is available.. Using Virtual Memory, which delays Cloudlet processing.
[0;39m[31mWARN  5.42: CloudletSchedulerTimeShared: Cloudlet 76 requested 1649 MB of Ram but no amount is available.. Using Virtual Memory, which delays Cloudlet processing.
[0;39m[31mWARN  5.42: CloudletSchedulerTimeShared: Cloudlet 80 requested 1024 MB of Ram but no amount is available.. Using Virtual Memory, which delays Cloudlet processing.
[0;39m[31mWARN  5.42: CloudletSchedulerTimeShared: Cloudlet 93 requested 1024 MB of Ram but no amount is available.. Using Virtual Memory, which delays Cloudlet processing.
[0;39m[31mWARN  5.42: CloudletSchedulerTimeShared: Cloudlet 83 requested 1024 MB of Ram but no amount is available.. Using Virtual Memory, which delays Cloudlet processing.
[0;39m[31mWARN  5.42: CloudletSchedulerTimeShared: Cloudlet 87 requested 1024 MB of Ram but no amount is available.. Using Virtual Memory, which delays Cloudlet processing.
[0;39m[31mWARN  5.42: CloudletSchedulerTimeShared: Cloudlet 94 requested 1024 MB of Ram but no amount is available.. Using Virtual Memory, which delays Cloudlet processing.
[0;39m[31mWARN  5.42: CloudletSchedulerTimeShared: Cloudlet 95 requested 1024 MB of Ram but no amount is available.. Using Virtual Memory, which delays Cloudlet processing.
[0;39m[31mWARN  5.42: CloudletSchedulerTimeShared: Cloudlet 57 requested 1024 MB of Ram but just 798 was available. Using Virtual Memory, which delays Cloudlet processing.
[0;39m[31mWARN  5.42: CloudletSchedulerTimeShared: Cloudlet 58 requested 1649 MB of Ram but no amount is available.. Using Virtual Memory, which delays Cloudlet processing.
[0;39m[31mWARN  5.42: CloudletSchedulerTimeShared: Cloudlet 62 requested 1649 MB of Ram but no amount is available.. Using Virtual Memory, which delays Cloudlet processing.
[0;39m[31mWARN  5.42: CloudletSchedulerTimeShared: Cloudlet 77 requested 1317 MB of Ram but no amount is available.. Using Virtual Memory, which delays Cloudlet processing.
[0;39m[31mWARN  5.42: CloudletSchedulerTimeShared: Cloudlet 90 requested 1024 MB of Ram but no amount is available.. Using Virtual Memory, which delays Cloudlet processing.
[0;39m[31mWARN  5.42: CloudletSchedulerTimeShared: Cloudlet 96 requested 1024 MB of Ram but no amount is available.. Using Virtual Memory, which delays Cloudlet processing.
[0;39m[31mWARN  5.42: CloudletSchedulerTimeShared: Cloudlet 47 requested 1649 MB of Ram but just 1423 was available. Using Virtual Memory, which delays Cloudlet processing.
[0;39m[31mWARN  5.42: CloudletSchedulerTimeShared: Cloudlet 54 requested 1024 MB of Ram but no amount is available.. Using Virtual Memory, which delays Cloudlet processing.
[0;39m[31mWARN  5.42: CloudletSchedulerTimeShared: Cloudlet 88 requested 1024 MB of Ram but no amount is available.. Using Virtual Memory, which delays Cloudlet processing.
[0;39m[31mWARN  5.42: CloudletSchedulerTimeShared: Cloudlet 97 requested 1024 MB of Ram but no amount is available.. Using Virtual Memory, which delays Cloudlet processing.
[0;39m[31mWARN  5.42: CloudletSchedulerTimeShared: Cloudlet 82 requested 1024 MB of Ram but just 819 was available. Using Virtual Memory, which delays Cloudlet processing.
[0;39m[31mWARN  5.42: CloudletSchedulerTimeShared: Cloudlet 84 requested 1024 MB of Ram but no amount is available.. Using Virtual Memory, which delays Cloudlet processing.
[0;39m[31mWARN  5.42: CloudletSchedulerTimeShared: Cloudlet 98 requested 1024 MB of Ram but no amount is available.. Using Virtual Memory, which delays Cloudlet processing.
[0;39m[31mWARN  5.42: CloudletSchedulerTimeShared: Cloudlet 10 requested 1024 MB of Ram but just 646 was available. Using Virtual Memory, which delays Cloudlet processing.
[0;39m[31mWARN  5.42: CloudletSchedulerTimeShared: Cloudlet 26 requested 1024 MB of Ram but no amount is available.. Using Virtual Memory, which delays Cloudlet processing.
[0;39m[31mWARN  5.42: CloudletSchedulerTimeShared: Cloudlet 38 requested 1024 MB of Ram but no amount is available.. Using Virtual Memory, which delays Cloudlet processing.
[0;39m[31mWARN  5.42: CloudletSchedulerTimeShared: Cloudlet 40 requested 1024 MB of Ram but no amount is available.. Using Virtual Memory, which delays Cloudlet processing.
[0;39m[31mWARN  5.42: CloudletSchedulerTimeShared: Cloudlet 52 requested 1649 MB of Ram but no amount is available.. Using Virtual Memory, which delays Cloudlet processing.
[0;39m[31mWARN  5.42: CloudletSchedulerTimeShared: Cloudlet 61 requested 1024 MB of Ram but no amount is available.. Using Virtual Memory, which delays Cloudlet processing.
[0;39m[31mWARN  5.42: CloudletSchedulerTimeShared: Cloudlet 72 requested 1024 MB of Ram but no amount is available.. Using Virtual Memory, which delays Cloudlet processing.
[0;39m[31mWARN  5.42: CloudletSchedulerTimeShared: Cloudlet 85 requested 1649 MB of Ram but no amount is available.. Using Virtual Memory, which delays Cloudlet processing.
[0;39m[31mWARN  5.42: CloudletSchedulerTimeShared: Cloudlet 99 requested 1024 MB of Ram but no amount is available.. Using Virtual Memory, which delays Cloudlet processing.
[0;39m[34mINFO  5.42: DatacenterBrokerSimple2: Cloudlet 2 finished in Vm 2 and returned to broker.
[0;39m[34mINFO  5.42: DatacenterBrokerSimple2: Cloudlet 4 finished in Vm 2 and returned to broker.
[0;39m[34mINFO  5.42: DatacenterBrokerSimple2: Cloudlet 35 finished in Vm 2 and returned to broker.
[0;39m[34mINFO  5.42: DatacenterBrokerSimple2: Cloudlet 37 finished in Vm 2 and returned to broker.
[0;39m[34mINFO  5.42: DatacenterBrokerSimple2: Cloudlet 42 finished in Vm 2 and returned to broker.
[0;39m[31mWARN  5.53: CloudletSchedulerTimeShared: Cloudlet 66 requested 1127 MB of Ram but just 1024 was available. Using Virtual Memory, which delays Cloudlet processing.
[0;39m[31mWARN  5.53: CloudletSchedulerTimeShared: Cloudlet 67 requested 1024 MB of Ram but no amount is available.. Using Virtual Memory, which delays Cloudlet processing.
[0;39m[31mWARN  5.53: CloudletSchedulerTimeShared: Cloudlet 91 requested 1024 MB of Ram but no amount is available.. Using Virtual Memory, which delays Cloudlet processing.
[0;39m[31mWARN  5.53: CloudletSchedulerTimeShared: Cloudlet 92 requested 1024 MB of Ram but no amount is available.. Using Virtual Memory, which delays Cloudlet processing.
[0;39m[31mWARN  5.53: CloudletSchedulerTimeShared: Cloudlet 44 requested 5498 MB of Ram but just 300 was available. Using Virtual Memory, which delays Cloudlet processing.
[0;39m[31mWARN  5.53: CloudletSchedulerTimeShared: Cloudlet 48 requested 1024 MB of Ram but no amount is available.. Using Virtual Memory, which delays Cloudlet processing.
[0;39m[31mWARN  5.53: CloudletSchedulerTimeShared: Cloudlet 64 requested 1649 MB of Ram but no amount is available.. Using Virtual Memory, which delays Cloudlet processing.
[0;39m[31mWARN  5.53: CloudletSchedulerTimeShared: Cloudlet 65 requested 4398 MB of Ram but no amount is available.. Using Virtual Memory, which delays Cloudlet processing.
[0;39m[31mWARN  5.53: CloudletSchedulerTimeShared: Cloudlet 69 requested 1649 MB of Ram but no amount is available.. Using Virtual Memory, which delays Cloudlet processing.
[0;39m[31mWARN  5.53: CloudletSchedulerTimeShared: Cloudlet 73 requested 1024 MB of Ram but no amount is available.. Using Virtual Memory, which delays Cloudlet processing.
[0;39m[31mWARN  5.53: CloudletSchedulerTimeShared: Cloudlet 75 requested 1649 MB of Ram but no amount is available.. Using Virtual Memory, which delays Cloudlet processing.
[0;39m[31mWARN  5.53: CloudletSchedulerTimeShared: Cloudlet 76 requested 1649 MB of Ram but no amount is available.. Using Virtual Memory, which delays Cloudlet processing.
[0;39m[31mWARN  5.53: CloudletSchedulerTimeShared: Cloudlet 80 requested 1024 MB of Ram but no amount is available.. Using Virtual Memory, which delays Cloudlet processing.
[0;39m[31mWARN  5.53: CloudletSchedulerTimeShared: Cloudlet 93 requested 1024 MB of Ram but no amount is available.. Using Virtual Memory, which delays Cloudlet processing.
[0;39m[31mWARN  5.53: CloudletSchedulerTimeShared: Cloudlet 83 requested 1024 MB of Ram but no amount is available.. Using Virtual Memory, which delays Cloudlet processing.
[0;39m[31mWARN  5.53: CloudletSchedulerTimeShared: Cloudlet 87 requested 1024 MB of Ram but no amount is available.. Using Virtual Memory, which delays Cloudlet processing.
[0;39m[31mWARN  5.53: CloudletSchedulerTimeShared: Cloudlet 94 requested 1024 MB of Ram but no amount is available.. Using Virtual Memory, which delays Cloudlet processing.
[0;39m[31mWARN  5.53: CloudletSchedulerTimeShared: Cloudlet 95 requested 1024 MB of Ram but no amount is available.. Using Virtual Memory, which delays Cloudlet processing.
[0;39m[31mWARN  5.53: CloudletSchedulerTimeShared: Cloudlet 57 requested 1024 MB of Ram but just 798 was available. Using Virtual Memory, which delays Cloudlet processing.
[0;39m[31mWARN  5.53: CloudletSchedulerTimeShared: Cloudlet 58 requested 1649 MB of Ram but no amount is available.. Using Virtual Memory, which delays Cloudlet processing.
[0;39m[31mWARN  5.53: CloudletSchedulerTimeShared: Cloudlet 62 requested 1649 MB of Ram but no amount is available.. Using Virtual Memory, which delays Cloudlet processing.
[0;39m[31mWARN  5.53: CloudletSchedulerTimeShared: Cloudlet 77 requested 1317 MB of Ram but no amount is available.. Using Virtual Memory, which delays Cloudlet processing.
[0;39m[31mWARN  5.53: CloudletSchedulerTimeShared: Cloudlet 90 requested 1024 MB of Ram but no amount is available.. Using Virtual Memory, which delays Cloudlet processing.
[0;39m[31mWARN  5.53: CloudletSchedulerTimeShared: Cloudlet 96 requested 1024 MB of Ram but no amount is available.. Using Virtual Memory, which delays Cloudlet processing.
[0;39m[31mWARN  5.53: CloudletSchedulerTimeShared: Cloudlet 82 requested 1024 MB of Ram but just 819 was available. Using Virtual Memory, which delays Cloudlet processing.
[0;39m[31mWARN  5.53: CloudletSchedulerTimeShared: Cloudlet 84 requested 1024 MB of Ram but no amount is available.. Using Virtual Memory, which delays Cloudlet processing.
[0;39m[31mWARN  5.53: CloudletSchedulerTimeShared: Cloudlet 98 requested 1024 MB of Ram but no amount is available.. Using Virtual Memory, which delays Cloudlet processing.
[0;39m[31mWARN  5.53: CloudletSchedulerTimeShared: Cloudlet 10 requested 1024 MB of Ram but just 646 was available. Using Virtual Memory, which delays Cloudlet processing.
[0;39m[31mWARN  5.53: CloudletSchedulerTimeShared: Cloudlet 26 requested 1024 MB of Ram but no amount is available.. Using Virtual Memory, which delays Cloudlet processing.
[0;39m[31mWARN  5.53: CloudletSchedulerTimeShared: Cloudlet 38 requested 1024 MB of Ram but no amount is available.. Using Virtual Memory, which delays Cloudlet processing.
[0;39m[31mWARN  5.53: CloudletSchedulerTimeShared: Cloudlet 40 requested 1024 MB of Ram but no amount is available.. Using Virtual Memory, which delays Cloudlet processing.
[0;39m[31mWARN  5.53: CloudletSchedulerTimeShared: Cloudlet 52 requested 1649 MB of Ram but no amount is available.. Using Virtual Memory, which delays Cloudlet processing.
[0;39m[31mWARN  5.53: CloudletSchedulerTimeShared: Cloudlet 61 requested 1024 MB of Ram but no amount is available.. Using Virtual Memory, which delays Cloudlet processing.
[0;39m[31mWARN  5.53: CloudletSchedulerTimeShared: Cloudlet 72 requested 1024 MB of Ram but no amount is available.. Using Virtual Memory, which delays Cloudlet processing.
[0;39m[31mWARN  5.53: CloudletSchedulerTimeShared: Cloudlet 85 requested 1649 MB of Ram but no amount is available.. Using Virtual Memory, which delays Cloudlet processing.
[0;39m[31mWARN  5.53: CloudletSchedulerTimeShared: Cloudlet 99 requested 1024 MB of Ram but no amount is available.. Using Virtual Memory, which delays Cloudlet processing.
[0;39m[31mWARN  5.82: CloudletSchedulerTimeShared: Cloudlet 66 requested 1127 MB of Ram but just 1024 was available. Using Virtual Memory, which delays Cloudlet processing.
[0;39m[31mWARN  5.82: CloudletSchedulerTimeShared: Cloudlet 67 requested 1024 MB of Ram but no amount is available.. Using Virtual Memory, which delays Cloudlet processing.
[0;39m[31mWARN  5.82: CloudletSchedulerTimeShared: Cloudlet 91 requested 1024 MB of Ram but no amount is available.. Using Virtual Memory, which delays Cloudlet processing.
[0;39m[31mWARN  5.82: CloudletSchedulerTimeShared: Cloudlet 92 requested 1024 MB of Ram but no amount is available.. Using Virtual Memory, which delays Cloudlet processing.
[0;39m[31mWARN  5.82: CloudletSchedulerTimeShared: Cloudlet 44 requested 5498 MB of Ram but just 300 was available. Using Virtual Memory, which delays Cloudlet processing.
[0;39m[31mWARN  5.82: CloudletSchedulerTimeShared: Cloudlet 48 requested 1024 MB of Ram but no amount is available.. Using Virtual Memory, which delays Cloudlet processing.
[0;39m[31mWARN  5.82: CloudletSchedulerTimeShared: Cloudlet 64 requested 1649 MB of Ram but no amount is available.. Using Virtual Memory, which delays Cloudlet processing.
[0;39m[31mWARN  5.82: CloudletSchedulerTimeShared: Cloudlet 65 requested 4398 MB of Ram but no amount is available.. Using Virtual Memory, which delays Cloudlet processing.
[0;39m[31mWARN  5.82: CloudletSchedulerTimeShared: Cloudlet 69 requested 1649 MB of Ram but no amount is available.. Using Virtual Memory, which delays Cloudlet processing.
[0;39m[31mWARN  5.82: CloudletSchedulerTimeShared: Cloudlet 73 requested 1024 MB of Ram but no amount is available.. Using Virtual Memory, which delays Cloudlet processing.
[0;39m[31mWARN  5.82: CloudletSchedulerTimeShared: Cloudlet 75 requested 1649 MB of Ram but no amount is available.. Using Virtual Memory, which delays Cloudlet processing.
[0;39m[31mWARN  5.82: CloudletSchedulerTimeShared: Cloudlet 76 requested 1649 MB of Ram but no amount is available.. Using Virtual Memory, which delays Cloudlet processing.
[0;39m[31mWARN  5.82: CloudletSchedulerTimeShared: Cloudlet 80 requested 1024 MB of Ram but no amount is available.. Using Virtual Memory, which delays Cloudlet processing.
[0;39m[31mWARN  5.82: CloudletSchedulerTimeShared: Cloudlet 93 requested 1024 MB of Ram but no amount is available.. Using Virtual Memory, which delays Cloudlet processing.
[0;39m[31mWARN  5.82: CloudletSchedulerTimeShared: Cloudlet 83 requested 1024 MB of Ram but no amount is available.. Using Virtual Memory, which delays Cloudlet processing.
[0;39m[31mWARN  5.82: CloudletSchedulerTimeShared: Cloudlet 87 requested 1024 MB of Ram but no amount is available.. Using Virtual Memory, which delays Cloudlet processing.
[0;39m[31mWARN  5.82: CloudletSchedulerTimeShared: Cloudlet 94 requested 1024 MB of Ram but no amount is available.. Using Virtual Memory, which delays Cloudlet processing.
[0;39m[31mWARN  5.82: CloudletSchedulerTimeShared: Cloudlet 95 requested 1024 MB of Ram but no amount is available.. Using Virtual Memory, which delays Cloudlet processing.
[0;39m[31mWARN  5.82: CloudletSchedulerTimeShared: Cloudlet 57 requested 1024 MB of Ram but just 798 was available. Using Virtual Memory, which delays Cloudlet processing.
[0;39m[31mWARN  5.82: CloudletSchedulerTimeShared: Cloudlet 58 requested 1649 MB of Ram but no amount is available.. Using Virtual Memory, which delays Cloudlet processing.
[0;39m[31mWARN  5.82: CloudletSchedulerTimeShared: Cloudlet 62 requested 1649 MB of Ram but no amount is available.. Using Virtual Memory, which delays Cloudlet processing.
[0;39m[31mWARN  5.82: CloudletSchedulerTimeShared: Cloudlet 77 requested 1317 MB of Ram but no amount is available.. Using Virtual Memory, which delays Cloudlet processing.
[0;39m[31mWARN  5.82: CloudletSchedulerTimeShared: Cloudlet 90 requested 1024 MB of Ram but no amount is available.. Using Virtual Memory, which delays Cloudlet processing.
[0;39m[31mWARN  5.82: CloudletSchedulerTimeShared: Cloudlet 96 requested 1024 MB of Ram but no amount is available.. Using Virtual Memory, which delays Cloudlet processing.
[0;39m[31mWARN  5.82: CloudletSchedulerTimeShared: Cloudlet 82 requested 1024 MB of Ram but just 819 was available. Using Virtual Memory, which delays Cloudlet processing.
[0;39m[31mWARN  5.82: CloudletSchedulerTimeShared: Cloudlet 84 requested 1024 MB of Ram but no amount is available.. Using Virtual Memory, which delays Cloudlet processing.
[0;39m[31mWARN  5.82: CloudletSchedulerTimeShared: Cloudlet 98 requested 1024 MB of Ram but no amount is available.. Using Virtual Memory, which delays Cloudlet processing.
[0;39m[31mWARN  5.82: CloudletSchedulerTimeShared: Cloudlet 10 requested 1024 MB of Ram but just 646 was available. Using Virtual Memory, which delays Cloudlet processing.
[0;39m[31mWARN  5.82: CloudletSchedulerTimeShared: Cloudlet 26 requested 1024 MB of Ram but no amount is available.. Using Virtual Memory, which delays Cloudlet processing.
[0;39m[31mWARN  5.82: CloudletSchedulerTimeShared: Cloudlet 38 requested 1024 MB of Ram but no amount is available.. Using Virtual Memory, which delays Cloudlet processing.
[0;39m[31mWARN  5.82: CloudletSchedulerTimeShared: Cloudlet 40 requested 1024 MB of Ram but no amount is available.. Using Virtual Memory, which delays Cloudlet processing.
[0;39m[31mWARN  5.82: CloudletSchedulerTimeShared: Cloudlet 52 requested 1649 MB of Ram but no amount is available.. Using Virtual Memory, which delays Cloudlet processing.
[0;39m[31mWARN  5.82: CloudletSchedulerTimeShared: Cloudlet 61 requested 1024 MB of Ram but no amount is available.. Using Virtual Memory, which delays Cloudlet processing.
[0;39m[31mWARN  5.82: CloudletSchedulerTimeShared: Cloudlet 72 requested 1024 MB of Ram but no amount is available.. Using Virtual Memory, which delays Cloudlet processing.
[0;39m[31mWARN  5.82: CloudletSchedulerTimeShared: Cloudlet 85 requested 1649 MB of Ram but no amount is available.. Using Virtual Memory, which delays Cloudlet processing.
[0;39m[31mWARN  5.82: CloudletSchedulerTimeShared: Cloudlet 99 requested 1024 MB of Ram but no amount is available.. Using Virtual Memory, which delays Cloudlet processing.
[0;39m[31mWARN  5.96: CloudletSchedulerTimeShared: Cloudlet 66 requested 1127 MB of Ram but just 1024 was available. Using Virtual Memory, which delays Cloudlet processing.
[0;39m[31mWARN  5.96: CloudletSchedulerTimeShared: Cloudlet 67 requested 1024 MB of Ram but no amount is available.. Using Virtual Memory, which delays Cloudlet processing.
[0;39m[31mWARN  5.96: CloudletSchedulerTimeShared: Cloudlet 91 requested 1024 MB of Ram but no amount is available.. Using Virtual Memory, which delays Cloudlet processing.
[0;39m[31mWARN  5.96: CloudletSchedulerTimeShared: Cloudlet 92 requested 1024 MB of Ram but no amount is available.. Using Virtual Memory, which delays Cloudlet processing.
[0;39m[31mWARN  5.96: CloudletSchedulerTimeShared: Cloudlet 44 requested 5498 MB of Ram but just 300 was available. Using Virtual Memory, which delays Cloudlet processing.
[0;39m[31mWARN  5.96: CloudletSchedulerTimeShared: Cloudlet 48 requested 1024 MB of Ram but no amount is available.. Using Virtual Memory, which delays Cloudlet processing.
[0;39m[31mWARN  5.96: CloudletSchedulerTimeShared: Cloudlet 64 requested 1649 MB of Ram but no amount is available.. Using Virtual Memory, which delays Cloudlet processing.
[0;39m[31mWARN  5.96: CloudletSchedulerTimeShared: Cloudlet 65 requested 4398 MB of Ram but no amount is available.. Using Virtual Memory, which delays Cloudlet processing.
[0;39m[31mWARN  5.96: CloudletSchedulerTimeShared: Cloudlet 69 requested 1649 MB of Ram but no amount is available.. Using Virtual Memory, which delays Cloudlet processing.
[0;39m[31mWARN  5.96: CloudletSchedulerTimeShared: Cloudlet 73 requested 1024 MB of Ram but no amount is available.. Using Virtual Memory, which delays Cloudlet processing.
[0;39m[31mWARN  5.96: CloudletSchedulerTimeShared: Cloudlet 75 requested 1649 MB of Ram but no amount is available.. Using Virtual Memory, which delays Cloudlet processing.
[0;39m[31mWARN  5.96: CloudletSchedulerTimeShared: Cloudlet 76 requested 1649 MB of Ram but no amount is available.. Using Virtual Memory, which delays Cloudlet processing.
[0;39m[31mWARN  5.96: CloudletSchedulerTimeShared: Cloudlet 80 requested 1024 MB of Ram but no amount is available.. Using Virtual Memory, which delays Cloudlet processing.
[0;39m[31mWARN  5.96: CloudletSchedulerTimeShared: Cloudlet 93 requested 1024 MB of Ram but no amount is available.. Using Virtual Memory, which delays Cloudlet processing.
[0;39m[31mWARN  5.96: CloudletSchedulerTimeShared: Cloudlet 83 requested 1024 MB of Ram but no amount is available.. Using Virtual Memory, which delays Cloudlet processing.
[0;39m[31mWARN  5.96: CloudletSchedulerTimeShared: Cloudlet 87 requested 1024 MB of Ram but no amount is available.. Using Virtual Memory, which delays Cloudlet processing.
[0;39m[31mWARN  5.96: CloudletSchedulerTimeShared: Cloudlet 94 requested 1024 MB of Ram but no amount is available.. Using Virtual Memory, which delays Cloudlet processing.
[0;39m[31mWARN  5.96: CloudletSchedulerTimeShared: Cloudlet 95 requested 1024 MB of Ram but no amount is available.. Using Virtual Memory, which delays Cloudlet processing.
[0;39m[31mWARN  5.96: CloudletSchedulerTimeShared: Cloudlet 57 requested 1024 MB of Ram but just 798 was available. Using Virtual Memory, which delays Cloudlet processing.
[0;39m[31mWARN  5.96: CloudletSchedulerTimeShared: Cloudlet 58 requested 1649 MB of Ram but no amount is available.. Using Virtual Memory, which delays Cloudlet processing.
[0;39m[31mWARN  5.96: CloudletSchedulerTimeShared: Cloudlet 62 requested 1649 MB of Ram but no amount is available.. Using Virtual Memory, which delays Cloudlet processing.
[0;39m[31mWARN  5.96: CloudletSchedulerTimeShared: Cloudlet 77 requested 1317 MB of Ram but no amount is available.. Using Virtual Memory, which delays Cloudlet processing.
[0;39m[31mWARN  5.96: CloudletSchedulerTimeShared: Cloudlet 90 requested 1024 MB of Ram but no amount is available.. Using Virtual Memory, which delays Cloudlet processing.
[0;39m[31mWARN  5.96: CloudletSchedulerTimeShared: Cloudlet 96 requested 1024 MB of Ram but no amount is available.. Using Virtual Memory, which delays Cloudlet processing.
[0;39m[31mWARN  5.96: CloudletSchedulerTimeShared: Cloudlet 82 requested 1024 MB of Ram but just 819 was available. Using Virtual Memory, which delays Cloudlet processing.
[0;39m[31mWARN  5.96: CloudletSchedulerTimeShared: Cloudlet 84 requested 1024 MB of Ram but no amount is available.. Using Virtual Memory, which delays Cloudlet processing.
[0;39m[31mWARN  5.96: CloudletSchedulerTimeShared: Cloudlet 98 requested 1024 MB of Ram but no amount is available.. Using Virtual Memory, which delays Cloudlet processing.
[0;39m[31mWARN  5.96: CloudletSchedulerTimeShared: Cloudlet 10 requested 1024 MB of Ram but just 646 was available. Using Virtual Memory, which delays Cloudlet processing.
[0;39m[31mWARN  5.96: CloudletSchedulerTimeShared: Cloudlet 26 requested 1024 MB of Ram but no amount is available.. Using Virtual Memory, which delays Cloudlet processing.
[0;39m[31mWARN  5.96: CloudletSchedulerTimeShared: Cloudlet 38 requested 1024 MB of Ram but no amount is available.. Using Virtual Memory, which delays Cloudlet processing.
[0;39m[31mWARN  5.96: CloudletSchedulerTimeShared: Cloudlet 40 requested 1024 MB of Ram but no amount is available.. Using Virtual Memory, which delays Cloudlet processing.
[0;39m[31mWARN  5.96: CloudletSchedulerTimeShared: Cloudlet 52 requested 1649 MB of Ram but no amount is available.. Using Virtual Memory, which delays Cloudlet processing.
[0;39m[31mWARN  5.96: CloudletSchedulerTimeShared: Cloudlet 61 requested 1024 MB of Ram but no amount is available.. Using Virtual Memory, which delays Cloudlet processing.
[0;39m[31mWARN  5.96: CloudletSchedulerTimeShared: Cloudlet 72 requested 1024 MB of Ram but no amount is available.. Using Virtual Memory, which delays Cloudlet processing.
[0;39m[31mWARN  5.96: CloudletSchedulerTimeShared: Cloudlet 85 requested 1649 MB of Ram but no amount is available.. Using Virtual Memory, which delays Cloudlet processing.
[0;39m[31mWARN  5.96: CloudletSchedulerTimeShared: Cloudlet 99 requested 1024 MB of Ram but no amount is available.. Using Virtual Memory, which delays Cloudlet processing.
[0;39m[31mWARN  6.07: CloudletSchedulerTimeShared: Cloudlet 66 requested 1127 MB of Ram but just 1024 was available. Using Virtual Memory, which delays Cloudlet processing.
[0;39m[31mWARN  6.07: CloudletSchedulerTimeShared: Cloudlet 67 requested 1024 MB of Ram but no amount is available.. Using Virtual Memory, which delays Cloudlet processing.
[0;39m[31mWARN  6.07: CloudletSchedulerTimeShared: Cloudlet 91 requested 1024 MB of Ram but no amount is available.. Using Virtual Memory, which delays Cloudlet processing.
[0;39m[31mWARN  6.07: CloudletSchedulerTimeShared: Cloudlet 92 requested 1024 MB of Ram but no amount is available.. Using Virtual Memory, which delays Cloudlet processing.
[0;39m[31mWARN  6.07: CloudletSchedulerTimeShared: Cloudlet 44 requested 5498 MB of Ram but just 300 was available. Using Virtual Memory, which delays Cloudlet processing.
[0;39m[31mWARN  6.07: CloudletSchedulerTimeShared: Cloudlet 48 requested 1024 MB of Ram but no amount is available.. Using Virtual Memory, which delays Cloudlet processing.
[0;39m[31mWARN  6.07: CloudletSchedulerTimeShared: Cloudlet 64 requested 1649 MB of Ram but no amount is available.. Using Virtual Memory, which delays Cloudlet processing.
[0;39m[31mWARN  6.07: CloudletSchedulerTimeShared: Cloudlet 65 requested 4398 MB of Ram but no amount is available.. Using Virtual Memory, which delays Cloudlet processing.
[0;39m[31mWARN  6.07: CloudletSchedulerTimeShared: Cloudlet 69 requested 1649 MB of Ram but no amount is available.. Using Virtual Memory, which delays Cloudlet processing.
[0;39m[31mWARN  6.07: CloudletSchedulerTimeShared: Cloudlet 73 requested 1024 MB of Ram but no amount is available.. Using Virtual Memory, which delays Cloudlet processing.
[0;39m[31mWARN  6.07: CloudletSchedulerTimeShared: Cloudlet 75 requested 1649 MB of Ram but no amount is available.. Using Virtual Memory, which delays Cloudlet processing.
[0;39m[31mWARN  6.07: CloudletSchedulerTimeShared: Cloudlet 76 requested 1649 MB of Ram but no amount is available.. Using Virtual Memory, which delays Cloudlet processing.
[0;39m[31mWARN  6.07: CloudletSchedulerTimeShared: Cloudlet 80 requested 1024 MB of Ram but no amount is available.. Using Virtual Memory, which delays Cloudlet processing.
[0;39m[31mWARN  6.07: CloudletSchedulerTimeShared: Cloudlet 93 requested 1024 MB of Ram but no amount is available.. Using Virtual Memory, which delays Cloudlet processing.
[0;39m[31mWARN  6.07: CloudletSchedulerTimeShared: Cloudlet 83 requested 1024 MB of Ram but no amount is available.. Using Virtual Memory, which delays Cloudlet processing.
[0;39m[31mWARN  6.07: CloudletSchedulerTimeShared: Cloudlet 87 requested 1024 MB of Ram but no amount is available.. Using Virtual Memory, which delays Cloudlet processing.
[0;39m[31mWARN  6.07: CloudletSchedulerTimeShared: Cloudlet 94 requested 1024 MB of Ram but no amount is available.. Using Virtual Memory, which delays Cloudlet processing.
[0;39m[31mWARN  6.07: CloudletSchedulerTimeShared: Cloudlet 95 requested 1024 MB of Ram but no amount is available.. Using Virtual Memory, which delays Cloudlet processing.
[0;39m[31mWARN  6.07: CloudletSchedulerTimeShared: Cloudlet 57 requested 1024 MB of Ram but just 798 was available. Using Virtual Memory, which delays Cloudlet processing.
[0;39m[31mWARN  6.07: CloudletSchedulerTimeShared: Cloudlet 58 requested 1649 MB of Ram but no amount is available.. Using Virtual Memory, which delays Cloudlet processing.
[0;39m[31mWARN  6.07: CloudletSchedulerTimeShared: Cloudlet 62 requested 1649 MB of Ram but no amount is available.. Using Virtual Memory, which delays Cloudlet processing.
[0;39m[31mWARN  6.07: CloudletSchedulerTimeShared: Cloudlet 77 requested 1317 MB of Ram but no amount is available.. Using Virtual Memory, which delays Cloudlet processing.
[0;39m[31mWARN  6.07: CloudletSchedulerTimeShared: Cloudlet 90 requested 1024 MB of Ram but no amount is available.. Using Virtual Memory, which delays Cloudlet processing.
[0;39m[31mWARN  6.07: CloudletSchedulerTimeShared: Cloudlet 96 requested 1024 MB of Ram but no amount is available.. Using Virtual Memory, which delays Cloudlet processing.
[0;39m[31mWARN  6.07: CloudletSchedulerTimeShared: Cloudlet 82 requested 1024 MB of Ram but just 819 was available. Using Virtual Memory, which delays Cloudlet processing.
[0;39m[31mWARN  6.07: CloudletSchedulerTimeShared: Cloudlet 84 requested 1024 MB of Ram but no amount is available.. Using Virtual Memory, which delays Cloudlet processing.
[0;39m[31mWARN  6.07: CloudletSchedulerTimeShared: Cloudlet 98 requested 1024 MB of Ram but no amount is available.. Using Virtual Memory, which delays Cloudlet processing.
[0;39m[31mWARN  6.07: CloudletSchedulerTimeShared: Cloudlet 10 requested 1024 MB of Ram but just 646 was available. Using Virtual Memory, which delays Cloudlet processing.
[0;39m[31mWARN  6.07: CloudletSchedulerTimeShared: Cloudlet 26 requested 1024 MB of Ram but no amount is available.. Using Virtual Memory, which delays Cloudlet processing.
[0;39m[31mWARN  6.07: CloudletSchedulerTimeShared: Cloudlet 38 requested 1024 MB of Ram but no amount is available.. Using Virtual Memory, which delays Cloudlet processing.
[0;39m[31mWARN  6.07: CloudletSchedulerTimeShared: Cloudlet 40 requested 1024 MB of Ram but no amount is available.. Using Virtual Memory, which delays Cloudlet processing.
[0;39m[31mWARN  6.07: CloudletSchedulerTimeShared: Cloudlet 52 requested 1649 MB of Ram but no amount is available.. Using Virtual Memory, which delays Cloudlet processing.
[0;39m[31mWARN  6.07: CloudletSchedulerTimeShared: Cloudlet 61 requested 1024 MB of Ram but no amount is available.. Using Virtual Memory, which delays Cloudlet processing.
[0;39m[31mWARN  6.07: CloudletSchedulerTimeShared: Cloudlet 72 requested 1024 MB of Ram but no amount is available.. Using Virtual Memory, which delays Cloudlet processing.
[0;39m[31mWARN  6.07: CloudletSchedulerTimeShared: Cloudlet 85 requested 1649 MB of Ram but no amount is available.. Using Virtual Memory, which delays Cloudlet processing.
[0;39m[31mWARN  6.07: CloudletSchedulerTimeShared: Cloudlet 99 requested 1024 MB of Ram but no amount is available.. Using Virtual Memory, which delays Cloudlet processing.
[0;39m[34mINFO  6.07: DatacenterBrokerSimple2: Cloudlet 11 finished in Vm 5 and returned to broker.
[0;39m[34mINFO  6.07: DatacenterBrokerSimple2: Cloudlet 56 finished in Vm 5 and returned to broker.
[0;39m[31mWARN  6.18: CloudletSchedulerTimeShared: Cloudlet 66 requested 1127 MB of Ram but just 1024 was available. Using Virtual Memory, which delays Cloudlet processing.
[0;39m[31mWARN  6.18: CloudletSchedulerTimeShared: Cloudlet 67 requested 1024 MB of Ram but no amount is available.. Using Virtual Memory, which delays Cloudlet processing.
[0;39m[31mWARN  6.18: CloudletSchedulerTimeShared: Cloudlet 91 requested 1024 MB of Ram but no amount is available.. Using Virtual Memory, which delays Cloudlet processing.
[0;39m[31mWARN  6.18: CloudletSchedulerTimeShared: Cloudlet 92 requested 1024 MB of Ram but no amount is available.. Using Virtual Memory, which delays Cloudlet processing.
[0;39m[31mWARN  6.18: CloudletSchedulerTimeShared: Cloudlet 44 requested 5498 MB of Ram but just 300 was available. Using Virtual Memory, which delays Cloudlet processing.
[0;39m[31mWARN  6.18: CloudletSchedulerTimeShared: Cloudlet 48 requested 1024 MB of Ram but no amount is available.. Using Virtual Memory, which delays Cloudlet processing.
[0;39m[31mWARN  6.18: CloudletSchedulerTimeShared: Cloudlet 64 requested 1649 MB of Ram but no amount is available.. Using Virtual Memory, which delays Cloudlet processing.
[0;39m[31mWARN  6.18: CloudletSchedulerTimeShared: Cloudlet 65 requested 4398 MB of Ram but no amount is available.. Using Virtual Memory, which delays Cloudlet processing.
[0;39m[31mWARN  6.18: CloudletSchedulerTimeShared: Cloudlet 69 requested 1649 MB of Ram but no amount is available.. Using Virtual Memory, which delays Cloudlet processing.
[0;39m[31mWARN  6.18: CloudletSchedulerTimeShared: Cloudlet 73 requested 1024 MB of Ram but no amount is available.. Using Virtual Memory, which delays Cloudlet processing.
[0;39m[31mWARN  6.18: CloudletSchedulerTimeShared: Cloudlet 75 requested 1649 MB of Ram but no amount is available.. Using Virtual Memory, which delays Cloudlet processing.
[0;39m[31mWARN  6.18: CloudletSchedulerTimeShared: Cloudlet 76 requested 1649 MB of Ram but no amount is available.. Using Virtual Memory, which delays Cloudlet processing.
[0;39m[31mWARN  6.18: CloudletSchedulerTimeShared: Cloudlet 80 requested 1024 MB of Ram but no amount is available.. Using Virtual Memory, which delays Cloudlet processing.
[0;39m[31mWARN  6.18: CloudletSchedulerTimeShared: Cloudlet 93 requested 1024 MB of Ram but no amount is available.. Using Virtual Memory, which delays Cloudlet processing.
[0;39m[31mWARN  6.18: CloudletSchedulerTimeShared: Cloudlet 83 requested 1024 MB of Ram but no amount is available.. Using Virtual Memory, which delays Cloudlet processing.
[0;39m[31mWARN  6.18: CloudletSchedulerTimeShared: Cloudlet 87 requested 1024 MB of Ram but no amount is available.. Using Virtual Memory, which delays Cloudlet processing.
[0;39m[31mWARN  6.18: CloudletSchedulerTimeShared: Cloudlet 94 requested 1024 MB of Ram but no amount is available.. Using Virtual Memory, which delays Cloudlet processing.
[0;39m[31mWARN  6.18: CloudletSchedulerTimeShared: Cloudlet 95 requested 1024 MB of Ram but no amount is available.. Using Virtual Memory, which delays Cloudlet processing.
[0;39m[31mWARN  6.18: CloudletSchedulerTimeShared: Cloudlet 62 requested 1649 MB of Ram but just 173 was available. Using Virtual Memory, which delays Cloudlet processing.
[0;39m[31mWARN  6.18: CloudletSchedulerTimeShared: Cloudlet 77 requested 1317 MB of Ram but no amount is available.. Using Virtual Memory, which delays Cloudlet processing.
[0;39m[31mWARN  6.18: CloudletSchedulerTimeShared: Cloudlet 90 requested 1024 MB of Ram but no amount is available.. Using Virtual Memory, which delays Cloudlet processing.
[0;39m[31mWARN  6.18: CloudletSchedulerTimeShared: Cloudlet 96 requested 1024 MB of Ram but no amount is available.. Using Virtual Memory, which delays Cloudlet processing.
[0;39m[31mWARN  6.18: CloudletSchedulerTimeShared: Cloudlet 82 requested 1024 MB of Ram but just 819 was available. Using Virtual Memory, which delays Cloudlet processing.
[0;39m[31mWARN  6.18: CloudletSchedulerTimeShared: Cloudlet 84 requested 1024 MB of Ram but no amount is available.. Using Virtual Memory, which delays Cloudlet processing.
[0;39m[31mWARN  6.18: CloudletSchedulerTimeShared: Cloudlet 98 requested 1024 MB of Ram but no amount is available.. Using Virtual Memory, which delays Cloudlet processing.
[0;39m[31mWARN  6.18: CloudletSchedulerTimeShared: Cloudlet 10 requested 1024 MB of Ram but just 646 was available. Using Virtual Memory, which delays Cloudlet processing.
[0;39m[31mWARN  6.18: CloudletSchedulerTimeShared: Cloudlet 26 requested 1024 MB of Ram but no amount is available.. Using Virtual Memory, which delays Cloudlet processing.
[0;39m[31mWARN  6.18: CloudletSchedulerTimeShared: Cloudlet 38 requested 1024 MB of Ram but no amount is available.. Using Virtual Memory, which delays Cloudlet processing.
[0;39m[31mWARN  6.18: CloudletSchedulerTimeShared: Cloudlet 40 requested 1024 MB of Ram but no amount is available.. Using Virtual Memory, which delays Cloudlet processing.
[0;39m[31mWARN  6.18: CloudletSchedulerTimeShared: Cloudlet 52 requested 1649 MB of Ram but no amount is available.. Using Virtual Memory, which delays Cloudlet processing.
[0;39m[31mWARN  6.18: CloudletSchedulerTimeShared: Cloudlet 61 requested 1024 MB of Ram but no amount is available.. Using Virtual Memory, which delays Cloudlet processing.
[0;39m[31mWARN  6.18: CloudletSchedulerTimeShared: Cloudlet 72 requested 1024 MB of Ram but no amount is available.. Using Virtual Memory, which delays Cloudlet processing.
[0;39m[31mWARN  6.18: CloudletSchedulerTimeShared: Cloudlet 85 requested 1649 MB of Ram but no amount is available.. Using Virtual Memory, which delays Cloudlet processing.
[0;39m[31mWARN  6.18: CloudletSchedulerTimeShared: Cloudlet 99 requested 1024 MB of Ram but no amount is available.. Using Virtual Memory, which delays Cloudlet processing.
[0;39m[31mWARN  6.35: CloudletSchedulerTimeShared: Cloudlet 66 requested 1127 MB of Ram but just 1024 was available. Using Virtual Memory, which delays Cloudlet processing.
[0;39m[31mWARN  6.35: CloudletSchedulerTimeShared: Cloudlet 67 requested 1024 MB of Ram but no amount is available.. Using Virtual Memory, which delays Cloudlet processing.
[0;39m[31mWARN  6.35: CloudletSchedulerTimeShared: Cloudlet 91 requested 1024 MB of Ram but no amount is available.. Using Virtual Memory, which delays Cloudlet processing.
[0;39m[31mWARN  6.35: CloudletSchedulerTimeShared: Cloudlet 92 requested 1024 MB of Ram but no amount is available.. Using Virtual Memory, which delays Cloudlet processing.
[0;39m[31mWARN  6.35: CloudletSchedulerTimeShared: Cloudlet 44 requested 5498 MB of Ram but just 300 was available. Using Virtual Memory, which delays Cloudlet processing.
[0;39m[31mWARN  6.35: CloudletSchedulerTimeShared: Cloudlet 48 requested 1024 MB of Ram but no amount is available.. Using Virtual Memory, which delays Cloudlet processing.
[0;39m[31mWARN  6.35: CloudletSchedulerTimeShared: Cloudlet 64 requested 1649 MB of Ram but no amount is available.. Using Virtual Memory, which delays Cloudlet processing.
[0;39m[31mWARN  6.35: CloudletSchedulerTimeShared: Cloudlet 65 requested 4398 MB of Ram but no amount is available.. Using Virtual Memory, which delays Cloudlet processing.
[0;39m[31mWARN  6.35: CloudletSchedulerTimeShared: Cloudlet 69 requested 1649 MB of Ram but no amount is available.. Using Virtual Memory, which delays Cloudlet processing.
[0;39m[31mWARN  6.35: CloudletSchedulerTimeShared: Cloudlet 73 requested 1024 MB of Ram but no amount is available.. Using Virtual Memory, which delays Cloudlet processing.
[0;39m[31mWARN  6.35: CloudletSchedulerTimeShared: Cloudlet 75 requested 1649 MB of Ram but no amount is available.. Using Virtual Memory, which delays Cloudlet processing.
[0;39m[31mWARN  6.35: CloudletSchedulerTimeShared: Cloudlet 76 requested 1649 MB of Ram but no amount is available.. Using Virtual Memory, which delays Cloudlet processing.
[0;39m[31mWARN  6.35: CloudletSchedulerTimeShared: Cloudlet 80 requested 1024 MB of Ram but no amount is available.. Using Virtual Memory, which delays Cloudlet processing.
[0;39m[31mWARN  6.35: CloudletSchedulerTimeShared: Cloudlet 93 requested 1024 MB of Ram but no amount is available.. Using Virtual Memory, which delays Cloudlet processing.
[0;39m[31mWARN  6.35: CloudletSchedulerTimeShared: Cloudlet 83 requested 1024 MB of Ram but no amount is available.. Using Virtual Memory, which delays Cloudlet processing.
[0;39m[31mWARN  6.35: CloudletSchedulerTimeShared: Cloudlet 87 requested 1024 MB of Ram but no amount is available.. Using Virtual Memory, which delays Cloudlet processing.
[0;39m[31mWARN  6.35: CloudletSchedulerTimeShared: Cloudlet 94 requested 1024 MB of Ram but no amount is available.. Using Virtual Memory, which delays Cloudlet processing.
[0;39m[31mWARN  6.35: CloudletSchedulerTimeShared: Cloudlet 95 requested 1024 MB of Ram but no amount is available.. Using Virtual Memory, which delays Cloudlet processing.
[0;39m[31mWARN  6.35: CloudletSchedulerTimeShared: Cloudlet 62 requested 1649 MB of Ram but just 173 was available. Using Virtual Memory, which delays Cloudlet processing.
[0;39m[31mWARN  6.35: CloudletSchedulerTimeShared: Cloudlet 77 requested 1317 MB of Ram but no amount is available.. Using Virtual Memory, which delays Cloudlet processing.
[0;39m[31mWARN  6.35: CloudletSchedulerTimeShared: Cloudlet 90 requested 1024 MB of Ram but no amount is available.. Using Virtual Memory, which delays Cloudlet processing.
[0;39m[31mWARN  6.35: CloudletSchedulerTimeShared: Cloudlet 96 requested 1024 MB of Ram but no amount is available.. Using Virtual Memory, which delays Cloudlet processing.
[0;39m[31mWARN  6.35: CloudletSchedulerTimeShared: Cloudlet 82 requested 1024 MB of Ram but just 819 was available. Using Virtual Memory, which delays Cloudlet processing.
[0;39m[31mWARN  6.35: CloudletSchedulerTimeShared: Cloudlet 84 requested 1024 MB of Ram but no amount is available.. Using Virtual Memory, which delays Cloudlet processing.
[0;39m[31mWARN  6.35: CloudletSchedulerTimeShared: Cloudlet 98 requested 1024 MB of Ram but no amount is available.. Using Virtual Memory, which delays Cloudlet processing.
[0;39m[31mWARN  6.35: CloudletSchedulerTimeShared: Cloudlet 10 requested 1024 MB of Ram but just 646 was available. Using Virtual Memory, which delays Cloudlet processing.
[0;39m[31mWARN  6.35: CloudletSchedulerTimeShared: Cloudlet 26 requested 1024 MB of Ram but no amount is available.. Using Virtual Memory, which delays Cloudlet processing.
[0;39m[31mWARN  6.35: CloudletSchedulerTimeShared: Cloudlet 38 requested 1024 MB of Ram but no amount is available.. Using Virtual Memory, which delays Cloudlet processing.
[0;39m[31mWARN  6.35: CloudletSchedulerTimeShared: Cloudlet 40 requested 1024 MB of Ram but no amount is available.. Using Virtual Memory, which delays Cloudlet processing.
[0;39m[31mWARN  6.35: CloudletSchedulerTimeShared: Cloudlet 52 requested 1649 MB of Ram but no amount is available.. Using Virtual Memory, which delays Cloudlet processing.
[0;39m[31mWARN  6.35: CloudletSchedulerTimeShared: Cloudlet 61 requested 1024 MB of Ram but no amount is available.. Using Virtual Memory, which delays Cloudlet processing.
[0;39m[31mWARN  6.35: CloudletSchedulerTimeShared: Cloudlet 72 requested 1024 MB of Ram but no amount is available.. Using Virtual Memory, which delays Cloudlet processing.
[0;39m[31mWARN  6.35: CloudletSchedulerTimeShared: Cloudlet 85 requested 1649 MB of Ram but no amount is available.. Using Virtual Memory, which delays Cloudlet processing.
[0;39m[31mWARN  6.35: CloudletSchedulerTimeShared: Cloudlet 99 requested 1024 MB of Ram but no amount is available.. Using Virtual Memory, which delays Cloudlet processing.
[0;39m[31mWARN  6.46: CloudletSchedulerTimeShared: Cloudlet 66 requested 1127 MB of Ram but just 1024 was available. Using Virtual Memory, which delays Cloudlet processing.
[0;39m[31mWARN  6.46: CloudletSchedulerTimeShared: Cloudlet 67 requested 1024 MB of Ram but no amount is available.. Using Virtual Memory, which delays Cloudlet processing.
[0;39m[31mWARN  6.46: CloudletSchedulerTimeShared: Cloudlet 91 requested 1024 MB of Ram but no amount is available.. Using Virtual Memory, which delays Cloudlet processing.
[0;39m[31mWARN  6.46: CloudletSchedulerTimeShared: Cloudlet 92 requested 1024 MB of Ram but no amount is available.. Using Virtual Memory, which delays Cloudlet processing.
[0;39m[31mWARN  6.46: CloudletSchedulerTimeShared: Cloudlet 44 requested 5498 MB of Ram but just 300 was available. Using Virtual Memory, which delays Cloudlet processing.
[0;39m[31mWARN  6.46: CloudletSchedulerTimeShared: Cloudlet 48 requested 1024 MB of Ram but no amount is available.. Using Virtual Memory, which delays Cloudlet processing.
[0;39m[31mWARN  6.46: CloudletSchedulerTimeShared: Cloudlet 64 requested 1649 MB of Ram but no amount is available.. Using Virtual Memory, which delays Cloudlet processing.
[0;39m[31mWARN  6.46: CloudletSchedulerTimeShared: Cloudlet 65 requested 4398 MB of Ram but no amount is available.. Using Virtual Memory, which delays Cloudlet processing.
[0;39m[31mWARN  6.46: CloudletSchedulerTimeShared: Cloudlet 69 requested 1649 MB of Ram but no amount is available.. Using Virtual Memory, which delays Cloudlet processing.
[0;39m[31mWARN  6.46: CloudletSchedulerTimeShared: Cloudlet 73 requested 1024 MB of Ram but no amount is available.. Using Virtual Memory, which delays Cloudlet processing.
[0;39m[31mWARN  6.46: CloudletSchedulerTimeShared: Cloudlet 75 requested 1649 MB of Ram but no amount is available.. Using Virtual Memory, which delays Cloudlet processing.
[0;39m[31mWARN  6.46: CloudletSchedulerTimeShared: Cloudlet 76 requested 1649 MB of Ram but no amount is available.. Using Virtual Memory, which delays Cloudlet processing.
[0;39m[31mWARN  6.46: CloudletSchedulerTimeShared: Cloudlet 80 requested 1024 MB of Ram but no amount is available.. Using Virtual Memory, which delays Cloudlet processing.
[0;39m[31mWARN  6.46: CloudletSchedulerTimeShared: Cloudlet 93 requested 1024 MB of Ram but no amount is available.. Using Virtual Memory, which delays Cloudlet processing.
[0;39m[31mWARN  6.46: CloudletSchedulerTimeShared: Cloudlet 83 requested 1024 MB of Ram but no amount is available.. Using Virtual Memory, which delays Cloudlet processing.
[0;39m[31mWARN  6.46: CloudletSchedulerTimeShared: Cloudlet 87 requested 1024 MB of Ram but no amount is available.. Using Virtual Memory, which delays Cloudlet processing.
[0;39m[31mWARN  6.46: CloudletSchedulerTimeShared: Cloudlet 94 requested 1024 MB of Ram but no amount is available.. Using Virtual Memory, which delays Cloudlet processing.
[0;39m[31mWARN  6.46: CloudletSchedulerTimeShared: Cloudlet 95 requested 1024 MB of Ram but no amount is available.. Using Virtual Memory, which delays Cloudlet processing.
[0;39m[31mWARN  6.46: CloudletSchedulerTimeShared: Cloudlet 62 requested 1649 MB of Ram but just 173 was available. Using Virtual Memory, which delays Cloudlet processing.
[0;39m[31mWARN  6.46: CloudletSchedulerTimeShared: Cloudlet 77 requested 1317 MB of Ram but no amount is available.. Using Virtual Memory, which delays Cloudlet processing.
[0;39m[31mWARN  6.46: CloudletSchedulerTimeShared: Cloudlet 90 requested 1024 MB of Ram but no amount is available.. Using Virtual Memory, which delays Cloudlet processing.
[0;39m[31mWARN  6.46: CloudletSchedulerTimeShared: Cloudlet 96 requested 1024 MB of Ram but no amount is available.. Using Virtual Memory, which delays Cloudlet processing.
[0;39m[31mWARN  6.46: CloudletSchedulerTimeShared: Cloudlet 82 requested 1024 MB of Ram but just 819 was available. Using Virtual Memory, which delays Cloudlet processing.
[0;39m[31mWARN  6.46: CloudletSchedulerTimeShared: Cloudlet 84 requested 1024 MB of Ram but no amount is available.. Using Virtual Memory, which delays Cloudlet processing.
[0;39m[31mWARN  6.46: CloudletSchedulerTimeShared: Cloudlet 98 requested 1024 MB of Ram but no amount is available.. Using Virtual Memory, which delays Cloudlet processing.
[0;39m[31mWARN  6.46: CloudletSchedulerTimeShared: Cloudlet 10 requested 1024 MB of Ram but just 646 was available. Using Virtual Memory, which delays Cloudlet processing.
[0;39m[31mWARN  6.46: CloudletSchedulerTimeShared: Cloudlet 26 requested 1024 MB of Ram but no amount is available.. Using Virtual Memory, which delays Cloudlet processing.
[0;39m[31mWARN  6.46: CloudletSchedulerTimeShared: Cloudlet 38 requested 1024 MB of Ram but no amount is available.. Using Virtual Memory, which delays Cloudlet processing.
[0;39m[31mWARN  6.46: CloudletSchedulerTimeShared: Cloudlet 40 requested 1024 MB of Ram but no amount is available.. Using Virtual Memory, which delays Cloudlet processing.
[0;39m[31mWARN  6.46: CloudletSchedulerTimeShared: Cloudlet 52 requested 1649 MB of Ram but no amount is available.. Using Virtual Memory, which delays Cloudlet processing.
[0;39m[31mWARN  6.46: CloudletSchedulerTimeShared: Cloudlet 61 requested 1024 MB of Ram but no amount is available.. Using Virtual Memory, which delays Cloudlet processing.
[0;39m[31mWARN  6.46: CloudletSchedulerTimeShared: Cloudlet 72 requested 1024 MB of Ram but no amount is available.. Using Virtual Memory, which delays Cloudlet processing.
[0;39m[31mWARN  6.46: CloudletSchedulerTimeShared: Cloudlet 85 requested 1649 MB of Ram but no amount is available.. Using Virtual Memory, which delays Cloudlet processing.
[0;39m[31mWARN  6.46: CloudletSchedulerTimeShared: Cloudlet 99 requested 1024 MB of Ram but no amount is available.. Using Virtual Memory, which delays Cloudlet processing.
[0;39m[34mINFO  6.46: DatacenterBrokerSimple2: Cloudlet 6 finished in Vm 4 and returned to broker.
[0;39m[34mINFO  6.46: DatacenterBrokerSimple2: Cloudlet 29 finished in Vm 4 and returned to broker.
[0;39m[34mINFO  6.46: DatacenterBrokerSimple2: Cloudlet 43 finished in Vm 4 and returned to broker.
[0;39m[34mINFO  6.46: DatacenterBrokerSimple2: Cloudlet 3 finished in Vm 3 and returned to broker.
[0;39m[34mINFO  6.46: DatacenterBrokerSimple2: Cloudlet 5 finished in Vm 3 and returned to broker.
[0;39m[34mINFO  6.46: DatacenterBrokerSimple2: Cloudlet 7 finished in Vm 3 and returned to broker.
[0;39m[31mWARN  6.57: CloudletSchedulerTimeShared: Cloudlet 66 requested 1127 MB of Ram but just 1024 was available. Using Virtual Memory, which delays Cloudlet processing.
[0;39m[31mWARN  6.57: CloudletSchedulerTimeShared: Cloudlet 67 requested 1024 MB of Ram but no amount is available.. Using Virtual Memory, which delays Cloudlet processing.
[0;39m[31mWARN  6.57: CloudletSchedulerTimeShared: Cloudlet 91 requested 1024 MB of Ram but no amount is available.. Using Virtual Memory, which delays Cloudlet processing.
[0;39m[31mWARN  6.57: CloudletSchedulerTimeShared: Cloudlet 92 requested 1024 MB of Ram but no amount is available.. Using Virtual Memory, which delays Cloudlet processing.
[0;39m[31mWARN  6.57: CloudletSchedulerTimeShared: Cloudlet 44 requested 5498 MB of Ram but just 3372 was available. Using Virtual Memory, which delays Cloudlet processing.
[0;39m[31mWARN  6.57: CloudletSchedulerTimeShared: Cloudlet 48 requested 1024 MB of Ram but no amount is available.. Using Virtual Memory, which delays Cloudlet processing.
[0;39m[31mWARN  6.57: CloudletSchedulerTimeShared: Cloudlet 64 requested 1649 MB of Ram but no amount is available.. Using Virtual Memory, which delays Cloudlet processing.
[0;39m[31mWARN  6.57: CloudletSchedulerTimeShared: Cloudlet 65 requested 4398 MB of Ram but no amount is available.. Using Virtual Memory, which delays Cloudlet processing.
[0;39m[31mWARN  6.57: CloudletSchedulerTimeShared: Cloudlet 69 requested 1649 MB of Ram but no amount is available.. Using Virtual Memory, which delays Cloudlet processing.
[0;39m[31mWARN  6.57: CloudletSchedulerTimeShared: Cloudlet 73 requested 1024 MB of Ram but no amount is available.. Using Virtual Memory, which delays Cloudlet processing.
[0;39m[31mWARN  6.57: CloudletSchedulerTimeShared: Cloudlet 75 requested 1649 MB of Ram but no amount is available.. Using Virtual Memory, which delays Cloudlet processing.
[0;39m[31mWARN  6.57: CloudletSchedulerTimeShared: Cloudlet 76 requested 1649 MB of Ram but no amount is available.. Using Virtual Memory, which delays Cloudlet processing.
[0;39m[31mWARN  6.57: CloudletSchedulerTimeShared: Cloudlet 80 requested 1024 MB of Ram but no amount is available.. Using Virtual Memory, which delays Cloudlet processing.
[0;39m[31mWARN  6.57: CloudletSchedulerTimeShared: Cloudlet 93 requested 1024 MB of Ram but no amount is available.. Using Virtual Memory, which delays Cloudlet processing.
[0;39m[31mWARN  6.57: CloudletSchedulerTimeShared: Cloudlet 83 requested 1024 MB of Ram but no amount is available.. Using Virtual Memory, which delays Cloudlet processing.
[0;39m[31mWARN  6.57: CloudletSchedulerTimeShared: Cloudlet 87 requested 1024 MB of Ram but no amount is available.. Using Virtual Memory, which delays Cloudlet processing.
[0;39m[31mWARN  6.57: CloudletSchedulerTimeShared: Cloudlet 94 requested 1024 MB of Ram but no amount is available.. Using Virtual Memory, which delays Cloudlet processing.
[0;39m[31mWARN  6.57: CloudletSchedulerTimeShared: Cloudlet 95 requested 1024 MB of Ram but no amount is available.. Using Virtual Memory, which delays Cloudlet processing.
[0;39m[31mWARN  6.57: CloudletSchedulerTimeShared: Cloudlet 62 requested 1649 MB of Ram but just 173 was available. Using Virtual Memory, which delays Cloudlet processing.
[0;39m[31mWARN  6.57: CloudletSchedulerTimeShared: Cloudlet 77 requested 1317 MB of Ram but no amount is available.. Using Virtual Memory, which delays Cloudlet processing.
[0;39m[31mWARN  6.57: CloudletSchedulerTimeShared: Cloudlet 90 requested 1024 MB of Ram but no amount is available.. Using Virtual Memory, which delays Cloudlet processing.
[0;39m[31mWARN  6.57: CloudletSchedulerTimeShared: Cloudlet 96 requested 1024 MB of Ram but no amount is available.. Using Virtual Memory, which delays Cloudlet processing.
[0;39m[31mWARN  6.57: CloudletSchedulerTimeShared: Cloudlet 82 requested 1024 MB of Ram but just 819 was available. Using Virtual Memory, which delays Cloudlet processing.
[0;39m[31mWARN  6.57: CloudletSchedulerTimeShared: Cloudlet 84 requested 1024 MB of Ram but no amount is available.. Using Virtual Memory, which delays Cloudlet processing.
[0;39m[31mWARN  6.57: CloudletSchedulerTimeShared: Cloudlet 98 requested 1024 MB of Ram but no amount is available.. Using Virtual Memory, which delays Cloudlet processing.
[0;39m[31mWARN  6.57: CloudletSchedulerTimeShared: Cloudlet 85 requested 1649 MB of Ram but just 399 was available. Using Virtual Memory, which delays Cloudlet processing.
[0;39m[31mWARN  6.57: CloudletSchedulerTimeShared: Cloudlet 99 requested 1024 MB of Ram but no amount is available.. Using Virtual Memory, which delays Cloudlet processing.
[0;39m[31mWARN  7.60: CloudletSchedulerTimeShared: Cloudlet 66 requested 1127 MB of Ram but just 1024 was available. Using Virtual Memory, which delays Cloudlet processing.
[0;39m[31mWARN  7.60: CloudletSchedulerTimeShared: Cloudlet 67 requested 1024 MB of Ram but no amount is available.. Using Virtual Memory, which delays Cloudlet processing.
[0;39m[31mWARN  7.60: CloudletSchedulerTimeShared: Cloudlet 91 requested 1024 MB of Ram but no amount is available.. Using Virtual Memory, which delays Cloudlet processing.
[0;39m[31mWARN  7.60: CloudletSchedulerTimeShared: Cloudlet 92 requested 1024 MB of Ram but no amount is available.. Using Virtual Memory, which delays Cloudlet processing.
[0;39m[31mWARN  7.60: CloudletSchedulerTimeShared: Cloudlet 44 requested 5498 MB of Ram but just 3372 was available. Using Virtual Memory, which delays Cloudlet processing.
[0;39m[31mWARN  7.60: CloudletSchedulerTimeShared: Cloudlet 48 requested 1024 MB of Ram but no amount is available.. Using Virtual Memory, which delays Cloudlet processing.
[0;39m[31mWARN  7.60: CloudletSchedulerTimeShared: Cloudlet 64 requested 1649 MB of Ram but no amount is available.. Using Virtual Memory, which delays Cloudlet processing.
[0;39m[31mWARN  7.60: CloudletSchedulerTimeShared: Cloudlet 65 requested 4398 MB of Ram but no amount is available.. Using Virtual Memory, which delays Cloudlet processing.
[0;39m[31mWARN  7.60: CloudletSchedulerTimeShared: Cloudlet 69 requested 1649 MB of Ram but no amount is available.. Using Virtual Memory, which delays Cloudlet processing.
[0;39m[31mWARN  7.60: CloudletSchedulerTimeShared: Cloudlet 73 requested 1024 MB of Ram but no amount is available.. Using Virtual Memory, which delays Cloudlet processing.
[0;39m[31mWARN  7.60: CloudletSchedulerTimeShared: Cloudlet 75 requested 1649 MB of Ram but no amount is available.. Using Virtual Memory, which delays Cloudlet processing.
[0;39m[31mWARN  7.60: CloudletSchedulerTimeShared: Cloudlet 76 requested 1649 MB of Ram but no amount is available.. Using Virtual Memory, which delays Cloudlet processing.
[0;39m[31mWARN  7.60: CloudletSchedulerTimeShared: Cloudlet 80 requested 1024 MB of Ram but no amount is available.. Using Virtual Memory, which delays Cloudlet processing.
[0;39m[31mWARN  7.60: CloudletSchedulerTimeShared: Cloudlet 93 requested 1024 MB of Ram but no amount is available.. Using Virtual Memory, which delays Cloudlet processing.
[0;39m[31mWARN  7.60: CloudletSchedulerTimeShared: Cloudlet 83 requested 1024 MB of Ram but no amount is available.. Using Virtual Memory, which delays Cloudlet processing.
[0;39m[31mWARN  7.60: CloudletSchedulerTimeShared: Cloudlet 87 requested 1024 MB of Ram but no amount is available.. Using Virtual Memory, which delays Cloudlet processing.
[0;39m[31mWARN  7.60: CloudletSchedulerTimeShared: Cloudlet 94 requested 1024 MB of Ram but no amount is available.. Using Virtual Memory, which delays Cloudlet processing.
[0;39m[31mWARN  7.60: CloudletSchedulerTimeShared: Cloudlet 95 requested 1024 MB of Ram but no amount is available.. Using Virtual Memory, which delays Cloudlet processing.
[0;39m[31mWARN  7.60: CloudletSchedulerTimeShared: Cloudlet 62 requested 1649 MB of Ram but just 173 was available. Using Virtual Memory, which delays Cloudlet processing.
[0;39m[31mWARN  7.60: CloudletSchedulerTimeShared: Cloudlet 77 requested 1317 MB of Ram but no amount is available.. Using Virtual Memory, which delays Cloudlet processing.
[0;39m[31mWARN  7.60: CloudletSchedulerTimeShared: Cloudlet 90 requested 1024 MB of Ram but no amount is available.. Using Virtual Memory, which delays Cloudlet processing.
[0;39m[31mWARN  7.60: CloudletSchedulerTimeShared: Cloudlet 96 requested 1024 MB of Ram but no amount is available.. Using Virtual Memory, which delays Cloudlet processing.
[0;39m[31mWARN  7.60: CloudletSchedulerTimeShared: Cloudlet 82 requested 1024 MB of Ram but just 819 was available. Using Virtual Memory, which delays Cloudlet processing.
[0;39m[31mWARN  7.60: CloudletSchedulerTimeShared: Cloudlet 84 requested 1024 MB of Ram but no amount is available.. Using Virtual Memory, which delays Cloudlet processing.
[0;39m[31mWARN  7.60: CloudletSchedulerTimeShared: Cloudlet 98 requested 1024 MB of Ram but no amount is available.. Using Virtual Memory, which delays Cloudlet processing.
[0;39m[31mWARN  7.60: CloudletSchedulerTimeShared: Cloudlet 85 requested 1649 MB of Ram but just 399 was available. Using Virtual Memory, which delays Cloudlet processing.
[0;39m[31mWARN  7.60: CloudletSchedulerTimeShared: Cloudlet 99 requested 1024 MB of Ram but no amount is available.. Using Virtual Memory, which delays Cloudlet processing.
[0;39m[34mINFO  7.60: DatacenterBrokerSimple2: Cloudlet 81 finished in Vm 6 and returned to broker.
[0;39m[34mINFO  7.60: DatacenterBrokerSimple2: Cloudlet 86 finished in Vm 7 and returned to broker.
[0;39m[34mINFO  7.60: DatacenterBrokerSimple2: Cloudlet 89 finished in Vm 7 and returned to broker.
[0;39m[31mWARN  7.91: CloudletSchedulerTimeShared: Cloudlet 66 requested 1127 MB of Ram but just 1024 was available. Using Virtual Memory, which delays Cloudlet processing.
[0;39m[31mWARN  7.91: CloudletSchedulerTimeShared: Cloudlet 67 requested 1024 MB of Ram but no amount is available.. Using Virtual Memory, which delays Cloudlet processing.
[0;39m[31mWARN  7.91: CloudletSchedulerTimeShared: Cloudlet 91 requested 1024 MB of Ram but no amount is available.. Using Virtual Memory, which delays Cloudlet processing.
[0;39m[31mWARN  7.91: CloudletSchedulerTimeShared: Cloudlet 92 requested 1024 MB of Ram but no amount is available.. Using Virtual Memory, which delays Cloudlet processing.
[0;39m[31mWARN  7.91: CloudletSchedulerTimeShared: Cloudlet 44 requested 5498 MB of Ram but just 3372 was available. Using Virtual Memory, which delays Cloudlet processing.
[0;39m[31mWARN  7.91: CloudletSchedulerTimeShared: Cloudlet 48 requested 1024 MB of Ram but no amount is available.. Using Virtual Memory, which delays Cloudlet processing.
[0;39m[31mWARN  7.91: CloudletSchedulerTimeShared: Cloudlet 64 requested 1649 MB of Ram but no amount is available.. Using Virtual Memory, which delays Cloudlet processing.
[0;39m[31mWARN  7.91: CloudletSchedulerTimeShared: Cloudlet 65 requested 4398 MB of Ram but no amount is available.. Using Virtual Memory, which delays Cloudlet processing.
[0;39m[31mWARN  7.91: CloudletSchedulerTimeShared: Cloudlet 69 requested 1649 MB of Ram but no amount is available.. Using Virtual Memory, which delays Cloudlet processing.
[0;39m[31mWARN  7.91: CloudletSchedulerTimeShared: Cloudlet 73 requested 1024 MB of Ram but no amount is available.. Using Virtual Memory, which delays Cloudlet processing.
[0;39m[31mWARN  7.91: CloudletSchedulerTimeShared: Cloudlet 75 requested 1649 MB of Ram but no amount is available.. Using Virtual Memory, which delays Cloudlet processing.
[0;39m[31mWARN  7.91: CloudletSchedulerTimeShared: Cloudlet 76 requested 1649 MB of Ram but no amount is available.. Using Virtual Memory, which delays Cloudlet processing.
[0;39m[31mWARN  7.91: CloudletSchedulerTimeShared: Cloudlet 80 requested 1024 MB of Ram but no amount is available.. Using Virtual Memory, which delays Cloudlet processing.
[0;39m[31mWARN  7.91: CloudletSchedulerTimeShared: Cloudlet 93 requested 1024 MB of Ram but no amount is available.. Using Virtual Memory, which delays Cloudlet processing.
[0;39m[31mWARN  7.91: CloudletSchedulerTimeShared: Cloudlet 83 requested 1024 MB of Ram but no amount is available.. Using Virtual Memory, which delays Cloudlet processing.
[0;39m[31mWARN  7.91: CloudletSchedulerTimeShared: Cloudlet 87 requested 1024 MB of Ram but no amount is available.. Using Virtual Memory, which delays Cloudlet processing.
[0;39m[31mWARN  7.91: CloudletSchedulerTimeShared: Cloudlet 94 requested 1024 MB of Ram but no amount is available.. Using Virtual Memory, which delays Cloudlet processing.
[0;39m[31mWARN  7.91: CloudletSchedulerTimeShared: Cloudlet 95 requested 1024 MB of Ram but no amount is available.. Using Virtual Memory, which delays Cloudlet processing.
[0;39m[31mWARN  7.91: CloudletSchedulerTimeShared: Cloudlet 62 requested 1649 MB of Ram but just 173 was available. Using Virtual Memory, which delays Cloudlet processing.
[0;39m[31mWARN  7.91: CloudletSchedulerTimeShared: Cloudlet 77 requested 1317 MB of Ram but no amount is available.. Using Virtual Memory, which delays Cloudlet processing.
[0;39m[31mWARN  7.91: CloudletSchedulerTimeShared: Cloudlet 90 requested 1024 MB of Ram but no amount is available.. Using Virtual Memory, which delays Cloudlet processing.
[0;39m[31mWARN  7.91: CloudletSchedulerTimeShared: Cloudlet 96 requested 1024 MB of Ram but no amount is available.. Using Virtual Memory, which delays Cloudlet processing.
[0;39m[31mWARN  7.91: CloudletSchedulerTimeShared: Cloudlet 85 requested 1649 MB of Ram but just 399 was available. Using Virtual Memory, which delays Cloudlet processing.
[0;39m[31mWARN  7.91: CloudletSchedulerTimeShared: Cloudlet 99 requested 1024 MB of Ram but no amount is available.. Using Virtual Memory, which delays Cloudlet processing.
[0;39m[31mWARN  8.10: CloudletSchedulerTimeShared: Cloudlet 66 requested 1127 MB of Ram but just 1024 was available. Using Virtual Memory, which delays Cloudlet processing.
[0;39m[31mWARN  8.10: CloudletSchedulerTimeShared: Cloudlet 67 requested 1024 MB of Ram but no amount is available.. Using Virtual Memory, which delays Cloudlet processing.
[0;39m[31mWARN  8.10: CloudletSchedulerTimeShared: Cloudlet 91 requested 1024 MB of Ram but no amount is available.. Using Virtual Memory, which delays Cloudlet processing.
[0;39m[31mWARN  8.10: CloudletSchedulerTimeShared: Cloudlet 92 requested 1024 MB of Ram but no amount is available.. Using Virtual Memory, which delays Cloudlet processing.
[0;39m[31mWARN  8.10: CloudletSchedulerTimeShared: Cloudlet 44 requested 5498 MB of Ram but just 3372 was available. Using Virtual Memory, which delays Cloudlet processing.
[0;39m[31mWARN  8.10: CloudletSchedulerTimeShared: Cloudlet 48 requested 1024 MB of Ram but no amount is available.. Using Virtual Memory, which delays Cloudlet processing.
[0;39m[31mWARN  8.10: CloudletSchedulerTimeShared: Cloudlet 64 requested 1649 MB of Ram but no amount is available.. Using Virtual Memory, which delays Cloudlet processing.
[0;39m[31mWARN  8.10: CloudletSchedulerTimeShared: Cloudlet 65 requested 4398 MB of Ram but no amount is available.. Using Virtual Memory, which delays Cloudlet processing.
[0;39m[31mWARN  8.10: CloudletSchedulerTimeShared: Cloudlet 69 requested 1649 MB of Ram but no amount is available.. Using Virtual Memory, which delays Cloudlet processing.
[0;39m[31mWARN  8.10: CloudletSchedulerTimeShared: Cloudlet 73 requested 1024 MB of Ram but no amount is available.. Using Virtual Memory, which delays Cloudlet processing.
[0;39m[31mWARN  8.10: CloudletSchedulerTimeShared: Cloudlet 75 requested 1649 MB of Ram but no amount is available.. Using Virtual Memory, which delays Cloudlet processing.
[0;39m[31mWARN  8.10: CloudletSchedulerTimeShared: Cloudlet 76 requested 1649 MB of Ram but no amount is available.. Using Virtual Memory, which delays Cloudlet processing.
[0;39m[31mWARN  8.10: CloudletSchedulerTimeShared: Cloudlet 80 requested 1024 MB of Ram but no amount is available.. Using Virtual Memory, which delays Cloudlet processing.
[0;39m[31mWARN  8.10: CloudletSchedulerTimeShared: Cloudlet 93 requested 1024 MB of Ram but no amount is available.. Using Virtual Memory, which delays Cloudlet processing.
[0;39m[31mWARN  8.10: CloudletSchedulerTimeShared: Cloudlet 83 requested 1024 MB of Ram but no amount is available.. Using Virtual Memory, which delays Cloudlet processing.
[0;39m[31mWARN  8.10: CloudletSchedulerTimeShared: Cloudlet 87 requested 1024 MB of Ram but no amount is available.. Using Virtual Memory, which delays Cloudlet processing.
[0;39m[31mWARN  8.10: CloudletSchedulerTimeShared: Cloudlet 94 requested 1024 MB of Ram but no amount is available.. Using Virtual Memory, which delays Cloudlet processing.
[0;39m[31mWARN  8.10: CloudletSchedulerTimeShared: Cloudlet 95 requested 1024 MB of Ram but no amount is available.. Using Virtual Memory, which delays Cloudlet processing.
[0;39m[31mWARN  8.10: CloudletSchedulerTimeShared: Cloudlet 62 requested 1649 MB of Ram but just 173 was available. Using Virtual Memory, which delays Cloudlet processing.
[0;39m[31mWARN  8.10: CloudletSchedulerTimeShared: Cloudlet 77 requested 1317 MB of Ram but no amount is available.. Using Virtual Memory, which delays Cloudlet processing.
[0;39m[31mWARN  8.10: CloudletSchedulerTimeShared: Cloudlet 90 requested 1024 MB of Ram but no amount is available.. Using Virtual Memory, which delays Cloudlet processing.
[0;39m[31mWARN  8.10: CloudletSchedulerTimeShared: Cloudlet 96 requested 1024 MB of Ram but no amount is available.. Using Virtual Memory, which delays Cloudlet processing.
[0;39m[31mWARN  8.10: CloudletSchedulerTimeShared: Cloudlet 85 requested 1649 MB of Ram but just 399 was available. Using Virtual Memory, which delays Cloudlet processing.
[0;39m[31mWARN  8.10: CloudletSchedulerTimeShared: Cloudlet 99 requested 1024 MB of Ram but no amount is available.. Using Virtual Memory, which delays Cloudlet processing.
[0;39m[34mINFO  8.10: DatacenterBrokerSimple2: Cloudlet 54 finished in Vm 2 and returned to broker.
[0;39m[34mINFO  8.10: DatacenterBrokerSimple2: Cloudlet 97 finished in Vm 2 and returned to broker.
[0;39m[31mWARN  8.35: CloudletSchedulerTimeShared: Cloudlet 66 requested 1127 MB of Ram but just 1024 was available. Using Virtual Memory, which delays Cloudlet processing.
[0;39m[31mWARN  8.35: CloudletSchedulerTimeShared: Cloudlet 67 requested 1024 MB of Ram but no amount is available.. Using Virtual Memory, which delays Cloudlet processing.
[0;39m[31mWARN  8.35: CloudletSchedulerTimeShared: Cloudlet 91 requested 1024 MB of Ram but no amount is available.. Using Virtual Memory, which delays Cloudlet processing.
[0;39m[31mWARN  8.35: CloudletSchedulerTimeShared: Cloudlet 92 requested 1024 MB of Ram but no amount is available.. Using Virtual Memory, which delays Cloudlet processing.
[0;39m[31mWARN  8.35: CloudletSchedulerTimeShared: Cloudlet 44 requested 5498 MB of Ram but just 3372 was available. Using Virtual Memory, which delays Cloudlet processing.
[0;39m[31mWARN  8.35: CloudletSchedulerTimeShared: Cloudlet 48 requested 1024 MB of Ram but no amount is available.. Using Virtual Memory, which delays Cloudlet processing.
[0;39m[31mWARN  8.35: CloudletSchedulerTimeShared: Cloudlet 64 requested 1649 MB of Ram but no amount is available.. Using Virtual Memory, which delays Cloudlet processing.
[0;39m[31mWARN  8.35: CloudletSchedulerTimeShared: Cloudlet 65 requested 4398 MB of Ram but no amount is available.. Using Virtual Memory, which delays Cloudlet processing.
[0;39m[31mWARN  8.35: CloudletSchedulerTimeShared: Cloudlet 69 requested 1649 MB of Ram but no amount is available.. Using Virtual Memory, which delays Cloudlet processing.
[0;39m[31mWARN  8.35: CloudletSchedulerTimeShared: Cloudlet 73 requested 1024 MB of Ram but no amount is available.. Using Virtual Memory, which delays Cloudlet processing.
[0;39m[31mWARN  8.35: CloudletSchedulerTimeShared: Cloudlet 75 requested 1649 MB of Ram but no amount is available.. Using Virtual Memory, which delays Cloudlet processing.
[0;39m[31mWARN  8.35: CloudletSchedulerTimeShared: Cloudlet 76 requested 1649 MB of Ram but no amount is available.. Using Virtual Memory, which delays Cloudlet processing.
[0;39m[31mWARN  8.35: CloudletSchedulerTimeShared: Cloudlet 80 requested 1024 MB of Ram but no amount is available.. Using Virtual Memory, which delays Cloudlet processing.
[0;39m[31mWARN  8.35: CloudletSchedulerTimeShared: Cloudlet 93 requested 1024 MB of Ram but no amount is available.. Using Virtual Memory, which delays Cloudlet processing.
[0;39m[31mWARN  8.35: CloudletSchedulerTimeShared: Cloudlet 83 requested 1024 MB of Ram but no amount is available.. Using Virtual Memory, which delays Cloudlet processing.
[0;39m[31mWARN  8.35: CloudletSchedulerTimeShared: Cloudlet 87 requested 1024 MB of Ram but no amount is available.. Using Virtual Memory, which delays Cloudlet processing.
[0;39m[31mWARN  8.35: CloudletSchedulerTimeShared: Cloudlet 94 requested 1024 MB of Ram but no amount is available.. Using Virtual Memory, which delays Cloudlet processing.
[0;39m[31mWARN  8.35: CloudletSchedulerTimeShared: Cloudlet 95 requested 1024 MB of Ram but no amount is available.. Using Virtual Memory, which delays Cloudlet processing.
[0;39m[31mWARN  8.35: CloudletSchedulerTimeShared: Cloudlet 62 requested 1649 MB of Ram but just 173 was available. Using Virtual Memory, which delays Cloudlet processing.
[0;39m[31mWARN  8.35: CloudletSchedulerTimeShared: Cloudlet 77 requested 1317 MB of Ram but no amount is available.. Using Virtual Memory, which delays Cloudlet processing.
[0;39m[31mWARN  8.35: CloudletSchedulerTimeShared: Cloudlet 90 requested 1024 MB of Ram but no amount is available.. Using Virtual Memory, which delays Cloudlet processing.
[0;39m[31mWARN  8.35: CloudletSchedulerTimeShared: Cloudlet 96 requested 1024 MB of Ram but no amount is available.. Using Virtual Memory, which delays Cloudlet processing.
[0;39m[31mWARN  8.35: CloudletSchedulerTimeShared: Cloudlet 85 requested 1649 MB of Ram but just 399 was available. Using Virtual Memory, which delays Cloudlet processing.
[0;39m[31mWARN  8.35: CloudletSchedulerTimeShared: Cloudlet 99 requested 1024 MB of Ram but no amount is available.. Using Virtual Memory, which delays Cloudlet processing.
[0;39m[31mWARN  8.51: CloudletSchedulerTimeShared: Cloudlet 66 requested 1127 MB of Ram but just 1024 was available. Using Virtual Memory, which delays Cloudlet processing.
[0;39m[31mWARN  8.51: CloudletSchedulerTimeShared: Cloudlet 67 requested 1024 MB of Ram but no amount is available.. Using Virtual Memory, which delays Cloudlet processing.
[0;39m[31mWARN  8.51: CloudletSchedulerTimeShared: Cloudlet 91 requested 1024 MB of Ram but no amount is available.. Using Virtual Memory, which delays Cloudlet processing.
[0;39m[31mWARN  8.51: CloudletSchedulerTimeShared: Cloudlet 92 requested 1024 MB of Ram but no amount is available.. Using Virtual Memory, which delays Cloudlet processing.
[0;39m[31mWARN  8.51: CloudletSchedulerTimeShared: Cloudlet 44 requested 5498 MB of Ram but just 3372 was available. Using Virtual Memory, which delays Cloudlet processing.
[0;39m[31mWARN  8.51: CloudletSchedulerTimeShared: Cloudlet 48 requested 1024 MB of Ram but no amount is available.. Using Virtual Memory, which delays Cloudlet processing.
[0;39m[31mWARN  8.51: CloudletSchedulerTimeShared: Cloudlet 64 requested 1649 MB of Ram but no amount is available.. Using Virtual Memory, which delays Cloudlet processing.
[0;39m[31mWARN  8.51: CloudletSchedulerTimeShared: Cloudlet 65 requested 4398 MB of Ram but no amount is available.. Using Virtual Memory, which delays Cloudlet processing.
[0;39m[31mWARN  8.51: CloudletSchedulerTimeShared: Cloudlet 69 requested 1649 MB of Ram but no amount is available.. Using Virtual Memory, which delays Cloudlet processing.
[0;39m[31mWARN  8.51: CloudletSchedulerTimeShared: Cloudlet 73 requested 1024 MB of Ram but no amount is available.. Using Virtual Memory, which delays Cloudlet processing.
[0;39m[31mWARN  8.51: CloudletSchedulerTimeShared: Cloudlet 75 requested 1649 MB of Ram but no amount is available.. Using Virtual Memory, which delays Cloudlet processing.
[0;39m[31mWARN  8.51: CloudletSchedulerTimeShared: Cloudlet 76 requested 1649 MB of Ram but no amount is available.. Using Virtual Memory, which delays Cloudlet processing.
[0;39m[31mWARN  8.51: CloudletSchedulerTimeShared: Cloudlet 80 requested 1024 MB of Ram but no amount is available.. Using Virtual Memory, which delays Cloudlet processing.
[0;39m[31mWARN  8.51: CloudletSchedulerTimeShared: Cloudlet 93 requested 1024 MB of Ram but no amount is available.. Using Virtual Memory, which delays Cloudlet processing.
[0;39m[31mWARN  8.51: CloudletSchedulerTimeShared: Cloudlet 83 requested 1024 MB of Ram but no amount is available.. Using Virtual Memory, which delays Cloudlet processing.
[0;39m[31mWARN  8.51: CloudletSchedulerTimeShared: Cloudlet 87 requested 1024 MB of Ram but no amount is available.. Using Virtual Memory, which delays Cloudlet processing.
[0;39m[31mWARN  8.51: CloudletSchedulerTimeShared: Cloudlet 94 requested 1024 MB of Ram but no amount is available.. Using Virtual Memory, which delays Cloudlet processing.
[0;39m[31mWARN  8.51: CloudletSchedulerTimeShared: Cloudlet 95 requested 1024 MB of Ram but no amount is available.. Using Virtual Memory, which delays Cloudlet processing.
[0;39m[31mWARN  8.51: CloudletSchedulerTimeShared: Cloudlet 62 requested 1649 MB of Ram but just 173 was available. Using Virtual Memory, which delays Cloudlet processing.
[0;39m[31mWARN  8.51: CloudletSchedulerTimeShared: Cloudlet 77 requested 1317 MB of Ram but no amount is available.. Using Virtual Memory, which delays Cloudlet processing.
[0;39m[31mWARN  8.51: CloudletSchedulerTimeShared: Cloudlet 90 requested 1024 MB of Ram but no amount is available.. Using Virtual Memory, which delays Cloudlet processing.
[0;39m[31mWARN  8.51: CloudletSchedulerTimeShared: Cloudlet 96 requested 1024 MB of Ram but no amount is available.. Using Virtual Memory, which delays Cloudlet processing.
[0;39m[31mWARN  8.51: CloudletSchedulerTimeShared: Cloudlet 85 requested 1649 MB of Ram but just 399 was available. Using Virtual Memory, which delays Cloudlet processing.
[0;39m[31mWARN  8.51: CloudletSchedulerTimeShared: Cloudlet 99 requested 1024 MB of Ram but no amount is available.. Using Virtual Memory, which delays Cloudlet processing.
[0;39m[31mWARN  8.62: CloudletSchedulerTimeShared: Cloudlet 66 requested 1127 MB of Ram but just 1024 was available. Using Virtual Memory, which delays Cloudlet processing.
[0;39m[31mWARN  8.62: CloudletSchedulerTimeShared: Cloudlet 67 requested 1024 MB of Ram but no amount is available.. Using Virtual Memory, which delays Cloudlet processing.
[0;39m[31mWARN  8.62: CloudletSchedulerTimeShared: Cloudlet 91 requested 1024 MB of Ram but no amount is available.. Using Virtual Memory, which delays Cloudlet processing.
[0;39m[31mWARN  8.62: CloudletSchedulerTimeShared: Cloudlet 92 requested 1024 MB of Ram but no amount is available.. Using Virtual Memory, which delays Cloudlet processing.
[0;39m[31mWARN  8.62: CloudletSchedulerTimeShared: Cloudlet 44 requested 5498 MB of Ram but just 3372 was available. Using Virtual Memory, which delays Cloudlet processing.
[0;39m[31mWARN  8.62: CloudletSchedulerTimeShared: Cloudlet 48 requested 1024 MB of Ram but no amount is available.. Using Virtual Memory, which delays Cloudlet processing.
[0;39m[31mWARN  8.62: CloudletSchedulerTimeShared: Cloudlet 64 requested 1649 MB of Ram but no amount is available.. Using Virtual Memory, which delays Cloudlet processing.
[0;39m[31mWARN  8.62: CloudletSchedulerTimeShared: Cloudlet 65 requested 4398 MB of Ram but no amount is available.. Using Virtual Memory, which delays Cloudlet processing.
[0;39m[31mWARN  8.62: CloudletSchedulerTimeShared: Cloudlet 69 requested 1649 MB of Ram but no amount is available.. Using Virtual Memory, which delays Cloudlet processing.
[0;39m[31mWARN  8.62: CloudletSchedulerTimeShared: Cloudlet 73 requested 1024 MB of Ram but no amount is available.. Using Virtual Memory, which delays Cloudlet processing.
[0;39m[31mWARN  8.62: CloudletSchedulerTimeShared: Cloudlet 75 requested 1649 MB of Ram but no amount is available.. Using Virtual Memory, which delays Cloudlet processing.
[0;39m[31mWARN  8.62: CloudletSchedulerTimeShared: Cloudlet 76 requested 1649 MB of Ram but no amount is available.. Using Virtual Memory, which delays Cloudlet processing.
[0;39m[31mWARN  8.62: CloudletSchedulerTimeShared: Cloudlet 80 requested 1024 MB of Ram but no amount is available.. Using Virtual Memory, which delays Cloudlet processing.
[0;39m[31mWARN  8.62: CloudletSchedulerTimeShared: Cloudlet 93 requested 1024 MB of Ram but no amount is available.. Using Virtual Memory, which delays Cloudlet processing.
[0;39m[31mWARN  8.62: CloudletSchedulerTimeShared: Cloudlet 83 requested 1024 MB of Ram but no amount is available.. Using Virtual Memory, which delays Cloudlet processing.
[0;39m[31mWARN  8.62: CloudletSchedulerTimeShared: Cloudlet 87 requested 1024 MB of Ram but no amount is available.. Using Virtual Memory, which delays Cloudlet processing.
[0;39m[31mWARN  8.62: CloudletSchedulerTimeShared: Cloudlet 94 requested 1024 MB of Ram but no amount is available.. Using Virtual Memory, which delays Cloudlet processing.
[0;39m[31mWARN  8.62: CloudletSchedulerTimeShared: Cloudlet 95 requested 1024 MB of Ram but no amount is available.. Using Virtual Memory, which delays Cloudlet processing.
[0;39m[31mWARN  8.62: CloudletSchedulerTimeShared: Cloudlet 62 requested 1649 MB of Ram but just 173 was available. Using Virtual Memory, which delays Cloudlet processing.
[0;39m[31mWARN  8.62: CloudletSchedulerTimeShared: Cloudlet 77 requested 1317 MB of Ram but no amount is available.. Using Virtual Memory, which delays Cloudlet processing.
[0;39m[31mWARN  8.62: CloudletSchedulerTimeShared: Cloudlet 90 requested 1024 MB of Ram but no amount is available.. Using Virtual Memory, which delays Cloudlet processing.
[0;39m[31mWARN  8.62: CloudletSchedulerTimeShared: Cloudlet 96 requested 1024 MB of Ram but no amount is available.. Using Virtual Memory, which delays Cloudlet processing.
[0;39m[31mWARN  8.62: CloudletSchedulerTimeShared: Cloudlet 85 requested 1649 MB of Ram but just 399 was available. Using Virtual Memory, which delays Cloudlet processing.
[0;39m[31mWARN  8.62: CloudletSchedulerTimeShared: Cloudlet 99 requested 1024 MB of Ram but no amount is available.. Using Virtual Memory, which delays Cloudlet processing.
[0;39m[34mINFO  8.62: DatacenterBrokerSimple2: Cloudlet 8 finished in Vm 6 and returned to broker.
[0;39m[31mWARN  8.73: CloudletSchedulerTimeShared: Cloudlet 66 requested 1127 MB of Ram but just 1024 was available. Using Virtual Memory, which delays Cloudlet processing.
[0;39m[31mWARN  8.73: CloudletSchedulerTimeShared: Cloudlet 67 requested 1024 MB of Ram but no amount is available.. Using Virtual Memory, which delays Cloudlet processing.
[0;39m[31mWARN  8.73: CloudletSchedulerTimeShared: Cloudlet 91 requested 1024 MB of Ram but no amount is available.. Using Virtual Memory, which delays Cloudlet processing.
[0;39m[31mWARN  8.73: CloudletSchedulerTimeShared: Cloudlet 92 requested 1024 MB of Ram but no amount is available.. Using Virtual Memory, which delays Cloudlet processing.
[0;39m[31mWARN  8.73: CloudletSchedulerTimeShared: Cloudlet 44 requested 5498 MB of Ram but just 3372 was available. Using Virtual Memory, which delays Cloudlet processing.
[0;39m[31mWARN  8.73: CloudletSchedulerTimeShared: Cloudlet 48 requested 1024 MB of Ram but no amount is available.. Using Virtual Memory, which delays Cloudlet processing.
[0;39m[31mWARN  8.73: CloudletSchedulerTimeShared: Cloudlet 64 requested 1649 MB of Ram but no amount is available.. Using Virtual Memory, which delays Cloudlet processing.
[0;39m[31mWARN  8.73: CloudletSchedulerTimeShared: Cloudlet 65 requested 4398 MB of Ram but no amount is available.. Using Virtual Memory, which delays Cloudlet processing.
[0;39m[31mWARN  8.73: CloudletSchedulerTimeShared: Cloudlet 69 requested 1649 MB of Ram but no amount is available.. Using Virtual Memory, which delays Cloudlet processing.
[0;39m[31mWARN  8.73: CloudletSchedulerTimeShared: Cloudlet 73 requested 1024 MB of Ram but no amount is available.. Using Virtual Memory, which delays Cloudlet processing.
[0;39m[31mWARN  8.73: CloudletSchedulerTimeShared: Cloudlet 75 requested 1649 MB of Ram but no amount is available.. Using Virtual Memory, which delays Cloudlet processing.
[0;39m[31mWARN  8.73: CloudletSchedulerTimeShared: Cloudlet 76 requested 1649 MB of Ram but no amount is available.. Using Virtual Memory, which delays Cloudlet processing.
[0;39m[31mWARN  8.73: CloudletSchedulerTimeShared: Cloudlet 80 requested 1024 MB of Ram but no amount is available.. Using Virtual Memory, which delays Cloudlet processing.
[0;39m[31mWARN  8.73: CloudletSchedulerTimeShared: Cloudlet 93 requested 1024 MB of Ram but no amount is available.. Using Virtual Memory, which delays Cloudlet processing.
[0;39m[31mWARN  8.73: CloudletSchedulerTimeShared: Cloudlet 83 requested 1024 MB of Ram but no amount is available.. Using Virtual Memory, which delays Cloudlet processing.
[0;39m[31mWARN  8.73: CloudletSchedulerTimeShared: Cloudlet 87 requested 1024 MB of Ram but no amount is available.. Using Virtual Memory, which delays Cloudlet processing.
[0;39m[31mWARN  8.73: CloudletSchedulerTimeShared: Cloudlet 94 requested 1024 MB of Ram but no amount is available.. Using Virtual Memory, which delays Cloudlet processing.
[0;39m[31mWARN  8.73: CloudletSchedulerTimeShared: Cloudlet 95 requested 1024 MB of Ram but no amount is available.. Using Virtual Memory, which delays Cloudlet processing.
[0;39m[31mWARN  8.73: CloudletSchedulerTimeShared: Cloudlet 62 requested 1649 MB of Ram but just 173 was available. Using Virtual Memory, which delays Cloudlet processing.
[0;39m[31mWARN  8.73: CloudletSchedulerTimeShared: Cloudlet 77 requested 1317 MB of Ram but no amount is available.. Using Virtual Memory, which delays Cloudlet processing.
[0;39m[31mWARN  8.73: CloudletSchedulerTimeShared: Cloudlet 90 requested 1024 MB of Ram but no amount is available.. Using Virtual Memory, which delays Cloudlet processing.
[0;39m[31mWARN  8.73: CloudletSchedulerTimeShared: Cloudlet 96 requested 1024 MB of Ram but no amount is available.. Using Virtual Memory, which delays Cloudlet processing.
[0;39m[31mWARN  8.73: CloudletSchedulerTimeShared: Cloudlet 85 requested 1649 MB of Ram but just 399 was available. Using Virtual Memory, which delays Cloudlet processing.
[0;39m[31mWARN  8.73: CloudletSchedulerTimeShared: Cloudlet 99 requested 1024 MB of Ram but no amount is available.. Using Virtual Memory, which delays Cloudlet processing.
[0;39m[31mWARN  9.26: CloudletSchedulerTimeShared: Cloudlet 66 requested 1127 MB of Ram but just 1024 was available. Using Virtual Memory, which delays Cloudlet processing.
[0;39m[31mWARN  9.26: CloudletSchedulerTimeShared: Cloudlet 67 requested 1024 MB of Ram but no amount is available.. Using Virtual Memory, which delays Cloudlet processing.
[0;39m[31mWARN  9.26: CloudletSchedulerTimeShared: Cloudlet 91 requested 1024 MB of Ram but no amount is available.. Using Virtual Memory, which delays Cloudlet processing.
[0;39m[31mWARN  9.26: CloudletSchedulerTimeShared: Cloudlet 92 requested 1024 MB of Ram but no amount is available.. Using Virtual Memory, which delays Cloudlet processing.
[0;39m[31mWARN  9.26: CloudletSchedulerTimeShared: Cloudlet 44 requested 5498 MB of Ram but just 3372 was available. Using Virtual Memory, which delays Cloudlet processing.
[0;39m[31mWARN  9.26: CloudletSchedulerTimeShared: Cloudlet 48 requested 1024 MB of Ram but no amount is available.. Using Virtual Memory, which delays Cloudlet processing.
[0;39m[31mWARN  9.26: CloudletSchedulerTimeShared: Cloudlet 64 requested 1649 MB of Ram but no amount is available.. Using Virtual Memory, which delays Cloudlet processing.
[0;39m[31mWARN  9.26: CloudletSchedulerTimeShared: Cloudlet 65 requested 4398 MB of Ram but no amount is available.. Using Virtual Memory, which delays Cloudlet processing.
[0;39m[31mWARN  9.26: CloudletSchedulerTimeShared: Cloudlet 69 requested 1649 MB of Ram but no amount is available.. Using Virtual Memory, which delays Cloudlet processing.
[0;39m[31mWARN  9.26: CloudletSchedulerTimeShared: Cloudlet 73 requested 1024 MB of Ram but no amount is available.. Using Virtual Memory, which delays Cloudlet processing.
[0;39m[31mWARN  9.26: CloudletSchedulerTimeShared: Cloudlet 75 requested 1649 MB of Ram but no amount is available.. Using Virtual Memory, which delays Cloudlet processing.
[0;39m[31mWARN  9.26: CloudletSchedulerTimeShared: Cloudlet 76 requested 1649 MB of Ram but no amount is available.. Using Virtual Memory, which delays Cloudlet processing.
[0;39m[31mWARN  9.26: CloudletSchedulerTimeShared: Cloudlet 80 requested 1024 MB of Ram but no amount is available.. Using Virtual Memory, which delays Cloudlet processing.
[0;39m[31mWARN  9.26: CloudletSchedulerTimeShared: Cloudlet 93 requested 1024 MB of Ram but no amount is available.. Using Virtual Memory, which delays Cloudlet processing.
[0;39m[31mWARN  9.26: CloudletSchedulerTimeShared: Cloudlet 83 requested 1024 MB of Ram but no amount is available.. Using Virtual Memory, which delays Cloudlet processing.
[0;39m[31mWARN  9.26: CloudletSchedulerTimeShared: Cloudlet 87 requested 1024 MB of Ram but no amount is available.. Using Virtual Memory, which delays Cloudlet processing.
[0;39m[31mWARN  9.26: CloudletSchedulerTimeShared: Cloudlet 94 requested 1024 MB of Ram but no amount is available.. Using Virtual Memory, which delays Cloudlet processing.
[0;39m[31mWARN  9.26: CloudletSchedulerTimeShared: Cloudlet 95 requested 1024 MB of Ram but no amount is available.. Using Virtual Memory, which delays Cloudlet processing.
[0;39m[31mWARN  9.26: CloudletSchedulerTimeShared: Cloudlet 62 requested 1649 MB of Ram but just 173 was available. Using Virtual Memory, which delays Cloudlet processing.
[0;39m[31mWARN  9.26: CloudletSchedulerTimeShared: Cloudlet 77 requested 1317 MB of Ram but no amount is available.. Using Virtual Memory, which delays Cloudlet processing.
[0;39m[31mWARN  9.26: CloudletSchedulerTimeShared: Cloudlet 90 requested 1024 MB of Ram but no amount is available.. Using Virtual Memory, which delays Cloudlet processing.
[0;39m[31mWARN  9.26: CloudletSchedulerTimeShared: Cloudlet 96 requested 1024 MB of Ram but no amount is available.. Using Virtual Memory, which delays Cloudlet processing.
[0;39m[31mWARN  9.26: CloudletSchedulerTimeShared: Cloudlet 85 requested 1649 MB of Ram but just 399 was available. Using Virtual Memory, which delays Cloudlet processing.
[0;39m[31mWARN  9.26: CloudletSchedulerTimeShared: Cloudlet 99 requested 1024 MB of Ram but no amount is available.. Using Virtual Memory, which delays Cloudlet processing.
[0;39m[34mINFO  9.26: DatacenterBrokerSimple2: Cloudlet 82 finished in Vm 6 and returned to broker.
[0;39m[31mWARN  9.37: CloudletSchedulerTimeShared: Cloudlet 66 requested 1127 MB of Ram but just 1024 was available. Using Virtual Memory, which delays Cloudlet processing.
[0;39m[31mWARN  9.37: CloudletSchedulerTimeShared: Cloudlet 67 requested 1024 MB of Ram but no amount is available.. Using Virtual Memory, which delays Cloudlet processing.
[0;39m[31mWARN  9.37: CloudletSchedulerTimeShared: Cloudlet 91 requested 1024 MB of Ram but no amount is available.. Using Virtual Memory, which delays Cloudlet processing.
[0;39m[31mWARN  9.37: CloudletSchedulerTimeShared: Cloudlet 92 requested 1024 MB of Ram but no amount is available.. Using Virtual Memory, which delays Cloudlet processing.
[0;39m[31mWARN  9.37: CloudletSchedulerTimeShared: Cloudlet 44 requested 5498 MB of Ram but just 3372 was available. Using Virtual Memory, which delays Cloudlet processing.
[0;39m[31mWARN  9.37: CloudletSchedulerTimeShared: Cloudlet 48 requested 1024 MB of Ram but no amount is available.. Using Virtual Memory, which delays Cloudlet processing.
[0;39m[31mWARN  9.37: CloudletSchedulerTimeShared: Cloudlet 64 requested 1649 MB of Ram but no amount is available.. Using Virtual Memory, which delays Cloudlet processing.
[0;39m[31mWARN  9.37: CloudletSchedulerTimeShared: Cloudlet 65 requested 4398 MB of Ram but no amount is available.. Using Virtual Memory, which delays Cloudlet processing.
[0;39m[31mWARN  9.37: CloudletSchedulerTimeShared: Cloudlet 69 requested 1649 MB of Ram but no amount is available.. Using Virtual Memory, which delays Cloudlet processing.
[0;39m[31mWARN  9.37: CloudletSchedulerTimeShared: Cloudlet 73 requested 1024 MB of Ram but no amount is available.. Using Virtual Memory, which delays Cloudlet processing.
[0;39m[31mWARN  9.37: CloudletSchedulerTimeShared: Cloudlet 75 requested 1649 MB of Ram but no amount is available.. Using Virtual Memory, which delays Cloudlet processing.
[0;39m[31mWARN  9.37: CloudletSchedulerTimeShared: Cloudlet 76 requested 1649 MB of Ram but no amount is available.. Using Virtual Memory, which delays Cloudlet processing.
[0;39m[31mWARN  9.37: CloudletSchedulerTimeShared: Cloudlet 80 requested 1024 MB of Ram but no amount is available.. Using Virtual Memory, which delays Cloudlet processing.
[0;39m[31mWARN  9.37: CloudletSchedulerTimeShared: Cloudlet 93 requested 1024 MB of Ram but no amount is available.. Using Virtual Memory, which delays Cloudlet processing.
[0;39m[31mWARN  9.37: CloudletSchedulerTimeShared: Cloudlet 83 requested 1024 MB of Ram but no amount is available.. Using Virtual Memory, which delays Cloudlet processing.
[0;39m[31mWARN  9.37: CloudletSchedulerTimeShared: Cloudlet 87 requested 1024 MB of Ram but no amount is available.. Using Virtual Memory, which delays Cloudlet processing.
[0;39m[31mWARN  9.37: CloudletSchedulerTimeShared: Cloudlet 94 requested 1024 MB of Ram but no amount is available.. Using Virtual Memory, which delays Cloudlet processing.
[0;39m[31mWARN  9.37: CloudletSchedulerTimeShared: Cloudlet 95 requested 1024 MB of Ram but no amount is available.. Using Virtual Memory, which delays Cloudlet processing.
[0;39m[31mWARN  9.37: CloudletSchedulerTimeShared: Cloudlet 62 requested 1649 MB of Ram but just 173 was available. Using Virtual Memory, which delays Cloudlet processing.
[0;39m[31mWARN  9.37: CloudletSchedulerTimeShared: Cloudlet 77 requested 1317 MB of Ram but no amount is available.. Using Virtual Memory, which delays Cloudlet processing.
[0;39m[31mWARN  9.37: CloudletSchedulerTimeShared: Cloudlet 90 requested 1024 MB of Ram but no amount is available.. Using Virtual Memory, which delays Cloudlet processing.
[0;39m[31mWARN  9.37: CloudletSchedulerTimeShared: Cloudlet 96 requested 1024 MB of Ram but no amount is available.. Using Virtual Memory, which delays Cloudlet processing.
[0;39m[31mWARN  9.37: CloudletSchedulerTimeShared: Cloudlet 85 requested 1649 MB of Ram but just 399 was available. Using Virtual Memory, which delays Cloudlet processing.
[0;39m[31mWARN  9.37: CloudletSchedulerTimeShared: Cloudlet 99 requested 1024 MB of Ram but no amount is available.. Using Virtual Memory, which delays Cloudlet processing.
[0;39m[34mINFO  9.37: DatacenterBrokerSimple2: Cloudlet 19 finished in Vm 7 and returned to broker.
[0;39m[34mINFO  9.37: DatacenterBrokerSimple2: Cloudlet 22 finished in Vm 7 and returned to broker.
[0;39m[34mINFO  9.37: DatacenterBrokerSimple2: Cloudlet 27 finished in Vm 7 and returned to broker.
[0;39m[34mINFO  9.37: DatacenterBrokerSimple2: Cloudlet 46 finished in Vm 7 and returned to broker.
[0;39m[31mWARN  9.48: CloudletSchedulerTimeShared: Cloudlet 66 requested 1127 MB of Ram but just 1024 was available. Using Virtual Memory, which delays Cloudlet processing.
[0;39m[31mWARN  9.48: CloudletSchedulerTimeShared: Cloudlet 67 requested 1024 MB of Ram but no amount is available.. Using Virtual Memory, which delays Cloudlet processing.
[0;39m[31mWARN  9.48: CloudletSchedulerTimeShared: Cloudlet 91 requested 1024 MB of Ram but no amount is available.. Using Virtual Memory, which delays Cloudlet processing.
[0;39m[31mWARN  9.48: CloudletSchedulerTimeShared: Cloudlet 92 requested 1024 MB of Ram but no amount is available.. Using Virtual Memory, which delays Cloudlet processing.
[0;39m[31mWARN  9.48: CloudletSchedulerTimeShared: Cloudlet 44 requested 5498 MB of Ram but just 3372 was available. Using Virtual Memory, which delays Cloudlet processing.
[0;39m[31mWARN  9.48: CloudletSchedulerTimeShared: Cloudlet 48 requested 1024 MB of Ram but no amount is available.. Using Virtual Memory, which delays Cloudlet processing.
[0;39m[31mWARN  9.48: CloudletSchedulerTimeShared: Cloudlet 64 requested 1649 MB of Ram but no amount is available.. Using Virtual Memory, which delays Cloudlet processing.
[0;39m[31mWARN  9.48: CloudletSchedulerTimeShared: Cloudlet 65 requested 4398 MB of Ram but no amount is available.. Using Virtual Memory, which delays Cloudlet processing.
[0;39m[31mWARN  9.48: CloudletSchedulerTimeShared: Cloudlet 69 requested 1649 MB of Ram but no amount is available.. Using Virtual Memory, which delays Cloudlet processing.
[0;39m[31mWARN  9.48: CloudletSchedulerTimeShared: Cloudlet 73 requested 1024 MB of Ram but no amount is available.. Using Virtual Memory, which delays Cloudlet processing.
[0;39m[31mWARN  9.48: CloudletSchedulerTimeShared: Cloudlet 75 requested 1649 MB of Ram but no amount is available.. Using Virtual Memory, which delays Cloudlet processing.
[0;39m[31mWARN  9.48: CloudletSchedulerTimeShared: Cloudlet 76 requested 1649 MB of Ram but no amount is available.. Using Virtual Memory, which delays Cloudlet processing.
[0;39m[31mWARN  9.48: CloudletSchedulerTimeShared: Cloudlet 80 requested 1024 MB of Ram but no amount is available.. Using Virtual Memory, which delays Cloudlet processing.
[0;39m[31mWARN  9.48: CloudletSchedulerTimeShared: Cloudlet 93 requested 1024 MB of Ram but no amount is available.. Using Virtual Memory, which delays Cloudlet processing.
[0;39m[31mWARN  9.48: CloudletSchedulerTimeShared: Cloudlet 83 requested 1024 MB of Ram but no amount is available.. Using Virtual Memory, which delays Cloudlet processing.
[0;39m[31mWARN  9.48: CloudletSchedulerTimeShared: Cloudlet 87 requested 1024 MB of Ram but no amount is available.. Using Virtual Memory, which delays Cloudlet processing.
[0;39m[31mWARN  9.48: CloudletSchedulerTimeShared: Cloudlet 94 requested 1024 MB of Ram but no amount is available.. Using Virtual Memory, which delays Cloudlet processing.
[0;39m[31mWARN  9.48: CloudletSchedulerTimeShared: Cloudlet 95 requested 1024 MB of Ram but no amount is available.. Using Virtual Memory, which delays Cloudlet processing.
[0;39m[31mWARN  9.48: CloudletSchedulerTimeShared: Cloudlet 62 requested 1649 MB of Ram but just 173 was available. Using Virtual Memory, which delays Cloudlet processing.
[0;39m[31mWARN  9.48: CloudletSchedulerTimeShared: Cloudlet 77 requested 1317 MB of Ram but no amount is available.. Using Virtual Memory, which delays Cloudlet processing.
[0;39m[31mWARN  9.48: CloudletSchedulerTimeShared: Cloudlet 90 requested 1024 MB of Ram but no amount is available.. Using Virtual Memory, which delays Cloudlet processing.
[0;39m[31mWARN  9.48: CloudletSchedulerTimeShared: Cloudlet 96 requested 1024 MB of Ram but no amount is available.. Using Virtual Memory, which delays Cloudlet processing.
[0;39m[31mWARN  9.48: CloudletSchedulerTimeShared: Cloudlet 85 requested 1649 MB of Ram but just 399 was available. Using Virtual Memory, which delays Cloudlet processing.
[0;39m[31mWARN  9.48: CloudletSchedulerTimeShared: Cloudlet 99 requested 1024 MB of Ram but no amount is available.. Using Virtual Memory, which delays Cloudlet processing.
[0;39m[31mWARN  9.61: CloudletSchedulerTimeShared: Cloudlet 66 requested 1127 MB of Ram but just 1024 was available. Using Virtual Memory, which delays Cloudlet processing.
[0;39m[31mWARN  9.61: CloudletSchedulerTimeShared: Cloudlet 67 requested 1024 MB of Ram but no amount is available.. Using Virtual Memory, which delays Cloudlet processing.
[0;39m[31mWARN  9.61: CloudletSchedulerTimeShared: Cloudlet 91 requested 1024 MB of Ram but no amount is available.. Using Virtual Memory, which delays Cloudlet processing.
[0;39m[31mWARN  9.61: CloudletSchedulerTimeShared: Cloudlet 92 requested 1024 MB of Ram but no amount is available.. Using Virtual Memory, which delays Cloudlet processing.
[0;39m[31mWARN  9.61: CloudletSchedulerTimeShared: Cloudlet 44 requested 5498 MB of Ram but just 3372 was available. Using Virtual Memory, which delays Cloudlet processing.
[0;39m[31mWARN  9.61: CloudletSchedulerTimeShared: Cloudlet 48 requested 1024 MB of Ram but no amount is available.. Using Virtual Memory, which delays Cloudlet processing.
[0;39m[31mWARN  9.61: CloudletSchedulerTimeShared: Cloudlet 64 requested 1649 MB of Ram but no amount is available.. Using Virtual Memory, which delays Cloudlet processing.
[0;39m[31mWARN  9.61: CloudletSchedulerTimeShared: Cloudlet 65 requested 4398 MB of Ram but no amount is available.. Using Virtual Memory, which delays Cloudlet processing.
[0;39m[31mWARN  9.61: CloudletSchedulerTimeShared: Cloudlet 69 requested 1649 MB of Ram but no amount is available.. Using Virtual Memory, which delays Cloudlet processing.
[0;39m[31mWARN  9.61: CloudletSchedulerTimeShared: Cloudlet 73 requested 1024 MB of Ram but no amount is available.. Using Virtual Memory, which delays Cloudlet processing.
[0;39m[31mWARN  9.61: CloudletSchedulerTimeShared: Cloudlet 75 requested 1649 MB of Ram but no amount is available.. Using Virtual Memory, which delays Cloudlet processing.
[0;39m[31mWARN  9.61: CloudletSchedulerTimeShared: Cloudlet 76 requested 1649 MB of Ram but no amount is available.. Using Virtual Memory, which delays Cloudlet processing.
[0;39m[31mWARN  9.61: CloudletSchedulerTimeShared: Cloudlet 80 requested 1024 MB of Ram but no amount is available.. Using Virtual Memory, which delays Cloudlet processing.
[0;39m[31mWARN  9.61: CloudletSchedulerTimeShared: Cloudlet 93 requested 1024 MB of Ram but no amount is available.. Using Virtual Memory, which delays Cloudlet processing.
[0;39m[31mWARN  9.61: CloudletSchedulerTimeShared: Cloudlet 83 requested 1024 MB of Ram but no amount is available.. Using Virtual Memory, which delays Cloudlet processing.
[0;39m[31mWARN  9.61: CloudletSchedulerTimeShared: Cloudlet 87 requested 1024 MB of Ram but no amount is available.. Using Virtual Memory, which delays Cloudlet processing.
[0;39m[31mWARN  9.61: CloudletSchedulerTimeShared: Cloudlet 94 requested 1024 MB of Ram but no amount is available.. Using Virtual Memory, which delays Cloudlet processing.
[0;39m[31mWARN  9.61: CloudletSchedulerTimeShared: Cloudlet 95 requested 1024 MB of Ram but no amount is available.. Using Virtual Memory, which delays Cloudlet processing.
[0;39m[31mWARN  9.61: CloudletSchedulerTimeShared: Cloudlet 62 requested 1649 MB of Ram but just 173 was available. Using Virtual Memory, which delays Cloudlet processing.
[0;39m[31mWARN  9.61: CloudletSchedulerTimeShared: Cloudlet 77 requested 1317 MB of Ram but no amount is available.. Using Virtual Memory, which delays Cloudlet processing.
[0;39m[31mWARN  9.61: CloudletSchedulerTimeShared: Cloudlet 90 requested 1024 MB of Ram but no amount is available.. Using Virtual Memory, which delays Cloudlet processing.
[0;39m[31mWARN  9.61: CloudletSchedulerTimeShared: Cloudlet 96 requested 1024 MB of Ram but no amount is available.. Using Virtual Memory, which delays Cloudlet processing.
[0;39m[31mWARN  9.61: CloudletSchedulerTimeShared: Cloudlet 85 requested 1649 MB of Ram but just 399 was available. Using Virtual Memory, which delays Cloudlet processing.
[0;39m[31mWARN  9.61: CloudletSchedulerTimeShared: Cloudlet 99 requested 1024 MB of Ram but no amount is available.. Using Virtual Memory, which delays Cloudlet processing.
[0;39m[31mWARN  10.08: CloudletSchedulerTimeShared: Cloudlet 66 requested 1127 MB of Ram but just 1024 was available. Using Virtual Memory, which delays Cloudlet processing.
[0;39m[31mWARN  10.08: CloudletSchedulerTimeShared: Cloudlet 67 requested 1024 MB of Ram but no amount is available.. Using Virtual Memory, which delays Cloudlet processing.
[0;39m[31mWARN  10.08: CloudletSchedulerTimeShared: Cloudlet 91 requested 1024 MB of Ram but no amount is available.. Using Virtual Memory, which delays Cloudlet processing.
[0;39m[31mWARN  10.08: CloudletSchedulerTimeShared: Cloudlet 92 requested 1024 MB of Ram but no amount is available.. Using Virtual Memory, which delays Cloudlet processing.
[0;39m[31mWARN  10.08: CloudletSchedulerTimeShared: Cloudlet 44 requested 5498 MB of Ram but just 3372 was available. Using Virtual Memory, which delays Cloudlet processing.
[0;39m[31mWARN  10.08: CloudletSchedulerTimeShared: Cloudlet 48 requested 1024 MB of Ram but no amount is available.. Using Virtual Memory, which delays Cloudlet processing.
[0;39m[31mWARN  10.08: CloudletSchedulerTimeShared: Cloudlet 64 requested 1649 MB of Ram but no amount is available.. Using Virtual Memory, which delays Cloudlet processing.
[0;39m[31mWARN  10.08: CloudletSchedulerTimeShared: Cloudlet 65 requested 4398 MB of Ram but no amount is available.. Using Virtual Memory, which delays Cloudlet processing.
[0;39m[31mWARN  10.08: CloudletSchedulerTimeShared: Cloudlet 69 requested 1649 MB of Ram but no amount is available.. Using Virtual Memory, which delays Cloudlet processing.
[0;39m[31mWARN  10.08: CloudletSchedulerTimeShared: Cloudlet 73 requested 1024 MB of Ram but no amount is available.. Using Virtual Memory, which delays Cloudlet processing.
[0;39m[31mWARN  10.08: CloudletSchedulerTimeShared: Cloudlet 75 requested 1649 MB of Ram but no amount is available.. Using Virtual Memory, which delays Cloudlet processing.
[0;39m[31mWARN  10.08: CloudletSchedulerTimeShared: Cloudlet 76 requested 1649 MB of Ram but no amount is available.. Using Virtual Memory, which delays Cloudlet processing.
[0;39m[31mWARN  10.08: CloudletSchedulerTimeShared: Cloudlet 80 requested 1024 MB of Ram but no amount is available.. Using Virtual Memory, which delays Cloudlet processing.
[0;39m[31mWARN  10.08: CloudletSchedulerTimeShared: Cloudlet 93 requested 1024 MB of Ram but no amount is available.. Using Virtual Memory, which delays Cloudlet processing.
[0;39m[31mWARN  10.08: CloudletSchedulerTimeShared: Cloudlet 83 requested 1024 MB of Ram but no amount is available.. Using Virtual Memory, which delays Cloudlet processing.
[0;39m[31mWARN  10.08: CloudletSchedulerTimeShared: Cloudlet 87 requested 1024 MB of Ram but no amount is available.. Using Virtual Memory, which delays Cloudlet processing.
[0;39m[31mWARN  10.08: CloudletSchedulerTimeShared: Cloudlet 94 requested 1024 MB of Ram but no amount is available.. Using Virtual Memory, which delays Cloudlet processing.
[0;39m[31mWARN  10.08: CloudletSchedulerTimeShared: Cloudlet 95 requested 1024 MB of Ram but no amount is available.. Using Virtual Memory, which delays Cloudlet processing.
[0;39m[31mWARN  10.08: CloudletSchedulerTimeShared: Cloudlet 62 requested 1649 MB of Ram but just 173 was available. Using Virtual Memory, which delays Cloudlet processing.
[0;39m[31mWARN  10.08: CloudletSchedulerTimeShared: Cloudlet 77 requested 1317 MB of Ram but no amount is available.. Using Virtual Memory, which delays Cloudlet processing.
[0;39m[31mWARN  10.08: CloudletSchedulerTimeShared: Cloudlet 90 requested 1024 MB of Ram but no amount is available.. Using Virtual Memory, which delays Cloudlet processing.
[0;39m[31mWARN  10.08: CloudletSchedulerTimeShared: Cloudlet 96 requested 1024 MB of Ram but no amount is available.. Using Virtual Memory, which delays Cloudlet processing.
[0;39m[31mWARN  10.08: CloudletSchedulerTimeShared: Cloudlet 85 requested 1649 MB of Ram but just 399 was available. Using Virtual Memory, which delays Cloudlet processing.
[0;39m[31mWARN  10.08: CloudletSchedulerTimeShared: Cloudlet 99 requested 1024 MB of Ram but no amount is available.. Using Virtual Memory, which delays Cloudlet processing.
[0;39m[31mWARN  10.19: CloudletSchedulerTimeShared: Cloudlet 66 requested 1127 MB of Ram but just 1024 was available. Using Virtual Memory, which delays Cloudlet processing.
[0;39m[31mWARN  10.19: CloudletSchedulerTimeShared: Cloudlet 67 requested 1024 MB of Ram but no amount is available.. Using Virtual Memory, which delays Cloudlet processing.
[0;39m[31mWARN  10.19: CloudletSchedulerTimeShared: Cloudlet 91 requested 1024 MB of Ram but no amount is available.. Using Virtual Memory, which delays Cloudlet processing.
[0;39m[31mWARN  10.19: CloudletSchedulerTimeShared: Cloudlet 92 requested 1024 MB of Ram but no amount is available.. Using Virtual Memory, which delays Cloudlet processing.
[0;39m[31mWARN  10.19: CloudletSchedulerTimeShared: Cloudlet 44 requested 5498 MB of Ram but just 3372 was available. Using Virtual Memory, which delays Cloudlet processing.
[0;39m[31mWARN  10.19: CloudletSchedulerTimeShared: Cloudlet 48 requested 1024 MB of Ram but no amount is available.. Using Virtual Memory, which delays Cloudlet processing.
[0;39m[31mWARN  10.19: CloudletSchedulerTimeShared: Cloudlet 64 requested 1649 MB of Ram but no amount is available.. Using Virtual Memory, which delays Cloudlet processing.
[0;39m[31mWARN  10.19: CloudletSchedulerTimeShared: Cloudlet 65 requested 4398 MB of Ram but no amount is available.. Using Virtual Memory, which delays Cloudlet processing.
[0;39m[31mWARN  10.19: CloudletSchedulerTimeShared: Cloudlet 69 requested 1649 MB of Ram but no amount is available.. Using Virtual Memory, which delays Cloudlet processing.
[0;39m[31mWARN  10.19: CloudletSchedulerTimeShared: Cloudlet 73 requested 1024 MB of Ram but no amount is available.. Using Virtual Memory, which delays Cloudlet processing.
[0;39m[31mWARN  10.19: CloudletSchedulerTimeShared: Cloudlet 75 requested 1649 MB of Ram but no amount is available.. Using Virtual Memory, which delays Cloudlet processing.
[0;39m[31mWARN  10.19: CloudletSchedulerTimeShared: Cloudlet 76 requested 1649 MB of Ram but no amount is available.. Using Virtual Memory, which delays Cloudlet processing.
[0;39m[31mWARN  10.19: CloudletSchedulerTimeShared: Cloudlet 80 requested 1024 MB of Ram but no amount is available.. Using Virtual Memory, which delays Cloudlet processing.
[0;39m[31mWARN  10.19: CloudletSchedulerTimeShared: Cloudlet 93 requested 1024 MB of Ram but no amount is available.. Using Virtual Memory, which delays Cloudlet processing.
[0;39m[31mWARN  10.19: CloudletSchedulerTimeShared: Cloudlet 83 requested 1024 MB of Ram but no amount is available.. Using Virtual Memory, which delays Cloudlet processing.
[0;39m[31mWARN  10.19: CloudletSchedulerTimeShared: Cloudlet 87 requested 1024 MB of Ram but no amount is available.. Using Virtual Memory, which delays Cloudlet processing.
[0;39m[31mWARN  10.19: CloudletSchedulerTimeShared: Cloudlet 94 requested 1024 MB of Ram but no amount is available.. Using Virtual Memory, which delays Cloudlet processing.
[0;39m[31mWARN  10.19: CloudletSchedulerTimeShared: Cloudlet 95 requested 1024 MB of Ram but no amount is available.. Using Virtual Memory, which delays Cloudlet processing.
[0;39m[31mWARN  10.19: CloudletSchedulerTimeShared: Cloudlet 62 requested 1649 MB of Ram but just 173 was available. Using Virtual Memory, which delays Cloudlet processing.
[0;39m[31mWARN  10.19: CloudletSchedulerTimeShared: Cloudlet 77 requested 1317 MB of Ram but no amount is available.. Using Virtual Memory, which delays Cloudlet processing.
[0;39m[31mWARN  10.19: CloudletSchedulerTimeShared: Cloudlet 90 requested 1024 MB of Ram but no amount is available.. Using Virtual Memory, which delays Cloudlet processing.
[0;39m[31mWARN  10.19: CloudletSchedulerTimeShared: Cloudlet 96 requested 1024 MB of Ram but no amount is available.. Using Virtual Memory, which delays Cloudlet processing.
[0;39m[31mWARN  10.19: CloudletSchedulerTimeShared: Cloudlet 85 requested 1649 MB of Ram but just 399 was available. Using Virtual Memory, which delays Cloudlet processing.
[0;39m[31mWARN  10.19: CloudletSchedulerTimeShared: Cloudlet 99 requested 1024 MB of Ram but no amount is available.. Using Virtual Memory, which delays Cloudlet processing.
[0;39m[34mINFO  10.19: DatacenterBrokerSimple2: Cloudlet 12 finished in Vm 6 and returned to broker.
[0;39m[34mINFO  10.19: DatacenterBrokerSimple2: Cloudlet 23 finished in Vm 6 and returned to broker.
[0;39m[34mINFO  10.19: DatacenterBrokerSimple2: Cloudlet 25 finished in Vm 6 and returned to broker.
[0;39m[34mINFO  10.19: DatacenterBrokerSimple2: Cloudlet 50 finished in Vm 6 and returned to broker.
[0;39m[34mINFO  10.19: DatacenterBrokerSimple2: Cloudlet 59 finished in Vm 6 and returned to broker.
[0;39m[31mWARN  10.30: CloudletSchedulerTimeShared: Cloudlet 66 requested 1127 MB of Ram but just 1024 was available. Using Virtual Memory, which delays Cloudlet processing.
[0;39m[31mWARN  10.30: CloudletSchedulerTimeShared: Cloudlet 67 requested 1024 MB of Ram but no amount is available.. Using Virtual Memory, which delays Cloudlet processing.
[0;39m[31mWARN  10.30: CloudletSchedulerTimeShared: Cloudlet 91 requested 1024 MB of Ram but no amount is available.. Using Virtual Memory, which delays Cloudlet processing.
[0;39m[31mWARN  10.30: CloudletSchedulerTimeShared: Cloudlet 92 requested 1024 MB of Ram but no amount is available.. Using Virtual Memory, which delays Cloudlet processing.
[0;39m[31mWARN  10.30: CloudletSchedulerTimeShared: Cloudlet 44 requested 5498 MB of Ram but just 3372 was available. Using Virtual Memory, which delays Cloudlet processing.
[0;39m[31mWARN  10.30: CloudletSchedulerTimeShared: Cloudlet 48 requested 1024 MB of Ram but no amount is available.. Using Virtual Memory, which delays Cloudlet processing.
[0;39m[31mWARN  10.30: CloudletSchedulerTimeShared: Cloudlet 64 requested 1649 MB of Ram but no amount is available.. Using Virtual Memory, which delays Cloudlet processing.
[0;39m[31mWARN  10.30: CloudletSchedulerTimeShared: Cloudlet 65 requested 4398 MB of Ram but no amount is available.. Using Virtual Memory, which delays Cloudlet processing.
[0;39m[31mWARN  10.30: CloudletSchedulerTimeShared: Cloudlet 69 requested 1649 MB of Ram but no amount is available.. Using Virtual Memory, which delays Cloudlet processing.
[0;39m[31mWARN  10.30: CloudletSchedulerTimeShared: Cloudlet 73 requested 1024 MB of Ram but no amount is available.. Using Virtual Memory, which delays Cloudlet processing.
[0;39m[31mWARN  10.30: CloudletSchedulerTimeShared: Cloudlet 75 requested 1649 MB of Ram but no amount is available.. Using Virtual Memory, which delays Cloudlet processing.
[0;39m[31mWARN  10.30: CloudletSchedulerTimeShared: Cloudlet 76 requested 1649 MB of Ram but no amount is available.. Using Virtual Memory, which delays Cloudlet processing.
[0;39m[31mWARN  10.30: CloudletSchedulerTimeShared: Cloudlet 80 requested 1024 MB of Ram but no amount is available.. Using Virtual Memory, which delays Cloudlet processing.
[0;39m[31mWARN  10.30: CloudletSchedulerTimeShared: Cloudlet 93 requested 1024 MB of Ram but no amount is available.. Using Virtual Memory, which delays Cloudlet processing.
[0;39m[31mWARN  10.30: CloudletSchedulerTimeShared: Cloudlet 83 requested 1024 MB of Ram but no amount is available.. Using Virtual Memory, which delays Cloudlet processing.
[0;39m[31mWARN  10.30: CloudletSchedulerTimeShared: Cloudlet 87 requested 1024 MB of Ram but no amount is available.. Using Virtual Memory, which delays Cloudlet processing.
[0;39m[31mWARN  10.30: CloudletSchedulerTimeShared: Cloudlet 94 requested 1024 MB of Ram but no amount is available.. Using Virtual Memory, which delays Cloudlet processing.
[0;39m[31mWARN  10.30: CloudletSchedulerTimeShared: Cloudlet 95 requested 1024 MB of Ram but no amount is available.. Using Virtual Memory, which delays Cloudlet processing.
[0;39m[31mWARN  10.30: CloudletSchedulerTimeShared: Cloudlet 62 requested 1649 MB of Ram but just 173 was available. Using Virtual Memory, which delays Cloudlet processing.
[0;39m[31mWARN  10.30: CloudletSchedulerTimeShared: Cloudlet 77 requested 1317 MB of Ram but no amount is available.. Using Virtual Memory, which delays Cloudlet processing.
[0;39m[31mWARN  10.30: CloudletSchedulerTimeShared: Cloudlet 90 requested 1024 MB of Ram but no amount is available.. Using Virtual Memory, which delays Cloudlet processing.
[0;39m[31mWARN  10.30: CloudletSchedulerTimeShared: Cloudlet 96 requested 1024 MB of Ram but no amount is available.. Using Virtual Memory, which delays Cloudlet processing.
[0;39m[31mWARN  10.30: CloudletSchedulerTimeShared: Cloudlet 85 requested 1649 MB of Ram but just 399 was available. Using Virtual Memory, which delays Cloudlet processing.
[0;39m[31mWARN  10.30: CloudletSchedulerTimeShared: Cloudlet 99 requested 1024 MB of Ram but no amount is available.. Using Virtual Memory, which delays Cloudlet processing.
[0;39m[31mWARN  10.52: CloudletSchedulerTimeShared: Cloudlet 66 requested 1127 MB of Ram but just 1024 was available. Using Virtual Memory, which delays Cloudlet processing.
[0;39m[31mWARN  10.52: CloudletSchedulerTimeShared: Cloudlet 67 requested 1024 MB of Ram but no amount is available.. Using Virtual Memory, which delays Cloudlet processing.
[0;39m[31mWARN  10.52: CloudletSchedulerTimeShared: Cloudlet 91 requested 1024 MB of Ram but no amount is available.. Using Virtual Memory, which delays Cloudlet processing.
[0;39m[31mWARN  10.52: CloudletSchedulerTimeShared: Cloudlet 92 requested 1024 MB of Ram but no amount is available.. Using Virtual Memory, which delays Cloudlet processing.
[0;39m[31mWARN  10.52: CloudletSchedulerTimeShared: Cloudlet 44 requested 5498 MB of Ram but just 3372 was available. Using Virtual Memory, which delays Cloudlet processing.
[0;39m[31mWARN  10.52: CloudletSchedulerTimeShared: Cloudlet 48 requested 1024 MB of Ram but no amount is available.. Using Virtual Memory, which delays Cloudlet processing.
[0;39m[31mWARN  10.52: CloudletSchedulerTimeShared: Cloudlet 64 requested 1649 MB of Ram but no amount is available.. Using Virtual Memory, which delays Cloudlet processing.
[0;39m[31mWARN  10.52: CloudletSchedulerTimeShared: Cloudlet 65 requested 4398 MB of Ram but no amount is available.. Using Virtual Memory, which delays Cloudlet processing.
[0;39m[31mWARN  10.52: CloudletSchedulerTimeShared: Cloudlet 69 requested 1649 MB of Ram but no amount is available.. Using Virtual Memory, which delays Cloudlet processing.
[0;39m[31mWARN  10.52: CloudletSchedulerTimeShared: Cloudlet 73 requested 1024 MB of Ram but no amount is available.. Using Virtual Memory, which delays Cloudlet processing.
[0;39m[31mWARN  10.52: CloudletSchedulerTimeShared: Cloudlet 75 requested 1649 MB of Ram but no amount is available.. Using Virtual Memory, which delays Cloudlet processing.
[0;39m[31mWARN  10.52: CloudletSchedulerTimeShared: Cloudlet 76 requested 1649 MB of Ram but no amount is available.. Using Virtual Memory, which delays Cloudlet processing.
[0;39m[31mWARN  10.52: CloudletSchedulerTimeShared: Cloudlet 80 requested 1024 MB of Ram but no amount is available.. Using Virtual Memory, which delays Cloudlet processing.
[0;39m[31mWARN  10.52: CloudletSchedulerTimeShared: Cloudlet 93 requested 1024 MB of Ram but no amount is available.. Using Virtual Memory, which delays Cloudlet processing.
[0;39m[31mWARN  10.52: CloudletSchedulerTimeShared: Cloudlet 83 requested 1024 MB of Ram but no amount is available.. Using Virtual Memory, which delays Cloudlet processing.
[0;39m[31mWARN  10.52: CloudletSchedulerTimeShared: Cloudlet 87 requested 1024 MB of Ram but no amount is available.. Using Virtual Memory, which delays Cloudlet processing.
[0;39m[31mWARN  10.52: CloudletSchedulerTimeShared: Cloudlet 94 requested 1024 MB of Ram but no amount is available.. Using Virtual Memory, which delays Cloudlet processing.
[0;39m[31mWARN  10.52: CloudletSchedulerTimeShared: Cloudlet 95 requested 1024 MB of Ram but no amount is available.. Using Virtual Memory, which delays Cloudlet processing.
[0;39m[31mWARN  10.52: CloudletSchedulerTimeShared: Cloudlet 62 requested 1649 MB of Ram but just 173 was available. Using Virtual Memory, which delays Cloudlet processing.
[0;39m[31mWARN  10.52: CloudletSchedulerTimeShared: Cloudlet 77 requested 1317 MB of Ram but no amount is available.. Using Virtual Memory, which delays Cloudlet processing.
[0;39m[31mWARN  10.52: CloudletSchedulerTimeShared: Cloudlet 90 requested 1024 MB of Ram but no amount is available.. Using Virtual Memory, which delays Cloudlet processing.
[0;39m[31mWARN  10.52: CloudletSchedulerTimeShared: Cloudlet 96 requested 1024 MB of Ram but no amount is available.. Using Virtual Memory, which delays Cloudlet processing.
[0;39m[31mWARN  10.52: CloudletSchedulerTimeShared: Cloudlet 85 requested 1649 MB of Ram but just 399 was available. Using Virtual Memory, which delays Cloudlet processing.
[0;39m[31mWARN  10.52: CloudletSchedulerTimeShared: Cloudlet 99 requested 1024 MB of Ram but no amount is available.. Using Virtual Memory, which delays Cloudlet processing.
[0;39m[31mWARN  10.63: CloudletSchedulerTimeShared: Cloudlet 66 requested 1127 MB of Ram but just 1024 was available. Using Virtual Memory, which delays Cloudlet processing.
[0;39m[31mWARN  10.63: CloudletSchedulerTimeShared: Cloudlet 67 requested 1024 MB of Ram but no amount is available.. Using Virtual Memory, which delays Cloudlet processing.
[0;39m[31mWARN  10.63: CloudletSchedulerTimeShared: Cloudlet 91 requested 1024 MB of Ram but no amount is available.. Using Virtual Memory, which delays Cloudlet processing.
[0;39m[31mWARN  10.63: CloudletSchedulerTimeShared: Cloudlet 92 requested 1024 MB of Ram but no amount is available.. Using Virtual Memory, which delays Cloudlet processing.
[0;39m[31mWARN  10.63: CloudletSchedulerTimeShared: Cloudlet 44 requested 5498 MB of Ram but just 3372 was available. Using Virtual Memory, which delays Cloudlet processing.
[0;39m[31mWARN  10.63: CloudletSchedulerTimeShared: Cloudlet 48 requested 1024 MB of Ram but no amount is available.. Using Virtual Memory, which delays Cloudlet processing.
[0;39m[31mWARN  10.63: CloudletSchedulerTimeShared: Cloudlet 64 requested 1649 MB of Ram but no amount is available.. Using Virtual Memory, which delays Cloudlet processing.
[0;39m[31mWARN  10.63: CloudletSchedulerTimeShared: Cloudlet 65 requested 4398 MB of Ram but no amount is available.. Using Virtual Memory, which delays Cloudlet processing.
[0;39m[31mWARN  10.63: CloudletSchedulerTimeShared: Cloudlet 69 requested 1649 MB of Ram but no amount is available.. Using Virtual Memory, which delays Cloudlet processing.
[0;39m[31mWARN  10.63: CloudletSchedulerTimeShared: Cloudlet 73 requested 1024 MB of Ram but no amount is available.. Using Virtual Memory, which delays Cloudlet processing.
[0;39m[31mWARN  10.63: CloudletSchedulerTimeShared: Cloudlet 75 requested 1649 MB of Ram but no amount is available.. Using Virtual Memory, which delays Cloudlet processing.
[0;39m[31mWARN  10.63: CloudletSchedulerTimeShared: Cloudlet 76 requested 1649 MB of Ram but no amount is available.. Using Virtual Memory, which delays Cloudlet processing.
[0;39m[31mWARN  10.63: CloudletSchedulerTimeShared: Cloudlet 80 requested 1024 MB of Ram but no amount is available.. Using Virtual Memory, which delays Cloudlet processing.
[0;39m[31mWARN  10.63: CloudletSchedulerTimeShared: Cloudlet 93 requested 1024 MB of Ram but no amount is available.. Using Virtual Memory, which delays Cloudlet processing.
[0;39m[31mWARN  10.63: CloudletSchedulerTimeShared: Cloudlet 83 requested 1024 MB of Ram but no amount is available.. Using Virtual Memory, which delays Cloudlet processing.
[0;39m[31mWARN  10.63: CloudletSchedulerTimeShared: Cloudlet 87 requested 1024 MB of Ram but no amount is available.. Using Virtual Memory, which delays Cloudlet processing.
[0;39m[31mWARN  10.63: CloudletSchedulerTimeShared: Cloudlet 94 requested 1024 MB of Ram but no amount is available.. Using Virtual Memory, which delays Cloudlet processing.
[0;39m[31mWARN  10.63: CloudletSchedulerTimeShared: Cloudlet 95 requested 1024 MB of Ram but no amount is available.. Using Virtual Memory, which delays Cloudlet processing.
[0;39m[31mWARN  10.63: CloudletSchedulerTimeShared: Cloudlet 62 requested 1649 MB of Ram but just 173 was available. Using Virtual Memory, which delays Cloudlet processing.
[0;39m[31mWARN  10.63: CloudletSchedulerTimeShared: Cloudlet 77 requested 1317 MB of Ram but no amount is available.. Using Virtual Memory, which delays Cloudlet processing.
[0;39m[31mWARN  10.63: CloudletSchedulerTimeShared: Cloudlet 90 requested 1024 MB of Ram but no amount is available.. Using Virtual Memory, which delays Cloudlet processing.
[0;39m[31mWARN  10.63: CloudletSchedulerTimeShared: Cloudlet 96 requested 1024 MB of Ram but no amount is available.. Using Virtual Memory, which delays Cloudlet processing.
[0;39m[31mWARN  10.63: CloudletSchedulerTimeShared: Cloudlet 85 requested 1649 MB of Ram but just 399 was available. Using Virtual Memory, which delays Cloudlet processing.
[0;39m[31mWARN  10.63: CloudletSchedulerTimeShared: Cloudlet 99 requested 1024 MB of Ram but no amount is available.. Using Virtual Memory, which delays Cloudlet processing.
[0;39m[31mWARN  10.74: CloudletSchedulerTimeShared: Cloudlet 66 requested 1127 MB of Ram but just 1024 was available. Using Virtual Memory, which delays Cloudlet processing.
[0;39m[31mWARN  10.74: CloudletSchedulerTimeShared: Cloudlet 67 requested 1024 MB of Ram but no amount is available.. Using Virtual Memory, which delays Cloudlet processing.
[0;39m[31mWARN  10.74: CloudletSchedulerTimeShared: Cloudlet 91 requested 1024 MB of Ram but no amount is available.. Using Virtual Memory, which delays Cloudlet processing.
[0;39m[31mWARN  10.74: CloudletSchedulerTimeShared: Cloudlet 92 requested 1024 MB of Ram but no amount is available.. Using Virtual Memory, which delays Cloudlet processing.
[0;39m[31mWARN  10.74: CloudletSchedulerTimeShared: Cloudlet 44 requested 5498 MB of Ram but just 3372 was available. Using Virtual Memory, which delays Cloudlet processing.
[0;39m[31mWARN  10.74: CloudletSchedulerTimeShared: Cloudlet 48 requested 1024 MB of Ram but no amount is available.. Using Virtual Memory, which delays Cloudlet processing.
[0;39m[31mWARN  10.74: CloudletSchedulerTimeShared: Cloudlet 64 requested 1649 MB of Ram but no amount is available.. Using Virtual Memory, which delays Cloudlet processing.
[0;39m[31mWARN  10.74: CloudletSchedulerTimeShared: Cloudlet 65 requested 4398 MB of Ram but no amount is available.. Using Virtual Memory, which delays Cloudlet processing.
[0;39m[31mWARN  10.74: CloudletSchedulerTimeShared: Cloudlet 69 requested 1649 MB of Ram but no amount is available.. Using Virtual Memory, which delays Cloudlet processing.
[0;39m[31mWARN  10.74: CloudletSchedulerTimeShared: Cloudlet 73 requested 1024 MB of Ram but no amount is available.. Using Virtual Memory, which delays Cloudlet processing.
[0;39m[31mWARN  10.74: CloudletSchedulerTimeShared: Cloudlet 75 requested 1649 MB of Ram but no amount is available.. Using Virtual Memory, which delays Cloudlet processing.
[0;39m[31mWARN  10.74: CloudletSchedulerTimeShared: Cloudlet 76 requested 1649 MB of Ram but no amount is available.. Using Virtual Memory, which delays Cloudlet processing.
[0;39m[31mWARN  10.74: CloudletSchedulerTimeShared: Cloudlet 80 requested 1024 MB of Ram but no amount is available.. Using Virtual Memory, which delays Cloudlet processing.
[0;39m[31mWARN  10.74: CloudletSchedulerTimeShared: Cloudlet 93 requested 1024 MB of Ram but no amount is available.. Using Virtual Memory, which delays Cloudlet processing.
[0;39m[31mWARN  10.74: CloudletSchedulerTimeShared: Cloudlet 83 requested 1024 MB of Ram but no amount is available.. Using Virtual Memory, which delays Cloudlet processing.
[0;39m[31mWARN  10.74: CloudletSchedulerTimeShared: Cloudlet 87 requested 1024 MB of Ram but no amount is available.. Using Virtual Memory, which delays Cloudlet processing.
[0;39m[31mWARN  10.74: CloudletSchedulerTimeShared: Cloudlet 94 requested 1024 MB of Ram but no amount is available.. Using Virtual Memory, which delays Cloudlet processing.
[0;39m[31mWARN  10.74: CloudletSchedulerTimeShared: Cloudlet 95 requested 1024 MB of Ram but no amount is available.. Using Virtual Memory, which delays Cloudlet processing.
[0;39m[31mWARN  10.74: CloudletSchedulerTimeShared: Cloudlet 62 requested 1649 MB of Ram but just 173 was available. Using Virtual Memory, which delays Cloudlet processing.
[0;39m[31mWARN  10.74: CloudletSchedulerTimeShared: Cloudlet 77 requested 1317 MB of Ram but no amount is available.. Using Virtual Memory, which delays Cloudlet processing.
[0;39m[31mWARN  10.74: CloudletSchedulerTimeShared: Cloudlet 90 requested 1024 MB of Ram but no amount is available.. Using Virtual Memory, which delays Cloudlet processing.
[0;39m[31mWARN  10.74: CloudletSchedulerTimeShared: Cloudlet 96 requested 1024 MB of Ram but no amount is available.. Using Virtual Memory, which delays Cloudlet processing.
[0;39m[31mWARN  10.74: CloudletSchedulerTimeShared: Cloudlet 85 requested 1649 MB of Ram but just 399 was available. Using Virtual Memory, which delays Cloudlet processing.
[0;39m[31mWARN  10.74: CloudletSchedulerTimeShared: Cloudlet 99 requested 1024 MB of Ram but no amount is available.. Using Virtual Memory, which delays Cloudlet processing.
[0;39m[31mWARN  11.04: CloudletSchedulerTimeShared: Cloudlet 66 requested 1127 MB of Ram but just 1024 was available. Using Virtual Memory, which delays Cloudlet processing.
[0;39m[31mWARN  11.04: CloudletSchedulerTimeShared: Cloudlet 67 requested 1024 MB of Ram but no amount is available.. Using Virtual Memory, which delays Cloudlet processing.
[0;39m[31mWARN  11.04: CloudletSchedulerTimeShared: Cloudlet 91 requested 1024 MB of Ram but no amount is available.. Using Virtual Memory, which delays Cloudlet processing.
[0;39m[31mWARN  11.04: CloudletSchedulerTimeShared: Cloudlet 92 requested 1024 MB of Ram but no amount is available.. Using Virtual Memory, which delays Cloudlet processing.
[0;39m[31mWARN  11.04: CloudletSchedulerTimeShared: Cloudlet 44 requested 5498 MB of Ram but just 3372 was available. Using Virtual Memory, which delays Cloudlet processing.
[0;39m[31mWARN  11.04: CloudletSchedulerTimeShared: Cloudlet 48 requested 1024 MB of Ram but no amount is available.. Using Virtual Memory, which delays Cloudlet processing.
[0;39m[31mWARN  11.04: CloudletSchedulerTimeShared: Cloudlet 64 requested 1649 MB of Ram but no amount is available.. Using Virtual Memory, which delays Cloudlet processing.
[0;39m[31mWARN  11.04: CloudletSchedulerTimeShared: Cloudlet 65 requested 4398 MB of Ram but no amount is available.. Using Virtual Memory, which delays Cloudlet processing.
[0;39m[31mWARN  11.04: CloudletSchedulerTimeShared: Cloudlet 69 requested 1649 MB of Ram but no amount is available.. Using Virtual Memory, which delays Cloudlet processing.
[0;39m[31mWARN  11.04: CloudletSchedulerTimeShared: Cloudlet 73 requested 1024 MB of Ram but no amount is available.. Using Virtual Memory, which delays Cloudlet processing.
[0;39m[31mWARN  11.04: CloudletSchedulerTimeShared: Cloudlet 75 requested 1649 MB of Ram but no amount is available.. Using Virtual Memory, which delays Cloudlet processing.
[0;39m[31mWARN  11.04: CloudletSchedulerTimeShared: Cloudlet 76 requested 1649 MB of Ram but no amount is available.. Using Virtual Memory, which delays Cloudlet processing.
[0;39m[31mWARN  11.04: CloudletSchedulerTimeShared: Cloudlet 80 requested 1024 MB of Ram but no amount is available.. Using Virtual Memory, which delays Cloudlet processing.
[0;39m[31mWARN  11.04: CloudletSchedulerTimeShared: Cloudlet 93 requested 1024 MB of Ram but no amount is available.. Using Virtual Memory, which delays Cloudlet processing.
[0;39m[31mWARN  11.04: CloudletSchedulerTimeShared: Cloudlet 83 requested 1024 MB of Ram but no amount is available.. Using Virtual Memory, which delays Cloudlet processing.
[0;39m[31mWARN  11.04: CloudletSchedulerTimeShared: Cloudlet 87 requested 1024 MB of Ram but no amount is available.. Using Virtual Memory, which delays Cloudlet processing.
[0;39m[31mWARN  11.04: CloudletSchedulerTimeShared: Cloudlet 94 requested 1024 MB of Ram but no amount is available.. Using Virtual Memory, which delays Cloudlet processing.
[0;39m[31mWARN  11.04: CloudletSchedulerTimeShared: Cloudlet 95 requested 1024 MB of Ram but no amount is available.. Using Virtual Memory, which delays Cloudlet processing.
[0;39m[31mWARN  11.04: CloudletSchedulerTimeShared: Cloudlet 62 requested 1649 MB of Ram but just 173 was available. Using Virtual Memory, which delays Cloudlet processing.
[0;39m[31mWARN  11.04: CloudletSchedulerTimeShared: Cloudlet 77 requested 1317 MB of Ram but no amount is available.. Using Virtual Memory, which delays Cloudlet processing.
[0;39m[31mWARN  11.04: CloudletSchedulerTimeShared: Cloudlet 90 requested 1024 MB of Ram but no amount is available.. Using Virtual Memory, which delays Cloudlet processing.
[0;39m[31mWARN  11.04: CloudletSchedulerTimeShared: Cloudlet 96 requested 1024 MB of Ram but no amount is available.. Using Virtual Memory, which delays Cloudlet processing.
[0;39m[31mWARN  11.04: CloudletSchedulerTimeShared: Cloudlet 85 requested 1649 MB of Ram but just 399 was available. Using Virtual Memory, which delays Cloudlet processing.
[0;39m[31mWARN  11.04: CloudletSchedulerTimeShared: Cloudlet 99 requested 1024 MB of Ram but no amount is available.. Using Virtual Memory, which delays Cloudlet processing.
[0;39m[31mWARN  11.15: CloudletSchedulerTimeShared: Cloudlet 66 requested 1127 MB of Ram but just 1024 was available. Using Virtual Memory, which delays Cloudlet processing.
[0;39m[31mWARN  11.15: CloudletSchedulerTimeShared: Cloudlet 67 requested 1024 MB of Ram but no amount is available.. Using Virtual Memory, which delays Cloudlet processing.
[0;39m[31mWARN  11.15: CloudletSchedulerTimeShared: Cloudlet 91 requested 1024 MB of Ram but no amount is available.. Using Virtual Memory, which delays Cloudlet processing.
[0;39m[31mWARN  11.15: CloudletSchedulerTimeShared: Cloudlet 92 requested 1024 MB of Ram but no amount is available.. Using Virtual Memory, which delays Cloudlet processing.
[0;39m[31mWARN  11.15: CloudletSchedulerTimeShared: Cloudlet 44 requested 5498 MB of Ram but just 3372 was available. Using Virtual Memory, which delays Cloudlet processing.
[0;39m[31mWARN  11.15: CloudletSchedulerTimeShared: Cloudlet 48 requested 1024 MB of Ram but no amount is available.. Using Virtual Memory, which delays Cloudlet processing.
[0;39m[31mWARN  11.15: CloudletSchedulerTimeShared: Cloudlet 64 requested 1649 MB of Ram but no amount is available.. Using Virtual Memory, which delays Cloudlet processing.
[0;39m[31mWARN  11.15: CloudletSchedulerTimeShared: Cloudlet 65 requested 4398 MB of Ram but no amount is available.. Using Virtual Memory, which delays Cloudlet processing.
[0;39m[31mWARN  11.15: CloudletSchedulerTimeShared: Cloudlet 69 requested 1649 MB of Ram but no amount is available.. Using Virtual Memory, which delays Cloudlet processing.
[0;39m[31mWARN  11.15: CloudletSchedulerTimeShared: Cloudlet 73 requested 1024 MB of Ram but no amount is available.. Using Virtual Memory, which delays Cloudlet processing.
[0;39m[31mWARN  11.15: CloudletSchedulerTimeShared: Cloudlet 75 requested 1649 MB of Ram but no amount is available.. Using Virtual Memory, which delays Cloudlet processing.
[0;39m[31mWARN  11.15: CloudletSchedulerTimeShared: Cloudlet 76 requested 1649 MB of Ram but no amount is available.. Using Virtual Memory, which delays Cloudlet processing.
[0;39m[31mWARN  11.15: CloudletSchedulerTimeShared: Cloudlet 80 requested 1024 MB of Ram but no amount is available.. Using Virtual Memory, which delays Cloudlet processing.
[0;39m[31mWARN  11.15: CloudletSchedulerTimeShared: Cloudlet 93 requested 1024 MB of Ram but no amount is available.. Using Virtual Memory, which delays Cloudlet processing.
[0;39m[31mWARN  11.15: CloudletSchedulerTimeShared: Cloudlet 83 requested 1024 MB of Ram but no amount is available.. Using Virtual Memory, which delays Cloudlet processing.
[0;39m[31mWARN  11.15: CloudletSchedulerTimeShared: Cloudlet 87 requested 1024 MB of Ram but no amount is available.. Using Virtual Memory, which delays Cloudlet processing.
[0;39m[31mWARN  11.15: CloudletSchedulerTimeShared: Cloudlet 94 requested 1024 MB of Ram but no amount is available.. Using Virtual Memory, which delays Cloudlet processing.
[0;39m[31mWARN  11.15: CloudletSchedulerTimeShared: Cloudlet 95 requested 1024 MB of Ram but no amount is available.. Using Virtual Memory, which delays Cloudlet processing.
[0;39m[31mWARN  11.15: CloudletSchedulerTimeShared: Cloudlet 62 requested 1649 MB of Ram but just 173 was available. Using Virtual Memory, which delays Cloudlet processing.
[0;39m[31mWARN  11.15: CloudletSchedulerTimeShared: Cloudlet 77 requested 1317 MB of Ram but no amount is available.. Using Virtual Memory, which delays Cloudlet processing.
[0;39m[31mWARN  11.15: CloudletSchedulerTimeShared: Cloudlet 90 requested 1024 MB of Ram but no amount is available.. Using Virtual Memory, which delays Cloudlet processing.
[0;39m[31mWARN  11.15: CloudletSchedulerTimeShared: Cloudlet 96 requested 1024 MB of Ram but no amount is available.. Using Virtual Memory, which delays Cloudlet processing.
[0;39m[31mWARN  11.15: CloudletSchedulerTimeShared: Cloudlet 85 requested 1649 MB of Ram but just 399 was available. Using Virtual Memory, which delays Cloudlet processing.
[0;39m[31mWARN  11.15: CloudletSchedulerTimeShared: Cloudlet 99 requested 1024 MB of Ram but no amount is available.. Using Virtual Memory, which delays Cloudlet processing.
[0;39m[34mINFO  11.15: DatacenterBrokerSimple2: Cloudlet 13 finished in Vm 0 and returned to broker.
[0;39m[34mINFO  11.15: DatacenterBrokerSimple2: Cloudlet 32 finished in Vm 0 and returned to broker.
[0;39m[31mWARN  11.26: CloudletSchedulerTimeShared: Cloudlet 91 requested 1024 MB of Ram but just 921 was available. Using Virtual Memory, which delays Cloudlet processing.
[0;39m[31mWARN  11.26: CloudletSchedulerTimeShared: Cloudlet 92 requested 1024 MB of Ram but no amount is available.. Using Virtual Memory, which delays Cloudlet processing.
[0;39m[31mWARN  11.26: CloudletSchedulerTimeShared: Cloudlet 44 requested 5498 MB of Ram but just 3372 was available. Using Virtual Memory, which delays Cloudlet processing.
[0;39m[31mWARN  11.26: CloudletSchedulerTimeShared: Cloudlet 48 requested 1024 MB of Ram but no amount is available.. Using Virtual Memory, which delays Cloudlet processing.
[0;39m[31mWARN  11.26: CloudletSchedulerTimeShared: Cloudlet 64 requested 1649 MB of Ram but no amount is available.. Using Virtual Memory, which delays Cloudlet processing.
[0;39m[31mWARN  11.26: CloudletSchedulerTimeShared: Cloudlet 65 requested 4398 MB of Ram but no amount is available.. Using Virtual Memory, which delays Cloudlet processing.
[0;39m[31mWARN  11.26: CloudletSchedulerTimeShared: Cloudlet 69 requested 1649 MB of Ram but no amount is available.. Using Virtual Memory, which delays Cloudlet processing.
[0;39m[31mWARN  11.26: CloudletSchedulerTimeShared: Cloudlet 73 requested 1024 MB of Ram but no amount is available.. Using Virtual Memory, which delays Cloudlet processing.
[0;39m[31mWARN  11.26: CloudletSchedulerTimeShared: Cloudlet 75 requested 1649 MB of Ram but no amount is available.. Using Virtual Memory, which delays Cloudlet processing.
[0;39m[31mWARN  11.26: CloudletSchedulerTimeShared: Cloudlet 76 requested 1649 MB of Ram but no amount is available.. Using Virtual Memory, which delays Cloudlet processing.
[0;39m[31mWARN  11.26: CloudletSchedulerTimeShared: Cloudlet 80 requested 1024 MB of Ram but no amount is available.. Using Virtual Memory, which delays Cloudlet processing.
[0;39m[31mWARN  11.26: CloudletSchedulerTimeShared: Cloudlet 93 requested 1024 MB of Ram but no amount is available.. Using Virtual Memory, which delays Cloudlet processing.
[0;39m[31mWARN  11.26: CloudletSchedulerTimeShared: Cloudlet 83 requested 1024 MB of Ram but no amount is available.. Using Virtual Memory, which delays Cloudlet processing.
[0;39m[31mWARN  11.26: CloudletSchedulerTimeShared: Cloudlet 87 requested 1024 MB of Ram but no amount is available.. Using Virtual Memory, which delays Cloudlet processing.
[0;39m[31mWARN  11.26: CloudletSchedulerTimeShared: Cloudlet 94 requested 1024 MB of Ram but no amount is available.. Using Virtual Memory, which delays Cloudlet processing.
[0;39m[31mWARN  11.26: CloudletSchedulerTimeShared: Cloudlet 95 requested 1024 MB of Ram but no amount is available.. Using Virtual Memory, which delays Cloudlet processing.
[0;39m[31mWARN  11.26: CloudletSchedulerTimeShared: Cloudlet 62 requested 1649 MB of Ram but just 173 was available. Using Virtual Memory, which delays Cloudlet processing.
[0;39m[31mWARN  11.26: CloudletSchedulerTimeShared: Cloudlet 77 requested 1317 MB of Ram but no amount is available.. Using Virtual Memory, which delays Cloudlet processing.
[0;39m[31mWARN  11.26: CloudletSchedulerTimeShared: Cloudlet 90 requested 1024 MB of Ram but no amount is available.. Using Virtual Memory, which delays Cloudlet processing.
[0;39m[31mWARN  11.26: CloudletSchedulerTimeShared: Cloudlet 96 requested 1024 MB of Ram but no amount is available.. Using Virtual Memory, which delays Cloudlet processing.
[0;39m[31mWARN  11.26: CloudletSchedulerTimeShared: Cloudlet 85 requested 1649 MB of Ram but just 399 was available. Using Virtual Memory, which delays Cloudlet processing.
[0;39m[31mWARN  11.26: CloudletSchedulerTimeShared: Cloudlet 99 requested 1024 MB of Ram but no amount is available.. Using Virtual Memory, which delays Cloudlet processing.
[0;39m[34mINFO  11.26: DatacenterBrokerSimple2: Cloudlet 57 finished in Vm 5 and returned to broker.
[0;39m[34mINFO  11.26: DatacenterBrokerSimple2: Cloudlet 10 finished in Vm 3 and returned to broker.
[0;39m[34mINFO  11.26: DatacenterBrokerSimple2: Cloudlet 26 finished in Vm 3 and returned to broker.
[0;39m[34mINFO  11.26: DatacenterBrokerSimple2: Cloudlet 38 finished in Vm 3 and returned to broker.
[0;39m[34mINFO  11.26: DatacenterBrokerSimple2: Cloudlet 40 finished in Vm 3 and returned to broker.
[0;39m[34mINFO  11.26: DatacenterBrokerSimple2: Cloudlet 61 finished in Vm 3 and returned to broker.
[0;39m[34mINFO  11.26: DatacenterBrokerSimple2: Cloudlet 72 finished in Vm 3 and returned to broker.
[0;39m[31mWARN  12.34: CloudletSchedulerTimeShared: Cloudlet 91 requested 1024 MB of Ram but just 921 was available. Using Virtual Memory, which delays Cloudlet processing.
[0;39m[31mWARN  12.34: CloudletSchedulerTimeShared: Cloudlet 92 requested 1024 MB of Ram but no amount is available.. Using Virtual Memory, which delays Cloudlet processing.
[0;39m[31mWARN  12.34: CloudletSchedulerTimeShared: Cloudlet 44 requested 5498 MB of Ram but just 3372 was available. Using Virtual Memory, which delays Cloudlet processing.
[0;39m[31mWARN  12.34: CloudletSchedulerTimeShared: Cloudlet 48 requested 1024 MB of Ram but no amount is available.. Using Virtual Memory, which delays Cloudlet processing.
[0;39m[31mWARN  12.34: CloudletSchedulerTimeShared: Cloudlet 64 requested 1649 MB of Ram but no amount is available.. Using Virtual Memory, which delays Cloudlet processing.
[0;39m[31mWARN  12.34: CloudletSchedulerTimeShared: Cloudlet 65 requested 4398 MB of Ram but no amount is available.. Using Virtual Memory, which delays Cloudlet processing.
[0;39m[31mWARN  12.34: CloudletSchedulerTimeShared: Cloudlet 69 requested 1649 MB of Ram but no amount is available.. Using Virtual Memory, which delays Cloudlet processing.
[0;39m[31mWARN  12.34: CloudletSchedulerTimeShared: Cloudlet 73 requested 1024 MB of Ram but no amount is available.. Using Virtual Memory, which delays Cloudlet processing.
[0;39m[31mWARN  12.34: CloudletSchedulerTimeShared: Cloudlet 75 requested 1649 MB of Ram but no amount is available.. Using Virtual Memory, which delays Cloudlet processing.
[0;39m[31mWARN  12.34: CloudletSchedulerTimeShared: Cloudlet 76 requested 1649 MB of Ram but no amount is available.. Using Virtual Memory, which delays Cloudlet processing.
[0;39m[31mWARN  12.34: CloudletSchedulerTimeShared: Cloudlet 80 requested 1024 MB of Ram but no amount is available.. Using Virtual Memory, which delays Cloudlet processing.
[0;39m[31mWARN  12.34: CloudletSchedulerTimeShared: Cloudlet 93 requested 1024 MB of Ram but no amount is available.. Using Virtual Memory, which delays Cloudlet processing.
[0;39m[31mWARN  12.34: CloudletSchedulerTimeShared: Cloudlet 83 requested 1024 MB of Ram but no amount is available.. Using Virtual Memory, which delays Cloudlet processing.
[0;39m[31mWARN  12.34: CloudletSchedulerTimeShared: Cloudlet 87 requested 1024 MB of Ram but no amount is available.. Using Virtual Memory, which delays Cloudlet processing.
[0;39m[31mWARN  12.34: CloudletSchedulerTimeShared: Cloudlet 94 requested 1024 MB of Ram but no amount is available.. Using Virtual Memory, which delays Cloudlet processing.
[0;39m[31mWARN  12.34: CloudletSchedulerTimeShared: Cloudlet 95 requested 1024 MB of Ram but no amount is available.. Using Virtual Memory, which delays Cloudlet processing.
[0;39m[31mWARN  12.34: CloudletSchedulerTimeShared: Cloudlet 62 requested 1649 MB of Ram but just 1197 was available. Using Virtual Memory, which delays Cloudlet processing.
[0;39m[31mWARN  12.34: CloudletSchedulerTimeShared: Cloudlet 77 requested 1317 MB of Ram but no amount is available.. Using Virtual Memory, which delays Cloudlet processing.
[0;39m[31mWARN  12.34: CloudletSchedulerTimeShared: Cloudlet 90 requested 1024 MB of Ram but no amount is available.. Using Virtual Memory, which delays Cloudlet processing.
[0;39m[31mWARN  12.34: CloudletSchedulerTimeShared: Cloudlet 96 requested 1024 MB of Ram but no amount is available.. Using Virtual Memory, which delays Cloudlet processing.
[0;39m[34mINFO  12.34: DatacenterBrokerSimple2: Cloudlet 63 finished in Vm 6 and returned to broker.
[0;39m[34mINFO  12.34: DatacenterBrokerSimple2: Cloudlet 74 finished in Vm 7 and returned to broker.
[0;39m[31mWARN  12.60: CloudletSchedulerTimeShared: Cloudlet 91 requested 1024 MB of Ram but just 921 was available. Using Virtual Memory, which delays Cloudlet processing.
[0;39m[31mWARN  12.60: CloudletSchedulerTimeShared: Cloudlet 92 requested 1024 MB of Ram but no amount is available.. Using Virtual Memory, which delays Cloudlet processing.
[0;39m[31mWARN  12.60: CloudletSchedulerTimeShared: Cloudlet 44 requested 5498 MB of Ram but just 3372 was available. Using Virtual Memory, which delays Cloudlet processing.
[0;39m[31mWARN  12.60: CloudletSchedulerTimeShared: Cloudlet 48 requested 1024 MB of Ram but no amount is available.. Using Virtual Memory, which delays Cloudlet processing.
[0;39m[31mWARN  12.60: CloudletSchedulerTimeShared: Cloudlet 64 requested 1649 MB of Ram but no amount is available.. Using Virtual Memory, which delays Cloudlet processing.
[0;39m[31mWARN  12.60: CloudletSchedulerTimeShared: Cloudlet 65 requested 4398 MB of Ram but no amount is available.. Using Virtual Memory, which delays Cloudlet processing.
[0;39m[31mWARN  12.60: CloudletSchedulerTimeShared: Cloudlet 69 requested 1649 MB of Ram but no amount is available.. Using Virtual Memory, which delays Cloudlet processing.
[0;39m[31mWARN  12.60: CloudletSchedulerTimeShared: Cloudlet 73 requested 1024 MB of Ram but no amount is available.. Using Virtual Memory, which delays Cloudlet processing.
[0;39m[31mWARN  12.60: CloudletSchedulerTimeShared: Cloudlet 75 requested 1649 MB of Ram but no amount is available.. Using Virtual Memory, which delays Cloudlet processing.
[0;39m[31mWARN  12.60: CloudletSchedulerTimeShared: Cloudlet 76 requested 1649 MB of Ram but no amount is available.. Using Virtual Memory, which delays Cloudlet processing.
[0;39m[31mWARN  12.60: CloudletSchedulerTimeShared: Cloudlet 80 requested 1024 MB of Ram but no amount is available.. Using Virtual Memory, which delays Cloudlet processing.
[0;39m[31mWARN  12.60: CloudletSchedulerTimeShared: Cloudlet 93 requested 1024 MB of Ram but no amount is available.. Using Virtual Memory, which delays Cloudlet processing.
[0;39m[31mWARN  12.60: CloudletSchedulerTimeShared: Cloudlet 83 requested 1024 MB of Ram but no amount is available.. Using Virtual Memory, which delays Cloudlet processing.
[0;39m[31mWARN  12.60: CloudletSchedulerTimeShared: Cloudlet 87 requested 1024 MB of Ram but no amount is available.. Using Virtual Memory, which delays Cloudlet processing.
[0;39m[31mWARN  12.60: CloudletSchedulerTimeShared: Cloudlet 94 requested 1024 MB of Ram but no amount is available.. Using Virtual Memory, which delays Cloudlet processing.
[0;39m[31mWARN  12.60: CloudletSchedulerTimeShared: Cloudlet 95 requested 1024 MB of Ram but no amount is available.. Using Virtual Memory, which delays Cloudlet processing.
[0;39m[31mWARN  12.60: CloudletSchedulerTimeShared: Cloudlet 62 requested 1649 MB of Ram but just 1197 was available. Using Virtual Memory, which delays Cloudlet processing.
[0;39m[31mWARN  12.60: CloudletSchedulerTimeShared: Cloudlet 77 requested 1317 MB of Ram but no amount is available.. Using Virtual Memory, which delays Cloudlet processing.
[0;39m[31mWARN  12.60: CloudletSchedulerTimeShared: Cloudlet 90 requested 1024 MB of Ram but no amount is available.. Using Virtual Memory, which delays Cloudlet processing.
[0;39m[31mWARN  12.60: CloudletSchedulerTimeShared: Cloudlet 96 requested 1024 MB of Ram but no amount is available.. Using Virtual Memory, which delays Cloudlet processing.
[0;39m[31mWARN  12.71: CloudletSchedulerTimeShared: Cloudlet 91 requested 1024 MB of Ram but just 921 was available. Using Virtual Memory, which delays Cloudlet processing.
[0;39m[31mWARN  12.71: CloudletSchedulerTimeShared: Cloudlet 92 requested 1024 MB of Ram but no amount is available.. Using Virtual Memory, which delays Cloudlet processing.
[0;39m[31mWARN  12.71: CloudletSchedulerTimeShared: Cloudlet 44 requested 5498 MB of Ram but just 3372 was available. Using Virtual Memory, which delays Cloudlet processing.
[0;39m[31mWARN  12.71: CloudletSchedulerTimeShared: Cloudlet 48 requested 1024 MB of Ram but no amount is available.. Using Virtual Memory, which delays Cloudlet processing.
[0;39m[31mWARN  12.71: CloudletSchedulerTimeShared: Cloudlet 64 requested 1649 MB of Ram but no amount is available.. Using Virtual Memory, which delays Cloudlet processing.
[0;39m[31mWARN  12.71: CloudletSchedulerTimeShared: Cloudlet 65 requested 4398 MB of Ram but no amount is available.. Using Virtual Memory, which delays Cloudlet processing.
[0;39m[31mWARN  12.71: CloudletSchedulerTimeShared: Cloudlet 69 requested 1649 MB of Ram but no amount is available.. Using Virtual Memory, which delays Cloudlet processing.
[0;39m[31mWARN  12.71: CloudletSchedulerTimeShared: Cloudlet 73 requested 1024 MB of Ram but no amount is available.. Using Virtual Memory, which delays Cloudlet processing.
[0;39m[31mWARN  12.71: CloudletSchedulerTimeShared: Cloudlet 75 requested 1649 MB of Ram but no amount is available.. Using Virtual Memory, which delays Cloudlet processing.
[0;39m[31mWARN  12.71: CloudletSchedulerTimeShared: Cloudlet 76 requested 1649 MB of Ram but no amount is available.. Using Virtual Memory, which delays Cloudlet processing.
[0;39m[31mWARN  12.71: CloudletSchedulerTimeShared: Cloudlet 80 requested 1024 MB of Ram but no amount is available.. Using Virtual Memory, which delays Cloudlet processing.
[0;39m[31mWARN  12.71: CloudletSchedulerTimeShared: Cloudlet 93 requested 1024 MB of Ram but no amount is available.. Using Virtual Memory, which delays Cloudlet processing.
[0;39m[31mWARN  12.71: CloudletSchedulerTimeShared: Cloudlet 83 requested 1024 MB of Ram but no amount is available.. Using Virtual Memory, which delays Cloudlet processing.
[0;39m[31mWARN  12.71: CloudletSchedulerTimeShared: Cloudlet 87 requested 1024 MB of Ram but no amount is available.. Using Virtual Memory, which delays Cloudlet processing.
[0;39m[31mWARN  12.71: CloudletSchedulerTimeShared: Cloudlet 94 requested 1024 MB of Ram but no amount is available.. Using Virtual Memory, which delays Cloudlet processing.
[0;39m[31mWARN  12.71: CloudletSchedulerTimeShared: Cloudlet 95 requested 1024 MB of Ram but no amount is available.. Using Virtual Memory, which delays Cloudlet processing.
[0;39m[31mWARN  12.71: CloudletSchedulerTimeShared: Cloudlet 62 requested 1649 MB of Ram but just 1197 was available. Using Virtual Memory, which delays Cloudlet processing.
[0;39m[31mWARN  12.71: CloudletSchedulerTimeShared: Cloudlet 77 requested 1317 MB of Ram but no amount is available.. Using Virtual Memory, which delays Cloudlet processing.
[0;39m[31mWARN  12.71: CloudletSchedulerTimeShared: Cloudlet 90 requested 1024 MB of Ram but no amount is available.. Using Virtual Memory, which delays Cloudlet processing.
[0;39m[31mWARN  12.71: CloudletSchedulerTimeShared: Cloudlet 96 requested 1024 MB of Ram but no amount is available.. Using Virtual Memory, which delays Cloudlet processing.
[0;39m[34mINFO  12.71: DatacenterBrokerSimple2: Cloudlet 15 finished in Vm 1 and returned to broker.
[0;39m[34mINFO  12.71: DatacenterBrokerSimple2: Cloudlet 39 finished in Vm 1 and returned to broker.
[0;39m[34mINFO  12.71: DatacenterBrokerSimple2: Cloudlet 55 finished in Vm 1 and returned to broker.
[0;39m[31mWARN  12.82: CloudletSchedulerTimeShared: Cloudlet 91 requested 1024 MB of Ram but just 921 was available. Using Virtual Memory, which delays Cloudlet processing.
[0;39m[31mWARN  12.82: CloudletSchedulerTimeShared: Cloudlet 92 requested 1024 MB of Ram but no amount is available.. Using Virtual Memory, which delays Cloudlet processing.
[0;39m[31mWARN  12.82: CloudletSchedulerTimeShared: Cloudlet 44 requested 5498 MB of Ram but just 3372 was available. Using Virtual Memory, which delays Cloudlet processing.
[0;39m[31mWARN  12.82: CloudletSchedulerTimeShared: Cloudlet 48 requested 1024 MB of Ram but no amount is available.. Using Virtual Memory, which delays Cloudlet processing.
[0;39m[31mWARN  12.82: CloudletSchedulerTimeShared: Cloudlet 64 requested 1649 MB of Ram but no amount is available.. Using Virtual Memory, which delays Cloudlet processing.
[0;39m[31mWARN  12.82: CloudletSchedulerTimeShared: Cloudlet 65 requested 4398 MB of Ram but no amount is available.. Using Virtual Memory, which delays Cloudlet processing.
[0;39m[31mWARN  12.82: CloudletSchedulerTimeShared: Cloudlet 69 requested 1649 MB of Ram but no amount is available.. Using Virtual Memory, which delays Cloudlet processing.
[0;39m[31mWARN  12.82: CloudletSchedulerTimeShared: Cloudlet 73 requested 1024 MB of Ram but no amount is available.. Using Virtual Memory, which delays Cloudlet processing.
[0;39m[31mWARN  12.82: CloudletSchedulerTimeShared: Cloudlet 75 requested 1649 MB of Ram but no amount is available.. Using Virtual Memory, which delays Cloudlet processing.
[0;39m[31mWARN  12.82: CloudletSchedulerTimeShared: Cloudlet 76 requested 1649 MB of Ram but no amount is available.. Using Virtual Memory, which delays Cloudlet processing.
[0;39m[31mWARN  12.82: CloudletSchedulerTimeShared: Cloudlet 80 requested 1024 MB of Ram but no amount is available.. Using Virtual Memory, which delays Cloudlet processing.
[0;39m[31mWARN  12.82: CloudletSchedulerTimeShared: Cloudlet 93 requested 1024 MB of Ram but no amount is available.. Using Virtual Memory, which delays Cloudlet processing.
[0;39m[31mWARN  12.82: CloudletSchedulerTimeShared: Cloudlet 95 requested 1024 MB of Ram but no amount is available.. Using Virtual Memory, which delays Cloudlet processing.
[0;39m[31mWARN  12.82: CloudletSchedulerTimeShared: Cloudlet 62 requested 1649 MB of Ram but just 1197 was available. Using Virtual Memory, which delays Cloudlet processing.
[0;39m[31mWARN  12.82: CloudletSchedulerTimeShared: Cloudlet 77 requested 1317 MB of Ram but no amount is available.. Using Virtual Memory, which delays Cloudlet processing.
[0;39m[31mWARN  12.82: CloudletSchedulerTimeShared: Cloudlet 90 requested 1024 MB of Ram but no amount is available.. Using Virtual Memory, which delays Cloudlet processing.
[0;39m[31mWARN  12.82: CloudletSchedulerTimeShared: Cloudlet 96 requested 1024 MB of Ram but no amount is available.. Using Virtual Memory, which delays Cloudlet processing.
[0;39m[31mWARN  13.42: CloudletSchedulerTimeShared: Cloudlet 91 requested 1024 MB of Ram but just 921 was available. Using Virtual Memory, which delays Cloudlet processing.
[0;39m[31mWARN  13.42: CloudletSchedulerTimeShared: Cloudlet 92 requested 1024 MB of Ram but no amount is available.. Using Virtual Memory, which delays Cloudlet processing.
[0;39m[31mWARN  13.42: CloudletSchedulerTimeShared: Cloudlet 44 requested 5498 MB of Ram but just 3372 was available. Using Virtual Memory, which delays Cloudlet processing.
[0;39m[31mWARN  13.42: CloudletSchedulerTimeShared: Cloudlet 48 requested 1024 MB of Ram but no amount is available.. Using Virtual Memory, which delays Cloudlet processing.
[0;39m[31mWARN  13.42: CloudletSchedulerTimeShared: Cloudlet 64 requested 1649 MB of Ram but no amount is available.. Using Virtual Memory, which delays Cloudlet processing.
[0;39m[31mWARN  13.42: CloudletSchedulerTimeShared: Cloudlet 65 requested 4398 MB of Ram but no amount is available.. Using Virtual Memory, which delays Cloudlet processing.
[0;39m[31mWARN  13.42: CloudletSchedulerTimeShared: Cloudlet 69 requested 1649 MB of Ram but no amount is available.. Using Virtual Memory, which delays Cloudlet processing.
[0;39m[31mWARN  13.42: CloudletSchedulerTimeShared: Cloudlet 73 requested 1024 MB of Ram but no amount is available.. Using Virtual Memory, which delays Cloudlet processing.
[0;39m[31mWARN  13.42: CloudletSchedulerTimeShared: Cloudlet 75 requested 1649 MB of Ram but no amount is available.. Using Virtual Memory, which delays Cloudlet processing.
[0;39m[31mWARN  13.42: CloudletSchedulerTimeShared: Cloudlet 76 requested 1649 MB of Ram but no amount is available.. Using Virtual Memory, which delays Cloudlet processing.
[0;39m[31mWARN  13.42: CloudletSchedulerTimeShared: Cloudlet 80 requested 1024 MB of Ram but no amount is available.. Using Virtual Memory, which delays Cloudlet processing.
[0;39m[31mWARN  13.42: CloudletSchedulerTimeShared: Cloudlet 93 requested 1024 MB of Ram but no amount is available.. Using Virtual Memory, which delays Cloudlet processing.
[0;39m[31mWARN  13.42: CloudletSchedulerTimeShared: Cloudlet 95 requested 1024 MB of Ram but no amount is available.. Using Virtual Memory, which delays Cloudlet processing.
[0;39m[31mWARN  13.42: CloudletSchedulerTimeShared: Cloudlet 62 requested 1649 MB of Ram but just 1197 was available. Using Virtual Memory, which delays Cloudlet processing.
[0;39m[31mWARN  13.42: CloudletSchedulerTimeShared: Cloudlet 77 requested 1317 MB of Ram but no amount is available.. Using Virtual Memory, which delays Cloudlet processing.
[0;39m[31mWARN  13.42: CloudletSchedulerTimeShared: Cloudlet 90 requested 1024 MB of Ram but no amount is available.. Using Virtual Memory, which delays Cloudlet processing.
[0;39m[31mWARN  13.42: CloudletSchedulerTimeShared: Cloudlet 96 requested 1024 MB of Ram but no amount is available.. Using Virtual Memory, which delays Cloudlet processing.
[0;39m[34mINFO  13.42: DatacenterBrokerSimple2: Cloudlet 99 finished in Vm 3 and returned to broker.
[0;39m[31mWARN  13.82: CloudletSchedulerTimeShared: Cloudlet 91 requested 1024 MB of Ram but just 921 was available. Using Virtual Memory, which delays Cloudlet processing.
[0;39m[31mWARN  13.82: CloudletSchedulerTimeShared: Cloudlet 92 requested 1024 MB of Ram but no amount is available.. Using Virtual Memory, which delays Cloudlet processing.
[0;39m[31mWARN  13.82: CloudletSchedulerTimeShared: Cloudlet 44 requested 5498 MB of Ram but just 3372 was available. Using Virtual Memory, which delays Cloudlet processing.
[0;39m[31mWARN  13.82: CloudletSchedulerTimeShared: Cloudlet 48 requested 1024 MB of Ram but no amount is available.. Using Virtual Memory, which delays Cloudlet processing.
[0;39m[31mWARN  13.82: CloudletSchedulerTimeShared: Cloudlet 64 requested 1649 MB of Ram but no amount is available.. Using Virtual Memory, which delays Cloudlet processing.
[0;39m[31mWARN  13.82: CloudletSchedulerTimeShared: Cloudlet 65 requested 4398 MB of Ram but no amount is available.. Using Virtual Memory, which delays Cloudlet processing.
[0;39m[31mWARN  13.82: CloudletSchedulerTimeShared: Cloudlet 69 requested 1649 MB of Ram but no amount is available.. Using Virtual Memory, which delays Cloudlet processing.
[0;39m[31mWARN  13.82: CloudletSchedulerTimeShared: Cloudlet 73 requested 1024 MB of Ram but no amount is available.. Using Virtual Memory, which delays Cloudlet processing.
[0;39m[31mWARN  13.82: CloudletSchedulerTimeShared: Cloudlet 75 requested 1649 MB of Ram but no amount is available.. Using Virtual Memory, which delays Cloudlet processing.
[0;39m[31mWARN  13.82: CloudletSchedulerTimeShared: Cloudlet 76 requested 1649 MB of Ram but no amount is available.. Using Virtual Memory, which delays Cloudlet processing.
[0;39m[31mWARN  13.82: CloudletSchedulerTimeShared: Cloudlet 80 requested 1024 MB of Ram but no amount is available.. Using Virtual Memory, which delays Cloudlet processing.
[0;39m[31mWARN  13.82: CloudletSchedulerTimeShared: Cloudlet 93 requested 1024 MB of Ram but no amount is available.. Using Virtual Memory, which delays Cloudlet processing.
[0;39m[31mWARN  13.82: CloudletSchedulerTimeShared: Cloudlet 95 requested 1024 MB of Ram but no amount is available.. Using Virtual Memory, which delays Cloudlet processing.
[0;39m[31mWARN  13.82: CloudletSchedulerTimeShared: Cloudlet 62 requested 1649 MB of Ram but just 1197 was available. Using Virtual Memory, which delays Cloudlet processing.
[0;39m[31mWARN  13.82: CloudletSchedulerTimeShared: Cloudlet 77 requested 1317 MB of Ram but no amount is available.. Using Virtual Memory, which delays Cloudlet processing.
[0;39m[31mWARN  13.82: CloudletSchedulerTimeShared: Cloudlet 90 requested 1024 MB of Ram but no amount is available.. Using Virtual Memory, which delays Cloudlet processing.
[0;39m[31mWARN  13.82: CloudletSchedulerTimeShared: Cloudlet 96 requested 1024 MB of Ram but no amount is available.. Using Virtual Memory, which delays Cloudlet processing.
[0;39m[31mWARN  14.24: CloudletSchedulerTimeShared: Cloudlet 91 requested 1024 MB of Ram but just 921 was available. Using Virtual Memory, which delays Cloudlet processing.
[0;39m[31mWARN  14.24: CloudletSchedulerTimeShared: Cloudlet 92 requested 1024 MB of Ram but no amount is available.. Using Virtual Memory, which delays Cloudlet processing.
[0;39m[31mWARN  14.24: CloudletSchedulerTimeShared: Cloudlet 44 requested 5498 MB of Ram but just 3372 was available. Using Virtual Memory, which delays Cloudlet processing.
[0;39m[31mWARN  14.24: CloudletSchedulerTimeShared: Cloudlet 48 requested 1024 MB of Ram but no amount is available.. Using Virtual Memory, which delays Cloudlet processing.
[0;39m[31mWARN  14.24: CloudletSchedulerTimeShared: Cloudlet 64 requested 1649 MB of Ram but no amount is available.. Using Virtual Memory, which delays Cloudlet processing.
[0;39m[31mWARN  14.24: CloudletSchedulerTimeShared: Cloudlet 65 requested 4398 MB of Ram but no amount is available.. Using Virtual Memory, which delays Cloudlet processing.
[0;39m[31mWARN  14.24: CloudletSchedulerTimeShared: Cloudlet 69 requested 1649 MB of Ram but no amount is available.. Using Virtual Memory, which delays Cloudlet processing.
[0;39m[31mWARN  14.24: CloudletSchedulerTimeShared: Cloudlet 73 requested 1024 MB of Ram but no amount is available.. Using Virtual Memory, which delays Cloudlet processing.
[0;39m[31mWARN  14.24: CloudletSchedulerTimeShared: Cloudlet 75 requested 1649 MB of Ram but no amount is available.. Using Virtual Memory, which delays Cloudlet processing.
[0;39m[31mWARN  14.24: CloudletSchedulerTimeShared: Cloudlet 76 requested 1649 MB of Ram but no amount is available.. Using Virtual Memory, which delays Cloudlet processing.
[0;39m[31mWARN  14.24: CloudletSchedulerTimeShared: Cloudlet 80 requested 1024 MB of Ram but no amount is available.. Using Virtual Memory, which delays Cloudlet processing.
[0;39m[31mWARN  14.24: CloudletSchedulerTimeShared: Cloudlet 93 requested 1024 MB of Ram but no amount is available.. Using Virtual Memory, which delays Cloudlet processing.
[0;39m[31mWARN  14.24: CloudletSchedulerTimeShared: Cloudlet 95 requested 1024 MB of Ram but no amount is available.. Using Virtual Memory, which delays Cloudlet processing.
[0;39m[31mWARN  14.24: CloudletSchedulerTimeShared: Cloudlet 62 requested 1649 MB of Ram but just 1197 was available. Using Virtual Memory, which delays Cloudlet processing.
[0;39m[31mWARN  14.24: CloudletSchedulerTimeShared: Cloudlet 77 requested 1317 MB of Ram but no amount is available.. Using Virtual Memory, which delays Cloudlet processing.
[0;39m[31mWARN  14.24: CloudletSchedulerTimeShared: Cloudlet 90 requested 1024 MB of Ram but no amount is available.. Using Virtual Memory, which delays Cloudlet processing.
[0;39m[31mWARN  14.24: CloudletSchedulerTimeShared: Cloudlet 96 requested 1024 MB of Ram but no amount is available.. Using Virtual Memory, which delays Cloudlet processing.
[0;39m[31mWARN  14.35: CloudletSchedulerTimeShared: Cloudlet 91 requested 1024 MB of Ram but just 921 was available. Using Virtual Memory, which delays Cloudlet processing.
[0;39m[31mWARN  14.35: CloudletSchedulerTimeShared: Cloudlet 92 requested 1024 MB of Ram but no amount is available.. Using Virtual Memory, which delays Cloudlet processing.
[0;39m[31mWARN  14.35: CloudletSchedulerTimeShared: Cloudlet 44 requested 5498 MB of Ram but just 3372 was available. Using Virtual Memory, which delays Cloudlet processing.
[0;39m[31mWARN  14.35: CloudletSchedulerTimeShared: Cloudlet 48 requested 1024 MB of Ram but no amount is available.. Using Virtual Memory, which delays Cloudlet processing.
[0;39m[31mWARN  14.35: CloudletSchedulerTimeShared: Cloudlet 64 requested 1649 MB of Ram but no amount is available.. Using Virtual Memory, which delays Cloudlet processing.
[0;39m[31mWARN  14.35: CloudletSchedulerTimeShared: Cloudlet 65 requested 4398 MB of Ram but no amount is available.. Using Virtual Memory, which delays Cloudlet processing.
[0;39m[31mWARN  14.35: CloudletSchedulerTimeShared: Cloudlet 69 requested 1649 MB of Ram but no amount is available.. Using Virtual Memory, which delays Cloudlet processing.
[0;39m[31mWARN  14.35: CloudletSchedulerTimeShared: Cloudlet 73 requested 1024 MB of Ram but no amount is available.. Using Virtual Memory, which delays Cloudlet processing.
[0;39m[31mWARN  14.35: CloudletSchedulerTimeShared: Cloudlet 75 requested 1649 MB of Ram but no amount is available.. Using Virtual Memory, which delays Cloudlet processing.
[0;39m[31mWARN  14.35: CloudletSchedulerTimeShared: Cloudlet 76 requested 1649 MB of Ram but no amount is available.. Using Virtual Memory, which delays Cloudlet processing.
[0;39m[31mWARN  14.35: CloudletSchedulerTimeShared: Cloudlet 80 requested 1024 MB of Ram but no amount is available.. Using Virtual Memory, which delays Cloudlet processing.
[0;39m[31mWARN  14.35: CloudletSchedulerTimeShared: Cloudlet 93 requested 1024 MB of Ram but no amount is available.. Using Virtual Memory, which delays Cloudlet processing.
[0;39m[31mWARN  14.35: CloudletSchedulerTimeShared: Cloudlet 95 requested 1024 MB of Ram but no amount is available.. Using Virtual Memory, which delays Cloudlet processing.
[0;39m[31mWARN  14.35: CloudletSchedulerTimeShared: Cloudlet 62 requested 1649 MB of Ram but just 1197 was available. Using Virtual Memory, which delays Cloudlet processing.
[0;39m[31mWARN  14.35: CloudletSchedulerTimeShared: Cloudlet 77 requested 1317 MB of Ram but no amount is available.. Using Virtual Memory, which delays Cloudlet processing.
[0;39m[31mWARN  14.35: CloudletSchedulerTimeShared: Cloudlet 90 requested 1024 MB of Ram but no amount is available.. Using Virtual Memory, which delays Cloudlet processing.
[0;39m[31mWARN  14.35: CloudletSchedulerTimeShared: Cloudlet 96 requested 1024 MB of Ram but no amount is available.. Using Virtual Memory, which delays Cloudlet processing.
[0;39m[34mINFO  14.35: DatacenterBrokerSimple2: Cloudlet 9 finished in Vm 2 and returned to broker.
[0;39m[34mINFO  14.35: DatacenterBrokerSimple2: Cloudlet 60 finished in Vm 7 and returned to broker.
[0;39m[31mWARN  14.46: CloudletSchedulerTimeShared: Cloudlet 91 requested 1024 MB of Ram but just 921 was available. Using Virtual Memory, which delays Cloudlet processing.
[0;39m[31mWARN  14.46: CloudletSchedulerTimeShared: Cloudlet 92 requested 1024 MB of Ram but no amount is available.. Using Virtual Memory, which delays Cloudlet processing.
[0;39m[31mWARN  14.46: CloudletSchedulerTimeShared: Cloudlet 44 requested 5498 MB of Ram but just 3372 was available. Using Virtual Memory, which delays Cloudlet processing.
[0;39m[31mWARN  14.46: CloudletSchedulerTimeShared: Cloudlet 48 requested 1024 MB of Ram but no amount is available.. Using Virtual Memory, which delays Cloudlet processing.
[0;39m[31mWARN  14.46: CloudletSchedulerTimeShared: Cloudlet 64 requested 1649 MB of Ram but no amount is available.. Using Virtual Memory, which delays Cloudlet processing.
[0;39m[31mWARN  14.46: CloudletSchedulerTimeShared: Cloudlet 65 requested 4398 MB of Ram but no amount is available.. Using Virtual Memory, which delays Cloudlet processing.
[0;39m[31mWARN  14.46: CloudletSchedulerTimeShared: Cloudlet 69 requested 1649 MB of Ram but no amount is available.. Using Virtual Memory, which delays Cloudlet processing.
[0;39m[31mWARN  14.46: CloudletSchedulerTimeShared: Cloudlet 73 requested 1024 MB of Ram but no amount is available.. Using Virtual Memory, which delays Cloudlet processing.
[0;39m[31mWARN  14.46: CloudletSchedulerTimeShared: Cloudlet 75 requested 1649 MB of Ram but no amount is available.. Using Virtual Memory, which delays Cloudlet processing.
[0;39m[31mWARN  14.46: CloudletSchedulerTimeShared: Cloudlet 76 requested 1649 MB of Ram but no amount is available.. Using Virtual Memory, which delays Cloudlet processing.
[0;39m[31mWARN  14.46: CloudletSchedulerTimeShared: Cloudlet 80 requested 1024 MB of Ram but no amount is available.. Using Virtual Memory, which delays Cloudlet processing.
[0;39m[31mWARN  14.46: CloudletSchedulerTimeShared: Cloudlet 93 requested 1024 MB of Ram but no amount is available.. Using Virtual Memory, which delays Cloudlet processing.
[0;39m[31mWARN  14.46: CloudletSchedulerTimeShared: Cloudlet 95 requested 1024 MB of Ram but no amount is available.. Using Virtual Memory, which delays Cloudlet processing.
[0;39m[31mWARN  14.46: CloudletSchedulerTimeShared: Cloudlet 62 requested 1649 MB of Ram but just 1197 was available. Using Virtual Memory, which delays Cloudlet processing.
[0;39m[31mWARN  14.46: CloudletSchedulerTimeShared: Cloudlet 77 requested 1317 MB of Ram but no amount is available.. Using Virtual Memory, which delays Cloudlet processing.
[0;39m[31mWARN  14.46: CloudletSchedulerTimeShared: Cloudlet 90 requested 1024 MB of Ram but no amount is available.. Using Virtual Memory, which delays Cloudlet processing.
[0;39m[31mWARN  14.46: CloudletSchedulerTimeShared: Cloudlet 96 requested 1024 MB of Ram but no amount is available.. Using Virtual Memory, which delays Cloudlet processing.
[0;39m[34mINFO  14.46: DatacenterBrokerSimple2: Cloudlet 84 finished in Vm 6 and returned to broker.
[0;39m[31mWARN  15.05: CloudletSchedulerTimeShared: Cloudlet 91 requested 1024 MB of Ram but just 921 was available. Using Virtual Memory, which delays Cloudlet processing.
[0;39m[31mWARN  15.05: CloudletSchedulerTimeShared: Cloudlet 92 requested 1024 MB of Ram but no amount is available.. Using Virtual Memory, which delays Cloudlet processing.
[0;39m[31mWARN  15.05: CloudletSchedulerTimeShared: Cloudlet 44 requested 5498 MB of Ram but just 3372 was available. Using Virtual Memory, which delays Cloudlet processing.
[0;39m[31mWARN  15.05: CloudletSchedulerTimeShared: Cloudlet 48 requested 1024 MB of Ram but no amount is available.. Using Virtual Memory, which delays Cloudlet processing.
[0;39m[31mWARN  15.05: CloudletSchedulerTimeShared: Cloudlet 64 requested 1649 MB of Ram but no amount is available.. Using Virtual Memory, which delays Cloudlet processing.
[0;39m[31mWARN  15.05: CloudletSchedulerTimeShared: Cloudlet 65 requested 4398 MB of Ram but no amount is available.. Using Virtual Memory, which delays Cloudlet processing.
[0;39m[31mWARN  15.05: CloudletSchedulerTimeShared: Cloudlet 69 requested 1649 MB of Ram but no amount is available.. Using Virtual Memory, which delays Cloudlet processing.
[0;39m[31mWARN  15.05: CloudletSchedulerTimeShared: Cloudlet 73 requested 1024 MB of Ram but no amount is available.. Using Virtual Memory, which delays Cloudlet processing.
[0;39m[31mWARN  15.05: CloudletSchedulerTimeShared: Cloudlet 75 requested 1649 MB of Ram but no amount is available.. Using Virtual Memory, which delays Cloudlet processing.
[0;39m[31mWARN  15.05: CloudletSchedulerTimeShared: Cloudlet 76 requested 1649 MB of Ram but no amount is available.. Using Virtual Memory, which delays Cloudlet processing.
[0;39m[31mWARN  15.05: CloudletSchedulerTimeShared: Cloudlet 80 requested 1024 MB of Ram but no amount is available.. Using Virtual Memory, which delays Cloudlet processing.
[0;39m[31mWARN  15.05: CloudletSchedulerTimeShared: Cloudlet 93 requested 1024 MB of Ram but no amount is available.. Using Virtual Memory, which delays Cloudlet processing.
[0;39m[31mWARN  15.05: CloudletSchedulerTimeShared: Cloudlet 95 requested 1024 MB of Ram but no amount is available.. Using Virtual Memory, which delays Cloudlet processing.
[0;39m[31mWARN  15.05: CloudletSchedulerTimeShared: Cloudlet 62 requested 1649 MB of Ram but just 1197 was available. Using Virtual Memory, which delays Cloudlet processing.
[0;39m[31mWARN  15.05: CloudletSchedulerTimeShared: Cloudlet 77 requested 1317 MB of Ram but no amount is available.. Using Virtual Memory, which delays Cloudlet processing.
[0;39m[31mWARN  15.05: CloudletSchedulerTimeShared: Cloudlet 90 requested 1024 MB of Ram but no amount is available.. Using Virtual Memory, which delays Cloudlet processing.
[0;39m[31mWARN  15.05: CloudletSchedulerTimeShared: Cloudlet 96 requested 1024 MB of Ram but no amount is available.. Using Virtual Memory, which delays Cloudlet processing.
[0;39m[31mWARN  15.46: CloudletSchedulerTimeShared: Cloudlet 91 requested 1024 MB of Ram but just 921 was available. Using Virtual Memory, which delays Cloudlet processing.
[0;39m[31mWARN  15.46: CloudletSchedulerTimeShared: Cloudlet 92 requested 1024 MB of Ram but no amount is available.. Using Virtual Memory, which delays Cloudlet processing.
[0;39m[31mWARN  15.46: CloudletSchedulerTimeShared: Cloudlet 44 requested 5498 MB of Ram but just 3372 was available. Using Virtual Memory, which delays Cloudlet processing.
[0;39m[31mWARN  15.46: CloudletSchedulerTimeShared: Cloudlet 48 requested 1024 MB of Ram but no amount is available.. Using Virtual Memory, which delays Cloudlet processing.
[0;39m[31mWARN  15.46: CloudletSchedulerTimeShared: Cloudlet 64 requested 1649 MB of Ram but no amount is available.. Using Virtual Memory, which delays Cloudlet processing.
[0;39m[31mWARN  15.46: CloudletSchedulerTimeShared: Cloudlet 65 requested 4398 MB of Ram but no amount is available.. Using Virtual Memory, which delays Cloudlet processing.
[0;39m[31mWARN  15.46: CloudletSchedulerTimeShared: Cloudlet 69 requested 1649 MB of Ram but no amount is available.. Using Virtual Memory, which delays Cloudlet processing.
[0;39m[31mWARN  15.46: CloudletSchedulerTimeShared: Cloudlet 73 requested 1024 MB of Ram but no amount is available.. Using Virtual Memory, which delays Cloudlet processing.
[0;39m[31mWARN  15.46: CloudletSchedulerTimeShared: Cloudlet 75 requested 1649 MB of Ram but no amount is available.. Using Virtual Memory, which delays Cloudlet processing.
[0;39m[31mWARN  15.46: CloudletSchedulerTimeShared: Cloudlet 76 requested 1649 MB of Ram but no amount is available.. Using Virtual Memory, which delays Cloudlet processing.
[0;39m[31mWARN  15.46: CloudletSchedulerTimeShared: Cloudlet 80 requested 1024 MB of Ram but no amount is available.. Using Virtual Memory, which delays Cloudlet processing.
[0;39m[31mWARN  15.46: CloudletSchedulerTimeShared: Cloudlet 93 requested 1024 MB of Ram but no amount is available.. Using Virtual Memory, which delays Cloudlet processing.
[0;39m[31mWARN  15.46: CloudletSchedulerTimeShared: Cloudlet 95 requested 1024 MB of Ram but no amount is available.. Using Virtual Memory, which delays Cloudlet processing.
[0;39m[31mWARN  15.46: CloudletSchedulerTimeShared: Cloudlet 62 requested 1649 MB of Ram but just 1197 was available. Using Virtual Memory, which delays Cloudlet processing.
[0;39m[31mWARN  15.46: CloudletSchedulerTimeShared: Cloudlet 77 requested 1317 MB of Ram but no amount is available.. Using Virtual Memory, which delays Cloudlet processing.
[0;39m[31mWARN  15.46: CloudletSchedulerTimeShared: Cloudlet 90 requested 1024 MB of Ram but no amount is available.. Using Virtual Memory, which delays Cloudlet processing.
[0;39m[31mWARN  15.46: CloudletSchedulerTimeShared: Cloudlet 96 requested 1024 MB of Ram but no amount is available.. Using Virtual Memory, which delays Cloudlet processing.
[0;39m[31mWARN  15.57: CloudletSchedulerTimeShared: Cloudlet 91 requested 1024 MB of Ram but just 921 was available. Using Virtual Memory, which delays Cloudlet processing.
[0;39m[31mWARN  15.57: CloudletSchedulerTimeShared: Cloudlet 92 requested 1024 MB of Ram but no amount is available.. Using Virtual Memory, which delays Cloudlet processing.
[0;39m[31mWARN  15.57: CloudletSchedulerTimeShared: Cloudlet 44 requested 5498 MB of Ram but just 3372 was available. Using Virtual Memory, which delays Cloudlet processing.
[0;39m[31mWARN  15.57: CloudletSchedulerTimeShared: Cloudlet 48 requested 1024 MB of Ram but no amount is available.. Using Virtual Memory, which delays Cloudlet processing.
[0;39m[31mWARN  15.57: CloudletSchedulerTimeShared: Cloudlet 64 requested 1649 MB of Ram but no amount is available.. Using Virtual Memory, which delays Cloudlet processing.
[0;39m[31mWARN  15.57: CloudletSchedulerTimeShared: Cloudlet 65 requested 4398 MB of Ram but no amount is available.. Using Virtual Memory, which delays Cloudlet processing.
[0;39m[31mWARN  15.57: CloudletSchedulerTimeShared: Cloudlet 69 requested 1649 MB of Ram but no amount is available.. Using Virtual Memory, which delays Cloudlet processing.
[0;39m[31mWARN  15.57: CloudletSchedulerTimeShared: Cloudlet 73 requested 1024 MB of Ram but no amount is available.. Using Virtual Memory, which delays Cloudlet processing.
[0;39m[31mWARN  15.57: CloudletSchedulerTimeShared: Cloudlet 75 requested 1649 MB of Ram but no amount is available.. Using Virtual Memory, which delays Cloudlet processing.
[0;39m[31mWARN  15.57: CloudletSchedulerTimeShared: Cloudlet 76 requested 1649 MB of Ram but no amount is available.. Using Virtual Memory, which delays Cloudlet processing.
[0;39m[31mWARN  15.57: CloudletSchedulerTimeShared: Cloudlet 80 requested 1024 MB of Ram but no amount is available.. Using Virtual Memory, which delays Cloudlet processing.
[0;39m[31mWARN  15.57: CloudletSchedulerTimeShared: Cloudlet 93 requested 1024 MB of Ram but no amount is available.. Using Virtual Memory, which delays Cloudlet processing.
[0;39m[31mWARN  15.57: CloudletSchedulerTimeShared: Cloudlet 95 requested 1024 MB of Ram but no amount is available.. Using Virtual Memory, which delays Cloudlet processing.
[0;39m[31mWARN  15.57: CloudletSchedulerTimeShared: Cloudlet 62 requested 1649 MB of Ram but just 1197 was available. Using Virtual Memory, which delays Cloudlet processing.
[0;39m[31mWARN  15.57: CloudletSchedulerTimeShared: Cloudlet 77 requested 1317 MB of Ram but no amount is available.. Using Virtual Memory, which delays Cloudlet processing.
[0;39m[31mWARN  15.57: CloudletSchedulerTimeShared: Cloudlet 90 requested 1024 MB of Ram but no amount is available.. Using Virtual Memory, which delays Cloudlet processing.
[0;39m[31mWARN  15.57: CloudletSchedulerTimeShared: Cloudlet 96 requested 1024 MB of Ram but no amount is available.. Using Virtual Memory, which delays Cloudlet processing.
[0;39m[34mINFO  15.57: DatacenterBrokerSimple2: Cloudlet 30 finished in Vm 7 and returned to broker.
[0;39m[31mWARN  15.68: CloudletSchedulerTimeShared: Cloudlet 91 requested 1024 MB of Ram but just 921 was available. Using Virtual Memory, which delays Cloudlet processing.
[0;39m[31mWARN  15.68: CloudletSchedulerTimeShared: Cloudlet 92 requested 1024 MB of Ram but no amount is available.. Using Virtual Memory, which delays Cloudlet processing.
[0;39m[31mWARN  15.68: CloudletSchedulerTimeShared: Cloudlet 44 requested 5498 MB of Ram but just 3372 was available. Using Virtual Memory, which delays Cloudlet processing.
[0;39m[31mWARN  15.68: CloudletSchedulerTimeShared: Cloudlet 48 requested 1024 MB of Ram but no amount is available.. Using Virtual Memory, which delays Cloudlet processing.
[0;39m[31mWARN  15.68: CloudletSchedulerTimeShared: Cloudlet 64 requested 1649 MB of Ram but no amount is available.. Using Virtual Memory, which delays Cloudlet processing.
[0;39m[31mWARN  15.68: CloudletSchedulerTimeShared: Cloudlet 65 requested 4398 MB of Ram but no amount is available.. Using Virtual Memory, which delays Cloudlet processing.
[0;39m[31mWARN  15.68: CloudletSchedulerTimeShared: Cloudlet 69 requested 1649 MB of Ram but no amount is available.. Using Virtual Memory, which delays Cloudlet processing.
[0;39m[31mWARN  15.68: CloudletSchedulerTimeShared: Cloudlet 73 requested 1024 MB of Ram but no amount is available.. Using Virtual Memory, which delays Cloudlet processing.
[0;39m[31mWARN  15.68: CloudletSchedulerTimeShared: Cloudlet 75 requested 1649 MB of Ram but no amount is available.. Using Virtual Memory, which delays Cloudlet processing.
[0;39m[31mWARN  15.68: CloudletSchedulerTimeShared: Cloudlet 76 requested 1649 MB of Ram but no amount is available.. Using Virtual Memory, which delays Cloudlet processing.
[0;39m[31mWARN  15.68: CloudletSchedulerTimeShared: Cloudlet 80 requested 1024 MB of Ram but no amount is available.. Using Virtual Memory, which delays Cloudlet processing.
[0;39m[31mWARN  15.68: CloudletSchedulerTimeShared: Cloudlet 93 requested 1024 MB of Ram but no amount is available.. Using Virtual Memory, which delays Cloudlet processing.
[0;39m[31mWARN  15.68: CloudletSchedulerTimeShared: Cloudlet 95 requested 1024 MB of Ram but no amount is available.. Using Virtual Memory, which delays Cloudlet processing.
[0;39m[31mWARN  15.68: CloudletSchedulerTimeShared: Cloudlet 62 requested 1649 MB of Ram but just 1197 was available. Using Virtual Memory, which delays Cloudlet processing.
[0;39m[31mWARN  15.68: CloudletSchedulerTimeShared: Cloudlet 77 requested 1317 MB of Ram but no amount is available.. Using Virtual Memory, which delays Cloudlet processing.
[0;39m[31mWARN  15.68: CloudletSchedulerTimeShared: Cloudlet 90 requested 1024 MB of Ram but no amount is available.. Using Virtual Memory, which delays Cloudlet processing.
[0;39m[31mWARN  15.68: CloudletSchedulerTimeShared: Cloudlet 96 requested 1024 MB of Ram but no amount is available.. Using Virtual Memory, which delays Cloudlet processing.
[0;39m[34mINFO  15.68: DatacenterBrokerSimple2: Cloudlet 98 finished in Vm 6 and returned to broker.
[0;39m[31mWARN  20.93: CloudletSchedulerTimeShared: Cloudlet 91 requested 1024 MB of Ram but just 921 was available. Using Virtual Memory, which delays Cloudlet processing.
[0;39m[31mWARN  20.93: CloudletSchedulerTimeShared: Cloudlet 92 requested 1024 MB of Ram but no amount is available.. Using Virtual Memory, which delays Cloudlet processing.
[0;39m[31mWARN  20.93: CloudletSchedulerTimeShared: Cloudlet 44 requested 5498 MB of Ram but just 3372 was available. Using Virtual Memory, which delays Cloudlet processing.
[0;39m[31mWARN  20.93: CloudletSchedulerTimeShared: Cloudlet 48 requested 1024 MB of Ram but no amount is available.. Using Virtual Memory, which delays Cloudlet processing.
[0;39m[31mWARN  20.93: CloudletSchedulerTimeShared: Cloudlet 64 requested 1649 MB of Ram but no amount is available.. Using Virtual Memory, which delays Cloudlet processing.
[0;39m[31mWARN  20.93: CloudletSchedulerTimeShared: Cloudlet 65 requested 4398 MB of Ram but no amount is available.. Using Virtual Memory, which delays Cloudlet processing.
[0;39m[31mWARN  20.93: CloudletSchedulerTimeShared: Cloudlet 69 requested 1649 MB of Ram but no amount is available.. Using Virtual Memory, which delays Cloudlet processing.
[0;39m[31mWARN  20.93: CloudletSchedulerTimeShared: Cloudlet 73 requested 1024 MB of Ram but no amount is available.. Using Virtual Memory, which delays Cloudlet processing.
[0;39m[31mWARN  20.93: CloudletSchedulerTimeShared: Cloudlet 75 requested 1649 MB of Ram but no amount is available.. Using Virtual Memory, which delays Cloudlet processing.
[0;39m[31mWARN  20.93: CloudletSchedulerTimeShared: Cloudlet 76 requested 1649 MB of Ram but no amount is available.. Using Virtual Memory, which delays Cloudlet processing.
[0;39m[31mWARN  20.93: CloudletSchedulerTimeShared: Cloudlet 80 requested 1024 MB of Ram but no amount is available.. Using Virtual Memory, which delays Cloudlet processing.
[0;39m[31mWARN  20.93: CloudletSchedulerTimeShared: Cloudlet 93 requested 1024 MB of Ram but no amount is available.. Using Virtual Memory, which delays Cloudlet processing.
[0;39m[31mWARN  20.93: CloudletSchedulerTimeShared: Cloudlet 95 requested 1024 MB of Ram but no amount is available.. Using Virtual Memory, which delays Cloudlet processing.
[0;39m[31mWARN  20.93: CloudletSchedulerTimeShared: Cloudlet 62 requested 1649 MB of Ram but just 1197 was available. Using Virtual Memory, which delays Cloudlet processing.
[0;39m[31mWARN  20.93: CloudletSchedulerTimeShared: Cloudlet 77 requested 1317 MB of Ram but no amount is available.. Using Virtual Memory, which delays Cloudlet processing.
[0;39m[31mWARN  20.93: CloudletSchedulerTimeShared: Cloudlet 90 requested 1024 MB of Ram but no amount is available.. Using Virtual Memory, which delays Cloudlet processing.
[0;39m[31mWARN  20.93: CloudletSchedulerTimeShared: Cloudlet 96 requested 1024 MB of Ram but no amount is available.. Using Virtual Memory, which delays Cloudlet processing.
[0;39m[34mINFO  20.93: DatacenterBrokerSimple2: Cloudlet 67 finished in Vm 0 and returned to broker.
[0;39m[34mINFO  20.93: DatacenterBrokerSimple2: Cloudlet 83 finished in Vm 1 and returned to broker.
[0;39m[34mINFO  20.93: DatacenterBrokerSimple2: Cloudlet 87 finished in Vm 1 and returned to broker.
[0;39m[34mINFO  20.93: DatacenterBrokerSimple2: Cloudlet 94 finished in Vm 1 and returned to broker.
[0;39m[34mINFO  20.93: DatacenterBrokerSimple2: Cloudlet 47 finished in Vm 2 and returned to broker.
[0;39m[34mINFO  20.93: DatacenterBrokerSimple2: Cloudlet 79 finished in Vm 6 and returned to broker.
[0;39m[34mINFO  20.93: DatacenterBrokerSimple2: Cloudlet 52 finished in Vm 3 and returned to broker.
[0;39m[34mINFO  20.93: DatacenterBrokerSimple2: Cloudlet 70 finished in Vm 7 and returned to broker.
[0;39m[31mWARN  24.20: CloudletSchedulerTimeShared: Cloudlet 92 requested 1024 MB of Ram but just 921 was available. Using Virtual Memory, which delays Cloudlet processing.
[0;39m[31mWARN  24.20: CloudletSchedulerTimeShared: Cloudlet 44 requested 5498 MB of Ram but just 3372 was available. Using Virtual Memory, which delays Cloudlet processing.
[0;39m[31mWARN  24.20: CloudletSchedulerTimeShared: Cloudlet 48 requested 1024 MB of Ram but no amount is available.. Using Virtual Memory, which delays Cloudlet processing.
[0;39m[31mWARN  24.20: CloudletSchedulerTimeShared: Cloudlet 64 requested 1649 MB of Ram but no amount is available.. Using Virtual Memory, which delays Cloudlet processing.
[0;39m[31mWARN  24.20: CloudletSchedulerTimeShared: Cloudlet 65 requested 4398 MB of Ram but no amount is available.. Using Virtual Memory, which delays Cloudlet processing.
[0;39m[31mWARN  24.20: CloudletSchedulerTimeShared: Cloudlet 69 requested 1649 MB of Ram but no amount is available.. Using Virtual Memory, which delays Cloudlet processing.
[0;39m[31mWARN  24.20: CloudletSchedulerTimeShared: Cloudlet 73 requested 1024 MB of Ram but no amount is available.. Using Virtual Memory, which delays Cloudlet processing.
[0;39m[31mWARN  24.20: CloudletSchedulerTimeShared: Cloudlet 75 requested 1649 MB of Ram but no amount is available.. Using Virtual Memory, which delays Cloudlet processing.
[0;39m[31mWARN  24.20: CloudletSchedulerTimeShared: Cloudlet 76 requested 1649 MB of Ram but no amount is available.. Using Virtual Memory, which delays Cloudlet processing.
[0;39m[31mWARN  24.20: CloudletSchedulerTimeShared: Cloudlet 80 requested 1024 MB of Ram but no amount is available.. Using Virtual Memory, which delays Cloudlet processing.
[0;39m[31mWARN  24.20: CloudletSchedulerTimeShared: Cloudlet 93 requested 1024 MB of Ram but no amount is available.. Using Virtual Memory, which delays Cloudlet processing.
[0;39m[31mWARN  24.20: CloudletSchedulerTimeShared: Cloudlet 62 requested 1649 MB of Ram but just 1197 was available. Using Virtual Memory, which delays Cloudlet processing.
[0;39m[31mWARN  24.20: CloudletSchedulerTimeShared: Cloudlet 77 requested 1317 MB of Ram but no amount is available.. Using Virtual Memory, which delays Cloudlet processing.
[0;39m[31mWARN  24.20: CloudletSchedulerTimeShared: Cloudlet 90 requested 1024 MB of Ram but no amount is available.. Using Virtual Memory, which delays Cloudlet processing.
[0;39m[31mWARN  24.20: CloudletSchedulerTimeShared: Cloudlet 96 requested 1024 MB of Ram but no amount is available.. Using Virtual Memory, which delays Cloudlet processing.
[0;39m[34mINFO  24.20: DatacenterBrokerSimple2: Cloudlet 91 finished in Vm 0 and returned to broker.
[0;39m[34mINFO  24.20: DatacenterBrokerSimple2: Cloudlet 31 finished in Vm 1 and returned to broker.
[0;39m[34mINFO  24.20: DatacenterBrokerSimple2: Cloudlet 95 finished in Vm 1 and returned to broker.
[0;39m[34mINFO  24.20: DatacenterBrokerSimple2: Cloudlet 85 finished in Vm 3 and returned to broker.
[0;39m[31mWARN  24.31: CloudletSchedulerTimeShared: Cloudlet 44 requested 5498 MB of Ram but just 3372 was available. Using Virtual Memory, which delays Cloudlet processing.
[0;39m[31mWARN  24.31: CloudletSchedulerTimeShared: Cloudlet 48 requested 1024 MB of Ram but no amount is available.. Using Virtual Memory, which delays Cloudlet processing.
[0;39m[31mWARN  24.31: CloudletSchedulerTimeShared: Cloudlet 64 requested 1649 MB of Ram but no amount is available.. Using Virtual Memory, which delays Cloudlet processing.
[0;39m[31mWARN  24.31: CloudletSchedulerTimeShared: Cloudlet 65 requested 4398 MB of Ram but no amount is available.. Using Virtual Memory, which delays Cloudlet processing.
[0;39m[31mWARN  24.31: CloudletSchedulerTimeShared: Cloudlet 69 requested 1649 MB of Ram but no amount is available.. Using Virtual Memory, which delays Cloudlet processing.
[0;39m[31mWARN  24.31: CloudletSchedulerTimeShared: Cloudlet 73 requested 1024 MB of Ram but no amount is available.. Using Virtual Memory, which delays Cloudlet processing.
[0;39m[31mWARN  24.31: CloudletSchedulerTimeShared: Cloudlet 75 requested 1649 MB of Ram but no amount is available.. Using Virtual Memory, which delays Cloudlet processing.
[0;39m[31mWARN  24.31: CloudletSchedulerTimeShared: Cloudlet 76 requested 1649 MB of Ram but no amount is available.. Using Virtual Memory, which delays Cloudlet processing.
[0;39m[31mWARN  24.31: CloudletSchedulerTimeShared: Cloudlet 80 requested 1024 MB of Ram but no amount is available.. Using Virtual Memory, which delays Cloudlet processing.
[0;39m[31mWARN  24.31: CloudletSchedulerTimeShared: Cloudlet 93 requested 1024 MB of Ram but no amount is available.. Using Virtual Memory, which delays Cloudlet processing.
[0;39m[31mWARN  24.31: CloudletSchedulerTimeShared: Cloudlet 62 requested 1649 MB of Ram but just 1197 was available. Using Virtual Memory, which delays Cloudlet processing.
[0;39m[31mWARN  24.31: CloudletSchedulerTimeShared: Cloudlet 77 requested 1317 MB of Ram but no amount is available.. Using Virtual Memory, which delays Cloudlet processing.
[0;39m[31mWARN  24.31: CloudletSchedulerTimeShared: Cloudlet 90 requested 1024 MB of Ram but no amount is available.. Using Virtual Memory, which delays Cloudlet processing.
[0;39m[31mWARN  24.31: CloudletSchedulerTimeShared: Cloudlet 96 requested 1024 MB of Ram but no amount is available.. Using Virtual Memory, which delays Cloudlet processing.
[0;39m[31mWARN  24.45: CloudletSchedulerTimeShared: Cloudlet 44 requested 5498 MB of Ram but just 3372 was available. Using Virtual Memory, which delays Cloudlet processing.
[0;39m[31mWARN  24.45: CloudletSchedulerTimeShared: Cloudlet 48 requested 1024 MB of Ram but no amount is available.. Using Virtual Memory, which delays Cloudlet processing.
[0;39m[31mWARN  24.45: CloudletSchedulerTimeShared: Cloudlet 64 requested 1649 MB of Ram but no amount is available.. Using Virtual Memory, which delays Cloudlet processing.
[0;39m[31mWARN  24.45: CloudletSchedulerTimeShared: Cloudlet 65 requested 4398 MB of Ram but no amount is available.. Using Virtual Memory, which delays Cloudlet processing.
[0;39m[31mWARN  24.45: CloudletSchedulerTimeShared: Cloudlet 69 requested 1649 MB of Ram but no amount is available.. Using Virtual Memory, which delays Cloudlet processing.
[0;39m[31mWARN  24.45: CloudletSchedulerTimeShared: Cloudlet 73 requested 1024 MB of Ram but no amount is available.. Using Virtual Memory, which delays Cloudlet processing.
[0;39m[31mWARN  24.45: CloudletSchedulerTimeShared: Cloudlet 75 requested 1649 MB of Ram but no amount is available.. Using Virtual Memory, which delays Cloudlet processing.
[0;39m[31mWARN  24.45: CloudletSchedulerTimeShared: Cloudlet 76 requested 1649 MB of Ram but no amount is available.. Using Virtual Memory, which delays Cloudlet processing.
[0;39m[31mWARN  24.45: CloudletSchedulerTimeShared: Cloudlet 80 requested 1024 MB of Ram but no amount is available.. Using Virtual Memory, which delays Cloudlet processing.
[0;39m[31mWARN  24.45: CloudletSchedulerTimeShared: Cloudlet 93 requested 1024 MB of Ram but no amount is available.. Using Virtual Memory, which delays Cloudlet processing.
[0;39m[31mWARN  24.45: CloudletSchedulerTimeShared: Cloudlet 62 requested 1649 MB of Ram but just 1197 was available. Using Virtual Memory, which delays Cloudlet processing.
[0;39m[31mWARN  24.45: CloudletSchedulerTimeShared: Cloudlet 77 requested 1317 MB of Ram but no amount is available.. Using Virtual Memory, which delays Cloudlet processing.
[0;39m[31mWARN  24.45: CloudletSchedulerTimeShared: Cloudlet 90 requested 1024 MB of Ram but no amount is available.. Using Virtual Memory, which delays Cloudlet processing.
[0;39m[31mWARN  24.45: CloudletSchedulerTimeShared: Cloudlet 96 requested 1024 MB of Ram but no amount is available.. Using Virtual Memory, which delays Cloudlet processing.
[0;39m[31mWARN  24.68: CloudletSchedulerTimeShared: Cloudlet 44 requested 5498 MB of Ram but just 3372 was available. Using Virtual Memory, which delays Cloudlet processing.
[0;39m[31mWARN  24.68: CloudletSchedulerTimeShared: Cloudlet 48 requested 1024 MB of Ram but no amount is available.. Using Virtual Memory, which delays Cloudlet processing.
[0;39m[31mWARN  24.68: CloudletSchedulerTimeShared: Cloudlet 64 requested 1649 MB of Ram but no amount is available.. Using Virtual Memory, which delays Cloudlet processing.
[0;39m[31mWARN  24.68: CloudletSchedulerTimeShared: Cloudlet 65 requested 4398 MB of Ram but no amount is available.. Using Virtual Memory, which delays Cloudlet processing.
[0;39m[31mWARN  24.68: CloudletSchedulerTimeShared: Cloudlet 69 requested 1649 MB of Ram but no amount is available.. Using Virtual Memory, which delays Cloudlet processing.
[0;39m[31mWARN  24.68: CloudletSchedulerTimeShared: Cloudlet 73 requested 1024 MB of Ram but no amount is available.. Using Virtual Memory, which delays Cloudlet processing.
[0;39m[31mWARN  24.68: CloudletSchedulerTimeShared: Cloudlet 75 requested 1649 MB of Ram but no amount is available.. Using Virtual Memory, which delays Cloudlet processing.
[0;39m[31mWARN  24.68: CloudletSchedulerTimeShared: Cloudlet 76 requested 1649 MB of Ram but no amount is available.. Using Virtual Memory, which delays Cloudlet processing.
[0;39m[31mWARN  24.68: CloudletSchedulerTimeShared: Cloudlet 80 requested 1024 MB of Ram but no amount is available.. Using Virtual Memory, which delays Cloudlet processing.
[0;39m[31mWARN  24.68: CloudletSchedulerTimeShared: Cloudlet 93 requested 1024 MB of Ram but no amount is available.. Using Virtual Memory, which delays Cloudlet processing.
[0;39m[31mWARN  24.68: CloudletSchedulerTimeShared: Cloudlet 62 requested 1649 MB of Ram but just 1197 was available. Using Virtual Memory, which delays Cloudlet processing.
[0;39m[31mWARN  24.68: CloudletSchedulerTimeShared: Cloudlet 77 requested 1317 MB of Ram but no amount is available.. Using Virtual Memory, which delays Cloudlet processing.
[0;39m[31mWARN  24.68: CloudletSchedulerTimeShared: Cloudlet 90 requested 1024 MB of Ram but no amount is available.. Using Virtual Memory, which delays Cloudlet processing.
[0;39m[31mWARN  24.68: CloudletSchedulerTimeShared: Cloudlet 96 requested 1024 MB of Ram but no amount is available.. Using Virtual Memory, which delays Cloudlet processing.
[0;39m[34mINFO  24.68: DatacenterBrokerSimple2: Cloudlet 66 finished in Vm 0 and returned to broker.
[0;39m[31mWARN  24.82: CloudletSchedulerTimeShared: Cloudlet 44 requested 5498 MB of Ram but just 3372 was available. Using Virtual Memory, which delays Cloudlet processing.
[0;39m[31mWARN  24.82: CloudletSchedulerTimeShared: Cloudlet 48 requested 1024 MB of Ram but no amount is available.. Using Virtual Memory, which delays Cloudlet processing.
[0;39m[31mWARN  24.82: CloudletSchedulerTimeShared: Cloudlet 64 requested 1649 MB of Ram but no amount is available.. Using Virtual Memory, which delays Cloudlet processing.
[0;39m[31mWARN  24.82: CloudletSchedulerTimeShared: Cloudlet 65 requested 4398 MB of Ram but no amount is available.. Using Virtual Memory, which delays Cloudlet processing.
[0;39m[31mWARN  24.82: CloudletSchedulerTimeShared: Cloudlet 69 requested 1649 MB of Ram but no amount is available.. Using Virtual Memory, which delays Cloudlet processing.
[0;39m[31mWARN  24.82: CloudletSchedulerTimeShared: Cloudlet 73 requested 1024 MB of Ram but no amount is available.. Using Virtual Memory, which delays Cloudlet processing.
[0;39m[31mWARN  24.82: CloudletSchedulerTimeShared: Cloudlet 75 requested 1649 MB of Ram but no amount is available.. Using Virtual Memory, which delays Cloudlet processing.
[0;39m[31mWARN  24.82: CloudletSchedulerTimeShared: Cloudlet 76 requested 1649 MB of Ram but no amount is available.. Using Virtual Memory, which delays Cloudlet processing.
[0;39m[31mWARN  24.82: CloudletSchedulerTimeShared: Cloudlet 80 requested 1024 MB of Ram but no amount is available.. Using Virtual Memory, which delays Cloudlet processing.
[0;39m[31mWARN  24.82: CloudletSchedulerTimeShared: Cloudlet 93 requested 1024 MB of Ram but no amount is available.. Using Virtual Memory, which delays Cloudlet processing.
[0;39m[31mWARN  24.82: CloudletSchedulerTimeShared: Cloudlet 62 requested 1649 MB of Ram but just 1197 was available. Using Virtual Memory, which delays Cloudlet processing.
[0;39m[31mWARN  24.82: CloudletSchedulerTimeShared: Cloudlet 77 requested 1317 MB of Ram but no amount is available.. Using Virtual Memory, which delays Cloudlet processing.
[0;39m[31mWARN  24.82: CloudletSchedulerTimeShared: Cloudlet 90 requested 1024 MB of Ram but no amount is available.. Using Virtual Memory, which delays Cloudlet processing.
[0;39m[31mWARN  24.82: CloudletSchedulerTimeShared: Cloudlet 96 requested 1024 MB of Ram but no amount is available.. Using Virtual Memory, which delays Cloudlet processing.
[0;39m[31mWARN  25.13: CloudletSchedulerTimeShared: Cloudlet 44 requested 5498 MB of Ram but just 3372 was available. Using Virtual Memory, which delays Cloudlet processing.
[0;39m[31mWARN  25.13: CloudletSchedulerTimeShared: Cloudlet 48 requested 1024 MB of Ram but no amount is available.. Using Virtual Memory, which delays Cloudlet processing.
[0;39m[31mWARN  25.13: CloudletSchedulerTimeShared: Cloudlet 64 requested 1649 MB of Ram but no amount is available.. Using Virtual Memory, which delays Cloudlet processing.
[0;39m[31mWARN  25.13: CloudletSchedulerTimeShared: Cloudlet 65 requested 4398 MB of Ram but no amount is available.. Using Virtual Memory, which delays Cloudlet processing.
[0;39m[31mWARN  25.13: CloudletSchedulerTimeShared: Cloudlet 69 requested 1649 MB of Ram but no amount is available.. Using Virtual Memory, which delays Cloudlet processing.
[0;39m[31mWARN  25.13: CloudletSchedulerTimeShared: Cloudlet 73 requested 1024 MB of Ram but no amount is available.. Using Virtual Memory, which delays Cloudlet processing.
[0;39m[31mWARN  25.13: CloudletSchedulerTimeShared: Cloudlet 75 requested 1649 MB of Ram but no amount is available.. Using Virtual Memory, which delays Cloudlet processing.
[0;39m[31mWARN  25.13: CloudletSchedulerTimeShared: Cloudlet 76 requested 1649 MB of Ram but no amount is available.. Using Virtual Memory, which delays Cloudlet processing.
[0;39m[31mWARN  25.13: CloudletSchedulerTimeShared: Cloudlet 80 requested 1024 MB of Ram but no amount is available.. Using Virtual Memory, which delays Cloudlet processing.
[0;39m[31mWARN  25.13: CloudletSchedulerTimeShared: Cloudlet 93 requested 1024 MB of Ram but no amount is available.. Using Virtual Memory, which delays Cloudlet processing.
[0;39m[31mWARN  25.13: CloudletSchedulerTimeShared: Cloudlet 62 requested 1649 MB of Ram but just 1197 was available. Using Virtual Memory, which delays Cloudlet processing.
[0;39m[31mWARN  25.13: CloudletSchedulerTimeShared: Cloudlet 77 requested 1317 MB of Ram but no amount is available.. Using Virtual Memory, which delays Cloudlet processing.
[0;39m[31mWARN  25.13: CloudletSchedulerTimeShared: Cloudlet 90 requested 1024 MB of Ram but no amount is available.. Using Virtual Memory, which delays Cloudlet processing.
[0;39m[31mWARN  25.13: CloudletSchedulerTimeShared: Cloudlet 96 requested 1024 MB of Ram but no amount is available.. Using Virtual Memory, which delays Cloudlet processing.
[0;39m[31mWARN  25.24: CloudletSchedulerTimeShared: Cloudlet 44 requested 5498 MB of Ram but just 3372 was available. Using Virtual Memory, which delays Cloudlet processing.
[0;39m[31mWARN  25.24: CloudletSchedulerTimeShared: Cloudlet 48 requested 1024 MB of Ram but no amount is available.. Using Virtual Memory, which delays Cloudlet processing.
[0;39m[31mWARN  25.24: CloudletSchedulerTimeShared: Cloudlet 64 requested 1649 MB of Ram but no amount is available.. Using Virtual Memory, which delays Cloudlet processing.
[0;39m[31mWARN  25.24: CloudletSchedulerTimeShared: Cloudlet 65 requested 4398 MB of Ram but no amount is available.. Using Virtual Memory, which delays Cloudlet processing.
[0;39m[31mWARN  25.24: CloudletSchedulerTimeShared: Cloudlet 69 requested 1649 MB of Ram but no amount is available.. Using Virtual Memory, which delays Cloudlet processing.
[0;39m[31mWARN  25.24: CloudletSchedulerTimeShared: Cloudlet 73 requested 1024 MB of Ram but no amount is available.. Using Virtual Memory, which delays Cloudlet processing.
[0;39m[31mWARN  25.24: CloudletSchedulerTimeShared: Cloudlet 75 requested 1649 MB of Ram but no amount is available.. Using Virtual Memory, which delays Cloudlet processing.
[0;39m[31mWARN  25.24: CloudletSchedulerTimeShared: Cloudlet 76 requested 1649 MB of Ram but no amount is available.. Using Virtual Memory, which delays Cloudlet processing.
[0;39m[31mWARN  25.24: CloudletSchedulerTimeShared: Cloudlet 80 requested 1024 MB of Ram but no amount is available.. Using Virtual Memory, which delays Cloudlet processing.
[0;39m[31mWARN  25.24: CloudletSchedulerTimeShared: Cloudlet 93 requested 1024 MB of Ram but no amount is available.. Using Virtual Memory, which delays Cloudlet processing.
[0;39m[31mWARN  25.24: CloudletSchedulerTimeShared: Cloudlet 62 requested 1649 MB of Ram but just 1197 was available. Using Virtual Memory, which delays Cloudlet processing.
[0;39m[31mWARN  25.24: CloudletSchedulerTimeShared: Cloudlet 77 requested 1317 MB of Ram but no amount is available.. Using Virtual Memory, which delays Cloudlet processing.
[0;39m[31mWARN  25.24: CloudletSchedulerTimeShared: Cloudlet 90 requested 1024 MB of Ram but no amount is available.. Using Virtual Memory, which delays Cloudlet processing.
[0;39m[31mWARN  25.24: CloudletSchedulerTimeShared: Cloudlet 96 requested 1024 MB of Ram but no amount is available.. Using Virtual Memory, which delays Cloudlet processing.
[0;39m[34mINFO  25.24: DatacenterBrokerSimple2: Cloudlet 20 finished in Vm 5 and returned to broker.
[0;39m[34mINFO  25.24: DatacenterBrokerSimple2: Cloudlet 45 finished in Vm 5 and returned to broker.
[0;39m[31mWARN  25.35: CloudletSchedulerTimeShared: Cloudlet 44 requested 5498 MB of Ram but just 3372 was available. Using Virtual Memory, which delays Cloudlet processing.
[0;39m[31mWARN  25.35: CloudletSchedulerTimeShared: Cloudlet 48 requested 1024 MB of Ram but no amount is available.. Using Virtual Memory, which delays Cloudlet processing.
[0;39m[31mWARN  25.35: CloudletSchedulerTimeShared: Cloudlet 64 requested 1649 MB of Ram but no amount is available.. Using Virtual Memory, which delays Cloudlet processing.
[0;39m[31mWARN  25.35: CloudletSchedulerTimeShared: Cloudlet 65 requested 4398 MB of Ram but no amount is available.. Using Virtual Memory, which delays Cloudlet processing.
[0;39m[31mWARN  25.35: CloudletSchedulerTimeShared: Cloudlet 69 requested 1649 MB of Ram but no amount is available.. Using Virtual Memory, which delays Cloudlet processing.
[0;39m[31mWARN  25.35: CloudletSchedulerTimeShared: Cloudlet 73 requested 1024 MB of Ram but no amount is available.. Using Virtual Memory, which delays Cloudlet processing.
[0;39m[31mWARN  25.35: CloudletSchedulerTimeShared: Cloudlet 75 requested 1649 MB of Ram but no amount is available.. Using Virtual Memory, which delays Cloudlet processing.
[0;39m[31mWARN  25.35: CloudletSchedulerTimeShared: Cloudlet 76 requested 1649 MB of Ram but no amount is available.. Using Virtual Memory, which delays Cloudlet processing.
[0;39m[31mWARN  25.35: CloudletSchedulerTimeShared: Cloudlet 80 requested 1024 MB of Ram but no amount is available.. Using Virtual Memory, which delays Cloudlet processing.
[0;39m[31mWARN  25.35: CloudletSchedulerTimeShared: Cloudlet 93 requested 1024 MB of Ram but no amount is available.. Using Virtual Memory, which delays Cloudlet processing.
[0;39m[31mWARN  25.35: CloudletSchedulerTimeShared: Cloudlet 96 requested 1024 MB of Ram but just 505 was available. Using Virtual Memory, which delays Cloudlet processing.
[0;39m[31mWARN  26.33: CloudletSchedulerTimeShared: Cloudlet 44 requested 5498 MB of Ram but just 3372 was available. Using Virtual Memory, which delays Cloudlet processing.
[0;39m[31mWARN  26.33: CloudletSchedulerTimeShared: Cloudlet 48 requested 1024 MB of Ram but no amount is available.. Using Virtual Memory, which delays Cloudlet processing.
[0;39m[31mWARN  26.33: CloudletSchedulerTimeShared: Cloudlet 64 requested 1649 MB of Ram but no amount is available.. Using Virtual Memory, which delays Cloudlet processing.
[0;39m[31mWARN  26.33: CloudletSchedulerTimeShared: Cloudlet 65 requested 4398 MB of Ram but no amount is available.. Using Virtual Memory, which delays Cloudlet processing.
[0;39m[31mWARN  26.33: CloudletSchedulerTimeShared: Cloudlet 69 requested 1649 MB of Ram but no amount is available.. Using Virtual Memory, which delays Cloudlet processing.
[0;39m[31mWARN  26.33: CloudletSchedulerTimeShared: Cloudlet 73 requested 1024 MB of Ram but no amount is available.. Using Virtual Memory, which delays Cloudlet processing.
[0;39m[31mWARN  26.33: CloudletSchedulerTimeShared: Cloudlet 75 requested 1649 MB of Ram but no amount is available.. Using Virtual Memory, which delays Cloudlet processing.
[0;39m[31mWARN  26.33: CloudletSchedulerTimeShared: Cloudlet 76 requested 1649 MB of Ram but no amount is available.. Using Virtual Memory, which delays Cloudlet processing.
[0;39m[31mWARN  26.33: CloudletSchedulerTimeShared: Cloudlet 80 requested 1024 MB of Ram but no amount is available.. Using Virtual Memory, which delays Cloudlet processing.
[0;39m[31mWARN  26.33: CloudletSchedulerTimeShared: Cloudlet 93 requested 1024 MB of Ram but no amount is available.. Using Virtual Memory, which delays Cloudlet processing.
[0;39m[31mWARN  26.33: CloudletSchedulerTimeShared: Cloudlet 96 requested 1024 MB of Ram but just 505 was available. Using Virtual Memory, which delays Cloudlet processing.
[0;39m[34mINFO  26.33: DatacenterBrokerSimple2: Cloudlet 92 finished in Vm 0 and returned to broker.
[0;39m[31mWARN  26.44: CloudletSchedulerTimeShared: Cloudlet 44 requested 5498 MB of Ram but just 3372 was available. Using Virtual Memory, which delays Cloudlet processing.
[0;39m[31mWARN  26.44: CloudletSchedulerTimeShared: Cloudlet 48 requested 1024 MB of Ram but no amount is available.. Using Virtual Memory, which delays Cloudlet processing.
[0;39m[31mWARN  26.44: CloudletSchedulerTimeShared: Cloudlet 64 requested 1649 MB of Ram but no amount is available.. Using Virtual Memory, which delays Cloudlet processing.
[0;39m[31mWARN  26.44: CloudletSchedulerTimeShared: Cloudlet 65 requested 4398 MB of Ram but no amount is available.. Using Virtual Memory, which delays Cloudlet processing.
[0;39m[31mWARN  26.44: CloudletSchedulerTimeShared: Cloudlet 69 requested 1649 MB of Ram but no amount is available.. Using Virtual Memory, which delays Cloudlet processing.
[0;39m[31mWARN  26.44: CloudletSchedulerTimeShared: Cloudlet 73 requested 1024 MB of Ram but no amount is available.. Using Virtual Memory, which delays Cloudlet processing.
[0;39m[31mWARN  26.44: CloudletSchedulerTimeShared: Cloudlet 75 requested 1649 MB of Ram but no amount is available.. Using Virtual Memory, which delays Cloudlet processing.
[0;39m[31mWARN  26.44: CloudletSchedulerTimeShared: Cloudlet 76 requested 1649 MB of Ram but no amount is available.. Using Virtual Memory, which delays Cloudlet processing.
[0;39m[31mWARN  26.44: CloudletSchedulerTimeShared: Cloudlet 80 requested 1024 MB of Ram but no amount is available.. Using Virtual Memory, which delays Cloudlet processing.
[0;39m[31mWARN  26.44: CloudletSchedulerTimeShared: Cloudlet 93 requested 1024 MB of Ram but no amount is available.. Using Virtual Memory, which delays Cloudlet processing.
[0;39m[31mWARN  26.44: CloudletSchedulerTimeShared: Cloudlet 96 requested 1024 MB of Ram but just 505 was available. Using Virtual Memory, which delays Cloudlet processing.
[0;39m[31mWARN  26.68: CloudletSchedulerTimeShared: Cloudlet 44 requested 5498 MB of Ram but just 3372 was available. Using Virtual Memory, which delays Cloudlet processing.
[0;39m[31mWARN  26.68: CloudletSchedulerTimeShared: Cloudlet 48 requested 1024 MB of Ram but no amount is available.. Using Virtual Memory, which delays Cloudlet processing.
[0;39m[31mWARN  26.68: CloudletSchedulerTimeShared: Cloudlet 64 requested 1649 MB of Ram but no amount is available.. Using Virtual Memory, which delays Cloudlet processing.
[0;39m[31mWARN  26.68: CloudletSchedulerTimeShared: Cloudlet 65 requested 4398 MB of Ram but no amount is available.. Using Virtual Memory, which delays Cloudlet processing.
[0;39m[31mWARN  26.68: CloudletSchedulerTimeShared: Cloudlet 69 requested 1649 MB of Ram but no amount is available.. Using Virtual Memory, which delays Cloudlet processing.
[0;39m[31mWARN  26.68: CloudletSchedulerTimeShared: Cloudlet 73 requested 1024 MB of Ram but no amount is available.. Using Virtual Memory, which delays Cloudlet processing.
[0;39m[31mWARN  26.68: CloudletSchedulerTimeShared: Cloudlet 75 requested 1649 MB of Ram but no amount is available.. Using Virtual Memory, which delays Cloudlet processing.
[0;39m[31mWARN  26.68: CloudletSchedulerTimeShared: Cloudlet 76 requested 1649 MB of Ram but no amount is available.. Using Virtual Memory, which delays Cloudlet processing.
[0;39m[31mWARN  26.68: CloudletSchedulerTimeShared: Cloudlet 80 requested 1024 MB of Ram but no amount is available.. Using Virtual Memory, which delays Cloudlet processing.
[0;39m[31mWARN  26.68: CloudletSchedulerTimeShared: Cloudlet 93 requested 1024 MB of Ram but no amount is available.. Using Virtual Memory, which delays Cloudlet processing.
[0;39m[31mWARN  26.68: CloudletSchedulerTimeShared: Cloudlet 96 requested 1024 MB of Ram but just 505 was available. Using Virtual Memory, which delays Cloudlet processing.
[0;39m[31mWARN  26.79: CloudletSchedulerTimeShared: Cloudlet 44 requested 5498 MB of Ram but just 3372 was available. Using Virtual Memory, which delays Cloudlet processing.
[0;39m[31mWARN  26.79: CloudletSchedulerTimeShared: Cloudlet 48 requested 1024 MB of Ram but no amount is available.. Using Virtual Memory, which delays Cloudlet processing.
[0;39m[31mWARN  26.79: CloudletSchedulerTimeShared: Cloudlet 64 requested 1649 MB of Ram but no amount is available.. Using Virtual Memory, which delays Cloudlet processing.
[0;39m[31mWARN  26.79: CloudletSchedulerTimeShared: Cloudlet 65 requested 4398 MB of Ram but no amount is available.. Using Virtual Memory, which delays Cloudlet processing.
[0;39m[31mWARN  26.79: CloudletSchedulerTimeShared: Cloudlet 69 requested 1649 MB of Ram but no amount is available.. Using Virtual Memory, which delays Cloudlet processing.
[0;39m[31mWARN  26.79: CloudletSchedulerTimeShared: Cloudlet 73 requested 1024 MB of Ram but no amount is available.. Using Virtual Memory, which delays Cloudlet processing.
[0;39m[31mWARN  26.79: CloudletSchedulerTimeShared: Cloudlet 75 requested 1649 MB of Ram but no amount is available.. Using Virtual Memory, which delays Cloudlet processing.
[0;39m[31mWARN  26.79: CloudletSchedulerTimeShared: Cloudlet 76 requested 1649 MB of Ram but no amount is available.. Using Virtual Memory, which delays Cloudlet processing.
[0;39m[31mWARN  26.79: CloudletSchedulerTimeShared: Cloudlet 80 requested 1024 MB of Ram but no amount is available.. Using Virtual Memory, which delays Cloudlet processing.
[0;39m[31mWARN  26.79: CloudletSchedulerTimeShared: Cloudlet 93 requested 1024 MB of Ram but no amount is available.. Using Virtual Memory, which delays Cloudlet processing.
[0;39m[31mWARN  26.79: CloudletSchedulerTimeShared: Cloudlet 96 requested 1024 MB of Ram but just 505 was available. Using Virtual Memory, which delays Cloudlet processing.
[0;39m[34mINFO  26.79: DatacenterBrokerSimple2: Cloudlet 24 finished in Vm 4 and returned to broker.
[0;39m[34mINFO  26.79: DatacenterBrokerSimple2: Cloudlet 28 finished in Vm 4 and returned to broker.
[0;39m[31mWARN  26.90: CloudletSchedulerTimeShared: Cloudlet 48 requested 1024 MB of Ram but just 547 was available. Using Virtual Memory, which delays Cloudlet processing.
[0;39m[31mWARN  26.90: CloudletSchedulerTimeShared: Cloudlet 64 requested 1649 MB of Ram but no amount is available.. Using Virtual Memory, which delays Cloudlet processing.
[0;39m[31mWARN  26.90: CloudletSchedulerTimeShared: Cloudlet 65 requested 4398 MB of Ram but no amount is available.. Using Virtual Memory, which delays Cloudlet processing.
[0;39m[31mWARN  26.90: CloudletSchedulerTimeShared: Cloudlet 69 requested 1649 MB of Ram but no amount is available.. Using Virtual Memory, which delays Cloudlet processing.
[0;39m[31mWARN  26.90: CloudletSchedulerTimeShared: Cloudlet 73 requested 1024 MB of Ram but no amount is available.. Using Virtual Memory, which delays Cloudlet processing.
[0;39m[31mWARN  26.90: CloudletSchedulerTimeShared: Cloudlet 75 requested 1649 MB of Ram but no amount is available.. Using Virtual Memory, which delays Cloudlet processing.
[0;39m[31mWARN  26.90: CloudletSchedulerTimeShared: Cloudlet 76 requested 1649 MB of Ram but no amount is available.. Using Virtual Memory, which delays Cloudlet processing.
[0;39m[31mWARN  26.90: CloudletSchedulerTimeShared: Cloudlet 80 requested 1024 MB of Ram but no amount is available.. Using Virtual Memory, which delays Cloudlet processing.
[0;39m[31mWARN  26.90: CloudletSchedulerTimeShared: Cloudlet 93 requested 1024 MB of Ram but no amount is available.. Using Virtual Memory, which delays Cloudlet processing.
[0;39m[31mWARN  26.90: CloudletSchedulerTimeShared: Cloudlet 96 requested 1024 MB of Ram but just 505 was available. Using Virtual Memory, which delays Cloudlet processing.
[0;39m[34mINFO  26.90: DatacenterBrokerSimple2: Cloudlet 88 finished in Vm 2 and returned to broker.
[0;39m[31mWARN  27.25: CloudletSchedulerTimeShared: Cloudlet 48 requested 1024 MB of Ram but just 547 was available. Using Virtual Memory, which delays Cloudlet processing.
[0;39m[31mWARN  27.25: CloudletSchedulerTimeShared: Cloudlet 64 requested 1649 MB of Ram but no amount is available.. Using Virtual Memory, which delays Cloudlet processing.
[0;39m[31mWARN  27.25: CloudletSchedulerTimeShared: Cloudlet 65 requested 4398 MB of Ram but no amount is available.. Using Virtual Memory, which delays Cloudlet processing.
[0;39m[31mWARN  27.25: CloudletSchedulerTimeShared: Cloudlet 69 requested 1649 MB of Ram but no amount is available.. Using Virtual Memory, which delays Cloudlet processing.
[0;39m[31mWARN  27.25: CloudletSchedulerTimeShared: Cloudlet 73 requested 1024 MB of Ram but no amount is available.. Using Virtual Memory, which delays Cloudlet processing.
[0;39m[31mWARN  27.25: CloudletSchedulerTimeShared: Cloudlet 75 requested 1649 MB of Ram but no amount is available.. Using Virtual Memory, which delays Cloudlet processing.
[0;39m[31mWARN  27.25: CloudletSchedulerTimeShared: Cloudlet 76 requested 1649 MB of Ram but no amount is available.. Using Virtual Memory, which delays Cloudlet processing.
[0;39m[31mWARN  27.25: CloudletSchedulerTimeShared: Cloudlet 80 requested 1024 MB of Ram but no amount is available.. Using Virtual Memory, which delays Cloudlet processing.
[0;39m[31mWARN  27.25: CloudletSchedulerTimeShared: Cloudlet 93 requested 1024 MB of Ram but no amount is available.. Using Virtual Memory, which delays Cloudlet processing.
[0;39m[31mWARN  27.25: CloudletSchedulerTimeShared: Cloudlet 96 requested 1024 MB of Ram but just 505 was available. Using Virtual Memory, which delays Cloudlet processing.
[0;39m[31mWARN  27.90: CloudletSchedulerTimeShared: Cloudlet 48 requested 1024 MB of Ram but just 547 was available. Using Virtual Memory, which delays Cloudlet processing.
[0;39m[31mWARN  27.90: CloudletSchedulerTimeShared: Cloudlet 64 requested 1649 MB of Ram but no amount is available.. Using Virtual Memory, which delays Cloudlet processing.
[0;39m[31mWARN  27.90: CloudletSchedulerTimeShared: Cloudlet 65 requested 4398 MB of Ram but no amount is available.. Using Virtual Memory, which delays Cloudlet processing.
[0;39m[31mWARN  27.90: CloudletSchedulerTimeShared: Cloudlet 69 requested 1649 MB of Ram but no amount is available.. Using Virtual Memory, which delays Cloudlet processing.
[0;39m[31mWARN  27.90: CloudletSchedulerTimeShared: Cloudlet 73 requested 1024 MB of Ram but no amount is available.. Using Virtual Memory, which delays Cloudlet processing.
[0;39m[31mWARN  27.90: CloudletSchedulerTimeShared: Cloudlet 75 requested 1649 MB of Ram but no amount is available.. Using Virtual Memory, which delays Cloudlet processing.
[0;39m[31mWARN  27.90: CloudletSchedulerTimeShared: Cloudlet 76 requested 1649 MB of Ram but no amount is available.. Using Virtual Memory, which delays Cloudlet processing.
[0;39m[31mWARN  27.90: CloudletSchedulerTimeShared: Cloudlet 80 requested 1024 MB of Ram but no amount is available.. Using Virtual Memory, which delays Cloudlet processing.
[0;39m[31mWARN  27.90: CloudletSchedulerTimeShared: Cloudlet 93 requested 1024 MB of Ram but no amount is available.. Using Virtual Memory, which delays Cloudlet processing.
[0;39m[31mWARN  27.90: CloudletSchedulerTimeShared: Cloudlet 96 requested 1024 MB of Ram but just 505 was available. Using Virtual Memory, which delays Cloudlet processing.
[0;39m[31mWARN  28.16: CloudletSchedulerTimeShared: Cloudlet 48 requested 1024 MB of Ram but just 547 was available. Using Virtual Memory, which delays Cloudlet processing.
[0;39m[31mWARN  28.16: CloudletSchedulerTimeShared: Cloudlet 64 requested 1649 MB of Ram but no amount is available.. Using Virtual Memory, which delays Cloudlet processing.
[0;39m[31mWARN  28.16: CloudletSchedulerTimeShared: Cloudlet 65 requested 4398 MB of Ram but no amount is available.. Using Virtual Memory, which delays Cloudlet processing.
[0;39m[31mWARN  28.16: CloudletSchedulerTimeShared: Cloudlet 69 requested 1649 MB of Ram but no amount is available.. Using Virtual Memory, which delays Cloudlet processing.
[0;39m[31mWARN  28.16: CloudletSchedulerTimeShared: Cloudlet 73 requested 1024 MB of Ram but no amount is available.. Using Virtual Memory, which delays Cloudlet processing.
[0;39m[31mWARN  28.16: CloudletSchedulerTimeShared: Cloudlet 75 requested 1649 MB of Ram but no amount is available.. Using Virtual Memory, which delays Cloudlet processing.
[0;39m[31mWARN  28.16: CloudletSchedulerTimeShared: Cloudlet 76 requested 1649 MB of Ram but no amount is available.. Using Virtual Memory, which delays Cloudlet processing.
[0;39m[31mWARN  28.16: CloudletSchedulerTimeShared: Cloudlet 80 requested 1024 MB of Ram but no amount is available.. Using Virtual Memory, which delays Cloudlet processing.
[0;39m[31mWARN  28.16: CloudletSchedulerTimeShared: Cloudlet 93 requested 1024 MB of Ram but no amount is available.. Using Virtual Memory, which delays Cloudlet processing.
[0;39m[31mWARN  28.16: CloudletSchedulerTimeShared: Cloudlet 96 requested 1024 MB of Ram but just 505 was available. Using Virtual Memory, which delays Cloudlet processing.
[0;39m[31mWARN  28.27: CloudletSchedulerTimeShared: Cloudlet 48 requested 1024 MB of Ram but just 547 was available. Using Virtual Memory, which delays Cloudlet processing.
[0;39m[31mWARN  28.27: CloudletSchedulerTimeShared: Cloudlet 64 requested 1649 MB of Ram but no amount is available.. Using Virtual Memory, which delays Cloudlet processing.
[0;39m[31mWARN  28.27: CloudletSchedulerTimeShared: Cloudlet 65 requested 4398 MB of Ram but no amount is available.. Using Virtual Memory, which delays Cloudlet processing.
[0;39m[31mWARN  28.27: CloudletSchedulerTimeShared: Cloudlet 69 requested 1649 MB of Ram but no amount is available.. Using Virtual Memory, which delays Cloudlet processing.
[0;39m[31mWARN  28.27: CloudletSchedulerTimeShared: Cloudlet 73 requested 1024 MB of Ram but no amount is available.. Using Virtual Memory, which delays Cloudlet processing.
[0;39m[31mWARN  28.27: CloudletSchedulerTimeShared: Cloudlet 75 requested 1649 MB of Ram but no amount is available.. Using Virtual Memory, which delays Cloudlet processing.
[0;39m[31mWARN  28.27: CloudletSchedulerTimeShared: Cloudlet 76 requested 1649 MB of Ram but no amount is available.. Using Virtual Memory, which delays Cloudlet processing.
[0;39m[31mWARN  28.27: CloudletSchedulerTimeShared: Cloudlet 80 requested 1024 MB of Ram but no amount is available.. Using Virtual Memory, which delays Cloudlet processing.
[0;39m[31mWARN  28.27: CloudletSchedulerTimeShared: Cloudlet 93 requested 1024 MB of Ram but no amount is available.. Using Virtual Memory, which delays Cloudlet processing.
[0;39m[31mWARN  28.27: CloudletSchedulerTimeShared: Cloudlet 96 requested 1024 MB of Ram but just 505 was available. Using Virtual Memory, which delays Cloudlet processing.
[0;39m[34mINFO  28.27: DatacenterBrokerSimple2: Cloudlet 21 finished in Vm 0 and returned to broker.
[0;39m[31mWARN  28.38: CloudletSchedulerTimeShared: Cloudlet 48 requested 1024 MB of Ram but just 547 was available. Using Virtual Memory, which delays Cloudlet processing.
[0;39m[31mWARN  28.38: CloudletSchedulerTimeShared: Cloudlet 64 requested 1649 MB of Ram but no amount is available.. Using Virtual Memory, which delays Cloudlet processing.
[0;39m[31mWARN  28.38: CloudletSchedulerTimeShared: Cloudlet 65 requested 4398 MB of Ram but no amount is available.. Using Virtual Memory, which delays Cloudlet processing.
[0;39m[31mWARN  28.38: CloudletSchedulerTimeShared: Cloudlet 69 requested 1649 MB of Ram but no amount is available.. Using Virtual Memory, which delays Cloudlet processing.
[0;39m[31mWARN  28.38: CloudletSchedulerTimeShared: Cloudlet 73 requested 1024 MB of Ram but no amount is available.. Using Virtual Memory, which delays Cloudlet processing.
[0;39m[31mWARN  28.38: CloudletSchedulerTimeShared: Cloudlet 75 requested 1649 MB of Ram but no amount is available.. Using Virtual Memory, which delays Cloudlet processing.
[0;39m[31mWARN  28.38: CloudletSchedulerTimeShared: Cloudlet 76 requested 1649 MB of Ram but no amount is available.. Using Virtual Memory, which delays Cloudlet processing.
[0;39m[31mWARN  28.38: CloudletSchedulerTimeShared: Cloudlet 80 requested 1024 MB of Ram but no amount is available.. Using Virtual Memory, which delays Cloudlet processing.
[0;39m[31mWARN  28.38: CloudletSchedulerTimeShared: Cloudlet 93 requested 1024 MB of Ram but no amount is available.. Using Virtual Memory, which delays Cloudlet processing.
[0;39m[31mWARN  28.38: CloudletSchedulerTimeShared: Cloudlet 96 requested 1024 MB of Ram but just 505 was available. Using Virtual Memory, which delays Cloudlet processing.
[0;39m[31mWARN  32.59: CloudletSchedulerTimeShared: Cloudlet 48 requested 1024 MB of Ram but just 547 was available. Using Virtual Memory, which delays Cloudlet processing.
[0;39m[31mWARN  32.59: CloudletSchedulerTimeShared: Cloudlet 64 requested 1649 MB of Ram but no amount is available.. Using Virtual Memory, which delays Cloudlet processing.
[0;39m[31mWARN  32.59: CloudletSchedulerTimeShared: Cloudlet 65 requested 4398 MB of Ram but no amount is available.. Using Virtual Memory, which delays Cloudlet processing.
[0;39m[31mWARN  32.59: CloudletSchedulerTimeShared: Cloudlet 69 requested 1649 MB of Ram but no amount is available.. Using Virtual Memory, which delays Cloudlet processing.
[0;39m[31mWARN  32.59: CloudletSchedulerTimeShared: Cloudlet 73 requested 1024 MB of Ram but no amount is available.. Using Virtual Memory, which delays Cloudlet processing.
[0;39m[31mWARN  32.59: CloudletSchedulerTimeShared: Cloudlet 75 requested 1649 MB of Ram but no amount is available.. Using Virtual Memory, which delays Cloudlet processing.
[0;39m[31mWARN  32.59: CloudletSchedulerTimeShared: Cloudlet 76 requested 1649 MB of Ram but no amount is available.. Using Virtual Memory, which delays Cloudlet processing.
[0;39m[31mWARN  32.59: CloudletSchedulerTimeShared: Cloudlet 80 requested 1024 MB of Ram but no amount is available.. Using Virtual Memory, which delays Cloudlet processing.
[0;39m[31mWARN  32.59: CloudletSchedulerTimeShared: Cloudlet 93 requested 1024 MB of Ram but no amount is available.. Using Virtual Memory, which delays Cloudlet processing.
[0;39m[31mWARN  32.59: CloudletSchedulerTimeShared: Cloudlet 96 requested 1024 MB of Ram but just 505 was available. Using Virtual Memory, which delays Cloudlet processing.
[0;39m[34mINFO  32.59: DatacenterBrokerSimple2: Cloudlet 44 finished in Vm 4 and returned to broker.
[0;39m[34mINFO  32.59: DatacenterBrokerSimple2: Cloudlet 58 finished in Vm 5 and returned to broker.
[0;39m[34mINFO  32.59: DatacenterBrokerSimple2: Cloudlet 90 finished in Vm 5 and returned to broker.
[0;39m[31mWARN  32.96: CloudletSchedulerTimeShared: Cloudlet 65 requested 4398 MB of Ram but just 3372 was available. Using Virtual Memory, which delays Cloudlet processing.
[0;39m[31mWARN  32.96: CloudletSchedulerTimeShared: Cloudlet 69 requested 1649 MB of Ram but no amount is available.. Using Virtual Memory, which delays Cloudlet processing.
[0;39m[31mWARN  32.96: CloudletSchedulerTimeShared: Cloudlet 73 requested 1024 MB of Ram but no amount is available.. Using Virtual Memory, which delays Cloudlet processing.
[0;39m[31mWARN  32.96: CloudletSchedulerTimeShared: Cloudlet 75 requested 1649 MB of Ram but no amount is available.. Using Virtual Memory, which delays Cloudlet processing.
[0;39m[31mWARN  32.96: CloudletSchedulerTimeShared: Cloudlet 76 requested 1649 MB of Ram but no amount is available.. Using Virtual Memory, which delays Cloudlet processing.
[0;39m[31mWARN  32.96: CloudletSchedulerTimeShared: Cloudlet 80 requested 1024 MB of Ram but no amount is available.. Using Virtual Memory, which delays Cloudlet processing.
[0;39m[31mWARN  32.96: CloudletSchedulerTimeShared: Cloudlet 93 requested 1024 MB of Ram but no amount is available.. Using Virtual Memory, which delays Cloudlet processing.
[0;39m[34mINFO  32.96: DatacenterBrokerSimple2: Cloudlet 0 finished in Vm 5 and returned to broker.
[0;39m[31mWARN  33.07: CloudletSchedulerTimeShared: Cloudlet 65 requested 4398 MB of Ram but just 3372 was available. Using Virtual Memory, which delays Cloudlet processing.
[0;39m[31mWARN  33.07: CloudletSchedulerTimeShared: Cloudlet 69 requested 1649 MB of Ram but no amount is available.. Using Virtual Memory, which delays Cloudlet processing.
[0;39m[31mWARN  33.07: CloudletSchedulerTimeShared: Cloudlet 73 requested 1024 MB of Ram but no amount is available.. Using Virtual Memory, which delays Cloudlet processing.
[0;39m[31mWARN  33.07: CloudletSchedulerTimeShared: Cloudlet 75 requested 1649 MB of Ram but no amount is available.. Using Virtual Memory, which delays Cloudlet processing.
[0;39m[31mWARN  33.07: CloudletSchedulerTimeShared: Cloudlet 76 requested 1649 MB of Ram but no amount is available.. Using Virtual Memory, which delays Cloudlet processing.
[0;39m[31mWARN  33.07: CloudletSchedulerTimeShared: Cloudlet 80 requested 1024 MB of Ram but no amount is available.. Using Virtual Memory, which delays Cloudlet processing.
[0;39m[31mWARN  33.07: CloudletSchedulerTimeShared: Cloudlet 93 requested 1024 MB of Ram but no amount is available.. Using Virtual Memory, which delays Cloudlet processing.
[0;39m[31mWARN  41.03: CloudletSchedulerTimeShared: Cloudlet 65 requested 4398 MB of Ram but just 3372 was available. Using Virtual Memory, which delays Cloudlet processing.
[0;39m[31mWARN  41.03: CloudletSchedulerTimeShared: Cloudlet 69 requested 1649 MB of Ram but no amount is available.. Using Virtual Memory, which delays Cloudlet processing.
[0;39m[31mWARN  41.03: CloudletSchedulerTimeShared: Cloudlet 73 requested 1024 MB of Ram but no amount is available.. Using Virtual Memory, which delays Cloudlet processing.
[0;39m[31mWARN  41.03: CloudletSchedulerTimeShared: Cloudlet 75 requested 1649 MB of Ram but no amount is available.. Using Virtual Memory, which delays Cloudlet processing.
[0;39m[31mWARN  41.03: CloudletSchedulerTimeShared: Cloudlet 76 requested 1649 MB of Ram but no amount is available.. Using Virtual Memory, which delays Cloudlet processing.
[0;39m[31mWARN  41.03: CloudletSchedulerTimeShared: Cloudlet 80 requested 1024 MB of Ram but no amount is available.. Using Virtual Memory, which delays Cloudlet processing.
[0;39m[31mWARN  41.03: CloudletSchedulerTimeShared: Cloudlet 93 requested 1024 MB of Ram but no amount is available.. Using Virtual Memory, which delays Cloudlet processing.
[0;39m[34mINFO  41.03: DatacenterBrokerSimple2: Cloudlet 48 finished in Vm 4 and returned to broker.
[0;39m[34mINFO  41.03: DatacenterBrokerSimple2: Cloudlet 62 finished in Vm 5 and returned to broker.
[0;39m[34mINFO  41.03: DatacenterBrokerSimple2: Cloudlet 96 finished in Vm 5 and returned to broker.
[0;39m[31mWARN  41.14: CloudletSchedulerTimeShared: Cloudlet 65 requested 4398 MB of Ram but just 4396 was available. Using Virtual Memory, which delays Cloudlet processing.
[0;39m[31mWARN  41.14: CloudletSchedulerTimeShared: Cloudlet 69 requested 1649 MB of Ram but no amount is available.. Using Virtual Memory, which delays Cloudlet processing.
[0;39m[31mWARN  41.14: CloudletSchedulerTimeShared: Cloudlet 73 requested 1024 MB of Ram but no amount is available.. Using Virtual Memory, which delays Cloudlet processing.
[0;39m[31mWARN  41.14: CloudletSchedulerTimeShared: Cloudlet 75 requested 1649 MB of Ram but no amount is available.. Using Virtual Memory, which delays Cloudlet processing.
[0;39m[31mWARN  41.14: CloudletSchedulerTimeShared: Cloudlet 76 requested 1649 MB of Ram but no amount is available.. Using Virtual Memory, which delays Cloudlet processing.
[0;39m[31mWARN  41.14: CloudletSchedulerTimeShared: Cloudlet 80 requested 1024 MB of Ram but no amount is available.. Using Virtual Memory, which delays Cloudlet processing.
[0;39m[31mWARN  41.14: CloudletSchedulerTimeShared: Cloudlet 93 requested 1024 MB of Ram but no amount is available.. Using Virtual Memory, which delays Cloudlet processing.
[0;39m[34mINFO  41.14: DatacenterBrokerSimple2: Cloudlet 53 finished in Vm 5 and returned to broker.
[0;39m[31mWARN  41.25: CloudletSchedulerTimeShared: Cloudlet 65 requested 4398 MB of Ram but just 4396 was available. Using Virtual Memory, which delays Cloudlet processing.
[0;39m[31mWARN  41.25: CloudletSchedulerTimeShared: Cloudlet 69 requested 1649 MB of Ram but no amount is available.. Using Virtual Memory, which delays Cloudlet processing.
[0;39m[31mWARN  41.25: CloudletSchedulerTimeShared: Cloudlet 73 requested 1024 MB of Ram but no amount is available.. Using Virtual Memory, which delays Cloudlet processing.
[0;39m[31mWARN  41.25: CloudletSchedulerTimeShared: Cloudlet 75 requested 1649 MB of Ram but no amount is available.. Using Virtual Memory, which delays Cloudlet processing.
[0;39m[31mWARN  41.25: CloudletSchedulerTimeShared: Cloudlet 76 requested 1649 MB of Ram but no amount is available.. Using Virtual Memory, which delays Cloudlet processing.
[0;39m[31mWARN  41.25: CloudletSchedulerTimeShared: Cloudlet 80 requested 1024 MB of Ram but no amount is available.. Using Virtual Memory, which delays Cloudlet processing.
[0;39m[31mWARN  41.25: CloudletSchedulerTimeShared: Cloudlet 93 requested 1024 MB of Ram but no amount is available.. Using Virtual Memory, which delays Cloudlet processing.
[0;39m[31mWARN  45.94: CloudletSchedulerTimeShared: Cloudlet 65 requested 4398 MB of Ram but just 4396 was available. Using Virtual Memory, which delays Cloudlet processing.
[0;39m[31mWARN  45.94: CloudletSchedulerTimeShared: Cloudlet 69 requested 1649 MB of Ram but no amount is available.. Using Virtual Memory, which delays Cloudlet processing.
[0;39m[31mWARN  45.94: CloudletSchedulerTimeShared: Cloudlet 73 requested 1024 MB of Ram but no amount is available.. Using Virtual Memory, which delays Cloudlet processing.
[0;39m[31mWARN  45.94: CloudletSchedulerTimeShared: Cloudlet 75 requested 1649 MB of Ram but no amount is available.. Using Virtual Memory, which delays Cloudlet processing.
[0;39m[31mWARN  45.94: CloudletSchedulerTimeShared: Cloudlet 76 requested 1649 MB of Ram but no amount is available.. Using Virtual Memory, which delays Cloudlet processing.
[0;39m[31mWARN  45.94: CloudletSchedulerTimeShared: Cloudlet 80 requested 1024 MB of Ram but no amount is available.. Using Virtual Memory, which delays Cloudlet processing.
[0;39m[31mWARN  45.94: CloudletSchedulerTimeShared: Cloudlet 93 requested 1024 MB of Ram but no amount is available.. Using Virtual Memory, which delays Cloudlet processing.
[0;39m[31mWARN  46.19: CloudletSchedulerTimeShared: Cloudlet 65 requested 4398 MB of Ram but just 4396 was available. Using Virtual Memory, which delays Cloudlet processing.
[0;39m[31mWARN  46.19: CloudletSchedulerTimeShared: Cloudlet 69 requested 1649 MB of Ram but no amount is available.. Using Virtual Memory, which delays Cloudlet processing.
[0;39m[31mWARN  46.19: CloudletSchedulerTimeShared: Cloudlet 73 requested 1024 MB of Ram but no amount is available.. Using Virtual Memory, which delays Cloudlet processing.
[0;39m[31mWARN  46.19: CloudletSchedulerTimeShared: Cloudlet 75 requested 1649 MB of Ram but no amount is available.. Using Virtual Memory, which delays Cloudlet processing.
[0;39m[31mWARN  46.19: CloudletSchedulerTimeShared: Cloudlet 76 requested 1649 MB of Ram but no amount is available.. Using Virtual Memory, which delays Cloudlet processing.
[0;39m[31mWARN  46.19: CloudletSchedulerTimeShared: Cloudlet 80 requested 1024 MB of Ram but no amount is available.. Using Virtual Memory, which delays Cloudlet processing.
[0;39m[31mWARN  46.19: CloudletSchedulerTimeShared: Cloudlet 93 requested 1024 MB of Ram but no amount is available.. Using Virtual Memory, which delays Cloudlet processing.
[0;39m[31mWARN  46.30: CloudletSchedulerTimeShared: Cloudlet 65 requested 4398 MB of Ram but just 4396 was available. Using Virtual Memory, which delays Cloudlet processing.
[0;39m[31mWARN  46.30: CloudletSchedulerTimeShared: Cloudlet 69 requested 1649 MB of Ram but no amount is available.. Using Virtual Memory, which delays Cloudlet processing.
[0;39m[31mWARN  46.30: CloudletSchedulerTimeShared: Cloudlet 73 requested 1024 MB of Ram but no amount is available.. Using Virtual Memory, which delays Cloudlet processing.
[0;39m[31mWARN  46.30: CloudletSchedulerTimeShared: Cloudlet 75 requested 1649 MB of Ram but no amount is available.. Using Virtual Memory, which delays Cloudlet processing.
[0;39m[31mWARN  46.30: CloudletSchedulerTimeShared: Cloudlet 76 requested 1649 MB of Ram but no amount is available.. Using Virtual Memory, which delays Cloudlet processing.
[0;39m[31mWARN  46.30: CloudletSchedulerTimeShared: Cloudlet 80 requested 1024 MB of Ram but no amount is available.. Using Virtual Memory, which delays Cloudlet processing.
[0;39m[31mWARN  46.30: CloudletSchedulerTimeShared: Cloudlet 93 requested 1024 MB of Ram but no amount is available.. Using Virtual Memory, which delays Cloudlet processing.
[0;39m[34mINFO  46.30: DatacenterBrokerSimple2: Cloudlet 17 finished in Vm 4 and returned to broker.
[0;39m[31mWARN  46.41: CloudletSchedulerTimeShared: Cloudlet 73 requested 1024 MB of Ram but just 496 was available. Using Virtual Memory, which delays Cloudlet processing.
[0;39m[31mWARN  46.41: CloudletSchedulerTimeShared: Cloudlet 75 requested 1649 MB of Ram but no amount is available.. Using Virtual Memory, which delays Cloudlet processing.
[0;39m[31mWARN  46.41: CloudletSchedulerTimeShared: Cloudlet 76 requested 1649 MB of Ram but no amount is available.. Using Virtual Memory, which delays Cloudlet processing.
[0;39m[31mWARN  46.41: CloudletSchedulerTimeShared: Cloudlet 80 requested 1024 MB of Ram but no amount is available.. Using Virtual Memory, which delays Cloudlet processing.
[0;39m[31mWARN  46.41: CloudletSchedulerTimeShared: Cloudlet 93 requested 1024 MB of Ram but no amount is available.. Using Virtual Memory, which delays Cloudlet processing.
[0;39m[31mWARN  48.54: CloudletSchedulerTimeShared: Cloudlet 73 requested 1024 MB of Ram but just 496 was available. Using Virtual Memory, which delays Cloudlet processing.
[0;39m[31mWARN  48.54: CloudletSchedulerTimeShared: Cloudlet 75 requested 1649 MB of Ram but no amount is available.. Using Virtual Memory, which delays Cloudlet processing.
[0;39m[31mWARN  48.54: CloudletSchedulerTimeShared: Cloudlet 76 requested 1649 MB of Ram but no amount is available.. Using Virtual Memory, which delays Cloudlet processing.
[0;39m[31mWARN  48.54: CloudletSchedulerTimeShared: Cloudlet 80 requested 1024 MB of Ram but no amount is available.. Using Virtual Memory, which delays Cloudlet processing.
[0;39m[31mWARN  48.54: CloudletSchedulerTimeShared: Cloudlet 93 requested 1024 MB of Ram but no amount is available.. Using Virtual Memory, which delays Cloudlet processing.
[0;39m[34mINFO  48.54: DatacenterBrokerSimple2: Cloudlet 65 finished in Vm 4 and returned to broker.
[0;39m[31mWARN  273.98: CloudletSchedulerTimeShared: Cloudlet 80 requested 1024 MB of Ram but just 572 was available. Using Virtual Memory, which delays Cloudlet processing.
[0;39m[31mWARN  273.98: CloudletSchedulerTimeShared: Cloudlet 93 requested 1024 MB of Ram but no amount is available.. Using Virtual Memory, which delays Cloudlet processing.
[0;39m[34mINFO  273.98: DatacenterBrokerSimple2: Cloudlet 64 finished in Vm 4 and returned to broker.
[0;39m[34mINFO  273.98: DatacenterBrokerSimple2: Cloudlet 69 finished in Vm 4 and returned to broker.
[0;39m[34mINFO  273.98: DatacenterBrokerSimple2: Cloudlet 73 finished in Vm 4 and returned to broker.
[0;39m[34mINFO  273.98: DatacenterBrokerSimple2: Cloudlet 75 finished in Vm 4 and returned to broker.
[0;39m[34mINFO  273.98: DatacenterBrokerSimple2: Cloudlet 76 finished in Vm 4 and returned to broker.
[0;39m[34mINFO  273.98: DatacenterBrokerSimple2: Cloudlet 80 finished in Vm 4 and returned to broker.
[0;39m[34mINFO  273.98: DatacenterBrokerSimple2: Cloudlet 93 finished in Vm 4 and returned to broker.
[0;39m[34mINFO  273.98: DatacenterBrokerSimple2: Cloudlet 77 finished in Vm 5 and returned to broker.
[0;39m[34mINFO  274.52: Processing last events before simulation shutdown.
[0;39m[34mINFO  274.52: DatacenterBrokerSimple2 is shutting down...
[0;39m[34mINFO  274.52: DatacenterBrokerSimple2: Requesting Vm 7 destruction.
[0;39m[34mINFO  274.52: DatacenterBrokerSimple2: Requesting Vm 6 destruction.
[0;39m[34mINFO  274.52: DatacenterBrokerSimple2: Requesting Vm 5 destruction.
[0;39m[34mINFO  274.52: DatacenterBrokerSimple2: Requesting Vm 4 destruction.
[0;39m[34mINFO  274.52: DatacenterBrokerSimple2: Requesting Vm 3 destruction.
[0;39m[34mINFO  274.52: DatacenterBrokerSimple2: Requesting Vm 2 destruction.
[0;39m[34mINFO  274.52: DatacenterBrokerSimple2: Requesting Vm 1 destruction.
[0;39m[34mINFO  274.52: DatacenterBrokerSimple2: Requesting Vm 0 destruction.
[0;39m[34mINFO  274.52: DatacenterSimple: Vm 7 destroyed on Host 3/DC 1. 
[0;39m[34mINFO  274.52: DatacenterSimple: Vm 6 destroyed on Host 2/DC 1. 
[0;39m[34mINFO  274.52: DatacenterSimple: Vm 5 destroyed on Host 1/DC 1. 
[0;39m[34mINFO  274.52: DatacenterSimple: Vm 4 destroyed on Host 0/DC 1. 
[0;39m[34mINFO  274.52: DatacenterSimple: Vm 3 destroyed on Host 3/DC 1. 
[0;39m[34mINFO  274.52: DatacenterSimple: Vm 2 destroyed on Host 2/DC 1. 
[0;39m[34mINFO  274.52: DatacenterSimple: Vm 1 destroyed on Host 1/DC 1. 
[0;39m[34mINFO  274.52: DatacenterSimple: Vm 0 destroyed on Host 0/DC 1. 
[0;39m[34mINFO  Simulation: No more future events

[0;39m[34mINFO  CloudInformationService0: Notify all CloudSim Plus entities to shutdown.

[0;39m[34mINFO  
================== Simulation finished at time 274.52 ==================

[0;39m
==================== OUTPUT ====================
Cloudlet ID  STATUS     Data center ID  VM ID              Time     Start Time    Finish Time
16           SUCCESS    01              06         2.67           0.10           2.77
36           SUCCESS    01              06         2.67           0.10           2.77
51           SUCCESS    01              06         2.67           0.10           2.77
01           SUCCESS    01              07         2.89           0.10           2.99
18           SUCCESS    01              07         2.89           0.10           2.99
33           SUCCESS    01              07         2.89           0.10           2.99
34           SUCCESS    01              07         2.89           0.10           2.99
41           SUCCESS    01              07         2.89           0.10           2.99
68           SUCCESS    01              06         4.87           0.10           4.97
78           SUCCESS    01              06         4.87           0.10           4.97
14           SUCCESS    01              07         4.98           0.10           5.08
49           SUCCESS    01              07         4.98           0.10           5.08
71           SUCCESS    01              07         4.98           0.10           5.08
02           SUCCESS    01              02         5.32           0.10           5.42
04           SUCCESS    01              02         5.32           0.10           5.42
35           SUCCESS    01              02         5.32           0.10           5.42
37           SUCCESS    01              02         5.32           0.10           5.42
42           SUCCESS    01              02         5.32           0.10           5.42
11           SUCCESS    01              05         5.97           0.10           6.07
56           SUCCESS    01              05         5.97           0.10           6.07
06           SUCCESS    01              04         6.36           0.10           6.46
29           SUCCESS    01              04         6.36           0.10           6.46
43           SUCCESS    01              04         6.36           0.10           6.46
03           SUCCESS    01              03         6.36           0.10           6.46
05           SUCCESS    01              03         6.36           0.10           6.46
07           SUCCESS    01              03         6.36           0.10           6.46
81           SUCCESS    01              06         7.50           0.10           7.60
86           SUCCESS    01              07         7.50           0.10           7.60
89           SUCCESS    01              07         7.50           0.10           7.60
54           SUCCESS    01              02         8.00           0.10           8.10
97           SUCCESS    01              02         8.00           0.10           8.10
08           SUCCESS    01              06         8.52           0.10           8.62
82           SUCCESS    01              06         9.16           0.10           9.26
19           SUCCESS    01              07         9.27           0.10           9.37
22           SUCCESS    01              07         9.27           0.10           9.37
27           SUCCESS    01              07         9.27           0.10           9.37
46           SUCCESS    01              07         9.27           0.10           9.37
12           SUCCESS    01              06        10.09           0.10          10.19
23           SUCCESS    01              06        10.09           0.10          10.19
25           SUCCESS    01              06        10.09           0.10          10.19
50           SUCCESS    01              06        10.09           0.10          10.19
59           SUCCESS    01              06        10.09           0.10          10.19
13           SUCCESS    01              00        11.05           0.10          11.15
32           SUCCESS    01              00        11.05           0.10          11.15
57           SUCCESS    01              05        11.16           0.10          11.26
10           SUCCESS    01              03        11.16           0.10          11.26
26           SUCCESS    01              03        11.16           0.10          11.26
38           SUCCESS    01              03        11.16           0.10          11.26
40           SUCCESS    01              03        11.16           0.10          11.26
61           SUCCESS    01              03        11.16           0.10          11.26
72           SUCCESS    01              03        11.16           0.10          11.26
63           SUCCESS    01              06        12.24           0.10          12.34
74           SUCCESS    01              07        12.24           0.10          12.34
15           SUCCESS    01              01        12.61           0.10          12.71
39           SUCCESS    01              01        12.61           0.10          12.71
55           SUCCESS    01              01        12.61           0.10          12.71
99           SUCCESS    01              03        13.32           0.10          13.42
09           SUCCESS    01              02        14.25           0.10          14.35
60           SUCCESS    01              07        14.25           0.10          14.35
84           SUCCESS    01              06        14.36           0.10          14.46
30           SUCCESS    01              07        15.47           0.10          15.57
98           SUCCESS    01              06        15.58           0.10          15.68
67           SUCCESS    01              00        20.83           0.10          20.93
83           SUCCESS    01              01        20.83           0.10          20.93
87           SUCCESS    01              01        20.83           0.10          20.93
94           SUCCESS    01              01        20.83           0.10          20.93
47           SUCCESS    01              02        20.83           0.10          20.93
79           SUCCESS    01              06        20.83           0.10          20.93
52           SUCCESS    01              03        20.83           0.10          20.93
70           SUCCESS    01              07        20.83           0.10          20.93
91           SUCCESS    01              00        24.10           0.10          24.20
31           SUCCESS    01              01        24.10           0.10          24.20
95           SUCCESS    01              01        24.10           0.10          24.20
85           SUCCESS    01              03        24.10           0.10          24.20
66           SUCCESS    01              00        24.58           0.10          24.68
20           SUCCESS    01              05        25.14           0.10          25.24
45           SUCCESS    01              05        25.14           0.10          25.24
92           SUCCESS    01              00        26.23           0.10          26.33
24           SUCCESS    01              04        26.69           0.10          26.79
28           SUCCESS    01              04        26.69           0.10          26.79
88           SUCCESS    01              02        26.80           0.10          26.90
21           SUCCESS    01              00        28.17           0.10          28.27
44           SUCCESS    01              04        32.49           0.10          32.59
58           SUCCESS    01              05        32.49           0.10          32.59
90           SUCCESS    01              05        32.49           0.10          32.59
00           SUCCESS    01              05        32.86           0.10          32.96
48           SUCCESS    01              04        40.93           0.10          41.03
62           SUCCESS    01              05        40.93           0.10          41.03
96           SUCCESS    01              05        40.93           0.10          41.03
53           SUCCESS    01              05        41.04           0.10          41.14
17           SUCCESS    01              04        46.20           0.10          46.30
65           SUCCESS    01              04        48.44           0.10          48.54
64           SUCCESS    01              04       273.88           0.10         273.98
69           SUCCESS    01              04       273.88           0.10         273.98
73           SUCCESS    01              04       273.88           0.10         273.98
75           SUCCESS    01              04       273.88           0.10         273.98
76           SUCCESS    01              04       273.88           0.10         273.98
80           SUCCESS    01              04       273.88           0.10         273.98
93           SUCCESS    01              04       273.88           0.10         273.98
77           SUCCESS    01              05       273.88           0.10         273.98

=================================================
 CLOUDSIM PLUS SIMULATION RESULTS
=================================================
Finished Cloudlets     : 100
Makespan               : 273.9825 s
Execution Time         : 3569.6213 s
Energy Consumption     : 131769.6000 J
Average CPU Utilization: 44.52%
Throughput             : 0.3650 task/s
=================================================

Results saved to the results/ directory.
[[1;34mINFO[m] [1m------------------------------------------------------------------------[m
[[1;34mINFO[m] [1;32mBUILD SUCCESS[m
[[1;34mINFO[m] [1m------------------------------------------------------------------------[m
[[1;34mINFO[m] Total time:  0.984 s
[[1;34mINFO[m] Finished at: 2026-09-30T15:48:40+07:00
[[1;34mINFO[m] [1m------------------------------------------------------------------------[m
